Date,TAVG,TMAX,TMIN,PRCP,SNOW,SNWD
1973-01-01,25,36,14,0.00,,
1973-01-02,25,,14,0.00,,
1973-01-03,23,,,,,
1973-01-04,26,,23,,,
1973-01-05,31,,28,0.00,,
1973-01-06,31,32,30,0.00,,
1973-01-07,33,34,30,0.00,,
1973-01-08,32,,30,0.00,,
1973-01-09,32,34,,0.00,,
1973-01-10,32,34,27,0.04,,
1973-01-11,30,,28,0.01,,1.6
1973-01-12,25,,18,,,1.6
1973-01-13,30,32,28,0.08,,29.5
1973-01-14,28,30,,,,
1973-01-15,27,28,,0.00,,1.6
1973-01-16,17,21,14,0.00,,1.6
1973-01-17,14,21,9,0.00,,1.6
1973-01-18,22,27,9,0.00,,1.6
1973-01-19,25,27,,,,
1973-01-20,30,34,25,0.31,,5.1
1973-01-21,22,,,0.01,,5.1
1973-01-22,18,19,16,0.04,,5.1
1973-01-23,18,19,18,0.00,,5.1
1973-01-24,20,25,16,0.01,,5.1
1973-01-25,13,19,5,0.00,,5.1
1973-01-26,17,27,10,0.00,,3.1
1973-01-27,17,23,7,0.00,,3.1
1973-01-28,27,28,19,0.00,,3.1
1973-01-29,31,34,27,0.08,,5.1
1973-01-30,28,32,,,,5.1
1973-01-31,16,23,,,,
1973-02-01,14,25,7,0.00,,5.1
1973-02-02,19,25,9,0.00,,5.1
1973-02-03,32,36,21,,,3.1
1973-02-04,34,37,,0.00,,3.1
1973-02-05,34,36,27,0.00,,1.6
1973-02-06,35,37,34,0.00,,0.4
1973-02-07,39,43,,0.12,,
1973-02-08,38,43,36,0.00,,
1973-02-09,39,41,36,0.10,,
1973-02-10,37,39,,0.08,,
1973-02-11,32,37,28,0.00,,
1973-02-12,30,32,,0.00,,
1973-02-13,32,,28,,,
1973-02-14,34,37,30,0.04,,1.6
1973-02-15,35,37,34,0.00,,1.6
1973-02-16,39,41,36,0.01,,0.4
1973-02-17,35,,,0.24,,
1973-02-18,34,36,32,0.20,,0.4
1973-02-19,32,34,,,,29.5
1973-02-20,31,32,30,0.01,,
1973-02-21,37,43,30,0.20,,0.4
1973-02-22,37,,,,,
1973-02-23,33,36,32,0.20,,1.6
1973-02-25,29,30,23,0.24,,1.6
1973-02-26,27,30,27,0.10,,3.1
1973-02-27,29,30,27,0.02,,3.1
1973-02-28,26,32,,0.00,,
1973-03-01,31,36,18,0.13,,3.1
1973-03-02,32,34,,0.00,,1.6
1973-03-03,27,34,21,0.00,,1.6
1973-03-04,26,32,,0.00,,3.1
1973-03-05,24,39,10,0.00,,1.6
1973-03-06,29,37,18,0.00,,1.6
1973-03-07,34,39,,,,3.1
1973-03-08,31,36,25,0.08,,0.4
1973-03-09,31,34,,0.06,,
1973-03-10,26,34,16,0.00,,1.6
1973-03-11,27,36,19,0.00,,1.6
1973-03-12,28,37,19,0.00,,1.6
1973-03-13,28,41,16,0.00,,
1973-03-14,31,43,18,0.00,,
1973-03-15,31,39,,,,
1973-03-16,31,45,18,0.00,,
1973-03-17,33,36,30,0.13,,
1973-03-18,37,43,,,,
1973-03-19,32,37,28,0.00,,
1973-03-20,34,45,27,0.00,,
1973-03-21,39,45,,0.04,,
1973-03-22,39,50,27,0.00,,
1973-03-23,47,55,39,0.00,,
1973-03-24,47,61,,0.00,,
1973-03-25,46,64,,0.20,,
1973-03-26,47,63,34,0.00,,
1973-03-27,50,66,32,0.00,,
1973-03-28,49,,37,0.04,,
1973-03-29,45,57,36,0.00,,
1973-03-30,49,63,30,0.00,,
1973-03-31,48,61,36,0.01,,
1973-04-01,40,50,30,0.00,,
1973-04-02,41,46,36,0.12,,
1973-04-03,46,,39,0.02,,
1973-04-04,41,48,36,0.00,,
1973-04-05,38,50,19,0.00,,
1973-04-06,46,52,41,0.04,,
1973-04-07,40,46,,0.12,,
1973-04-08,38,48,30,0.02,,
1973-04-09,40,50,28,0.04,,
1973-04-10,49,63,37,0.31,,
1973-04-11,43,,37,0.00,,
1973-04-12,37,43,,,,
1973-04-13,36,46,28,0.00,,
1973-04-14,39,50,28,0.00,,
1973-04-15,40,54,25,0.00,,
1973-04-16,42,55,25,0.00,,
1973-04-17,44,50,36,0.00,,
1973-04-18,37,45,,0.01,,
1973-04-19,38,50,27,,,
1973-04-20,46,59,32,0.01,,
1973-04-21,51,,41,0.00,,
1973-04-22,49,61,37,0.00,,
1973-04-23,42,45,41,0.00,,
1973-04-24,43,50,,,,
1973-04-25,43,52,32,0.00,,
1973-04-26,43,50,32,0.00,,
1973-04-27,42,54,,0.00,,
1973-04-28,49,64,30,0.00,,
1973-04-29,56,66,41,0.00,,
1973-04-30,56,,,0.00,,
1973-05-01,54,68,37,0.00,,
1973-05-02,63,77,52,0.00,,
1973-05-03,51,54,48,0.24,,
1973-05-04,53,64,,0.08,,
1973-05-05,56,73,37,0.00,,
1973-05-06,61,77,,0.08,,
1973-05-07,53,57,48,0.02,,
1973-05-08,55,61,50,0.08,,
1973-05-09,50,57,,0.00,,
1973-05-10,50,59,,0.00,,
1973-05-11,48,59,37,0.16,,
1973-05-12,46,54,,0.35,,
1973-05-13,45,50,36,0.01,,
1973-05-14,56,66,46,0.00,,
1973-05-15,46,54,,0.39,,
1973-05-16,43,52,36,0.12,,
1973-05-17,42,52,34,0.01,,
1973-05-18,42,52,32,0.00,,
1973-05-19,47,61,28,0.00,,
1973-05-20,53,68,37,0.00,,
1973-05-21,61,,45,,,
1973-05-22,64,,,,,
1973-05-23,61,68,54,0.35,,
1973-05-24,57,63,,,,
1973-05-25,54,59,52,0.02,,
1973-05-26,56,63,50,0.00,,
1973-05-27,56,64,50,0.08,,
1973-05-28,60,70,46,0.00,,
1973-05-29,62,72,43,0.00,,
1973-05-30,62,73,48,0.00,,
1973-05-31,60,73,45,0.00,,
1973-06-01,63,73,46,0.00,,
1973-06-02,64,73,54,0.00,,
1973-06-03,66,75,55,0.00,,
1973-06-04,58,,,0.16,,
1973-06-05,57,63,54,0.01,,
1973-06-06,60,68,55,0.04,,
1973-06-07,63,73,50,0.00,,
1973-06-08,63,75,54,0.01,,
1973-06-09,64,72,,0.00,,
1973-06-10,62,73,50,0.00,,
1973-06-11,57,63,,0.04,,
1973-06-12,56,68,39,0.00,,
1973-06-13,63,75,48,0.00,,
1973-06-14,56,70,,0.00,,
1973-06-15,49,59,45,0.06,,
1973-06-16,50,61,43,0.01,,
1973-06-17,49,54,45,0.51,,
1973-06-18,53,59,48,0.08,,
1973-06-19,55,66,46,0.16,,
1973-06-20,55,63,48,0.08,,
1973-06-21,54,63,,0.04,,
1973-06-22,56,64,45,0.08,,
1973-06-23,64,77,48,0.00,,
1973-06-24,65,77,50,0.00,,
1973-06-25,67,77,52,0.00,,
1973-06-26,69,81,55,0.00,,
1973-06-27,70,82,52,0.00,,
1973-06-28,71,84,54,0.00,,
1973-06-29,71,84,61,0.16,,
1973-06-30,66,73,,0.20,,
1973-07-01,65,77,,,,
1973-07-02,69,,54,,,
1973-07-03,68,81,55,0.31,,
1973-07-04,65,75,57,0.03,,
1973-07-05,66,75,61,0.39,,
1973-07-06,67,77,59,0.08,,
1973-07-07,73,84,57,0.00,,
1973-07-08,71,81,59,0.00,,
1973-07-09,65,75,61,0.94,,
1973-07-10,60,,57,1.10,,
1973-07-11,61,70,,0.00,,
1973-07-12,63,,50,,,
1973-07-13,64,73,52,0.00,,
1973-07-14,66,75,54,0.00,,
1973-07-15,67,,54,0.00,,
1973-07-16,69,77,63,0.24,,
1973-07-17,68,79,59,0.00,,
1973-07-18,65,73,59,0.51,,
1973-07-19,59,63,54,0.00,,
1973-07-20,60,70,,,,
1973-07-21,63,73,55,0.02,,
1973-07-22,64,73,54,0.00,,
1973-07-23,58,70,50,0.24,,
1973-07-24,58,66,50,0.00,,
1973-07-25,55,,,,,
1973-07-26,56,66,45,0.04,,
1973-07-27,58,,55,,,
1973-07-28,63,73,,0.79,,
1973-07-29,62,70,55,0.94,,
1973-07-30,62,72,54,0.12,,
1973-07-31,64,75,48,0.00,,
1973-08-01,63,75,52,0.00,,
1973-08-02,68,79,52,0.00,,
1973-08-03,69,79,57,0.08,,
1973-08-04,66,81,55,0.67,,
1973-08-05,68,79,57,0.00,,
1973-08-06,72,81,61,0.00,,
1973-08-07,75,84,,,,
1973-08-08,62,70,,0.01,,
1973-08-09,56,64,50,0.04,,
1973-08-10,56,68,41,0.00,,
1973-08-11,62,77,45,0.00,,
1973-08-12,62,72,,,,
1973-08-13,60,68,50,0.00,,
1973-08-14,59,,46,,,
1973-08-15,63,73,54,0.00,,
1973-08-16,65,79,50,0.00,,
1973-08-17,67,,57,,,
1973-08-18,67,81,,,,
1973-08-19,65,73,,0.00,,
1973-08-20,61,72,,,,
1973-08-21,59,68,,0.08,,
1973-08-22,53,63,43,0.04,,
1973-08-23,53,66,36,0.00,,
1973-08-24,57,70,45,0.00,,
1973-08-25,54,63,46,0.00,,
1973-08-26,50,63,37,0.00,,
1973-08-27,54,68,41,0.00,,
1973-08-28,55,72,39,0.00,,
1973-08-29,59,,41,,,
1973-08-30,59,75,43,0.00,,
1973-08-31,61,77,45,0.00,,
1973-09-01,56,64,52,0.25,,
1973-09-02,59,68,52,0.09,,
1973-09-03,57,64,50,0.00,,
1973-09-04,55,68,,0.00,,
1973-09-05,57,72,,0.00,,
1973-09-06,65,79,55,0.00,,
1973-09-07,63,75,46,0.00,,
1973-09-08,62,70,,0.00,,
1973-09-09,62,73,50,0.00,,
1973-09-10,55,63,,0.01,,
1973-09-11,44,57,37,0.04,,
1973-09-12,44,48,36,0.16,,
1973-09-13,46,54,37,0.06,,
1973-09-14,47,57,37,0.00,,
1973-09-15,45,57,32,0.00,,
1973-09-16,54,64,46,0.00,,
1973-09-17,46,55,,0.00,,
1973-09-18,41,55,27,0.00,,
1973-09-19,47,61,32,0.00,,
1973-09-20,55,70,41,0.00,,
1973-09-21,59,72,52,0.00,,
1973-09-22,57,64,50,0.00,,
1973-09-23,51,63,37,0.00,,
1973-09-24,43,,41,0.00,,
1973-09-25,42,45,39,0.35,,
1973-09-26,51,59,43,0.00,,
1973-09-27,49,52,45,0.20,,
1973-09-28,48,52,45,0.13,,
1973-09-29,51,57,45,0.00,,
1973-09-30,52,59,,0.00,,
1973-10-01,47,57,41,0.00,,
1973-10-02,50,61,36,0.00,,
1973-10-03,53,61,,0.00,,
1973-10-04,49,63,,0.00,,
1973-10-05,51,68,36,0.00,,
1973-10-06,52,70,37,0.00,,
1973-10-07,54,72,,,,
1973-10-08,53,68,39,0.00,,
1973-10-09,52,55,48,0.00,,
1973-10-10,50,55,45,0.00,,
1973-10-11,43,,,0.24,,
1973-10-12,34,37,32,0.03,,
1973-10-13,31,43,27,0.08,,
1973-10-14,31,36,23,0.00,,
1973-10-15,45,,34,,,
1973-10-16,49,54,,0.03,,
1973-10-17,48,,,,,
1973-10-18,37,46,32,0.04,,
1973-10-19,38,45,34,0.04,,
1973-10-20,36,39,,0.51,,
1973-10-21,36,43,,0.08,,
1973-10-22,35,,,,,
1973-10-23,31,39,27,0.01,,
1973-10-24,27,32,21,0.00,,
1973-10-25,39,,27,0.00,,
1973-10-26,43,52,37,0.01,,
1973-10-27,38,41,,0.00,,
1973-10-28,33,36,28,0.00,,
1973-10-29,35,,32,0.00,,
1973-10-30,41,46,36,0.17,,
1973-10-31,33,34,32,0.00,,
1973-11-01,30,36,23,0.00,,
1973-11-02,32,37,25,0.00,,
1973-11-03,30,41,19,0.00,,
1973-11-04,32,41,23,0.00,,
1973-11-05,34,43,25,0.00,,
1973-11-06,39,45,34,0.12,,
1973-11-07,38,43,,0.10,,
1973-11-08,39,43,34,0.00,,
1973-11-09,45,50,39,0.16,,
1973-11-10,44,,,0.51,,
1973-11-11,43,46,39,0.28,,
1973-11-12,40,,,0.00,,
1973-11-13,38,43,34,0.43,,
1973-11-14,35,,,0.12,,
1973-11-15,28,36,25,0.00,,
1973-11-16,31,34,25,0.09,,
1973-11-17,35,36,34,0.02,,
1973-11-18,33,37,,0.04,,
1973-11-19,33,36,30,0.04,,
1973-11-20,35,,,,,
1973-11-21,31,34,,0.05,,
1973-11-22,33,34,28,0.01,,
1973-11-23,39,43,34,0.00,,
1973-11-24,38,,,0.24,,
1973-11-25,35,,,,,
1973-11-26,27,30,,0.12,,
1973-11-27,20,23,,0.00,,
1973-11-28,20,23,,,,
1973-11-29,18,23,,0.00,,
1973-11-30,10,18,5,0.00,,
1973-12-01,14,18,7,0.00,,
1973-12-02,10,16,,,,
1973-12-03,21,,,,,
1973-12-04,30,36,25,0.20,,
1973-12-05,30,34,,0.04,,
1973-12-06,28,,21,0.12,,
1973-12-07,32,34,,0.20,,
1973-12-08,16,21,,0.02,,
1973-12-09,11,,,0.12,,
1973-12-10,11,21,-4,0.00,,
1973-12-11,20,23,18,0.00,,
1973-12-12,30,36,19,0.02,,
1973-12-13,31,,,0.00,,
1973-12-14,31,32,,0.12,,
1973-12-15,30,,28,0.06,,
1973-12-16,26,,,0.00,,
1973-12-17,31,34,25,0.10,,
1973-12-18,33,34,32,0.05,,
1973-12-19,25,32,,0.00,,
1973-12-20,24,32,7,0.00,,
1973-12-21,26,39,14,0.00,,
1973-12-22,38,41,,0.00,,
1973-12-23,35,37,,0.12,,
1973-12-24,33,36,25,0.00,,
1973-12-25,35,37,28,0.00,,
1973-12-26,34,36,,0.01,,
1973-12-27,33,36,,,,
1973-12-28,35,36,34,0.04,,
1973-12-29,38,,,,,
1973-12-30,35,36,,,,
1973-12-31,33,34,30,0.00,,
1974-01-01,32,36,,,,
1974-01-02,27,30,,0.00,,
1974-01-03,23,28,19,0.00,,
1974-01-04,31,34,23,0.00,,
1974-01-05,29,32,,0.00,,
1974-01-06,20,25,14,0.00,,
1974-01-07,18,25,16,0.00,,
1974-01-08,23,27,16,0.00,,
1974-01-09,23,27,,,,
1974-01-10,11,16,9,0.00,,
1974-01-11,11,18,7,0.00,,
1974-01-12,19,,12,,,
1974-01-13,20,25,,0.00,,
1974-01-14,20,,14,,,
1974-01-15,18,21,16,0.00,,
1974-01-16,30,39,,,,
1974-01-17,30,36,27,0.08,,
1974-01-18,33,34,,,,
1974-01-19,34,39,,,,
1974-01-20,33,36,,,,
1974-01-21,29,32,,,,
1974-01-22,32,34,,,,
1974-01-23,30,,,0.00,,
1974-01-24,30,,28,0.00,,
1974-01-25,36,39,14,0.03,,
1974-01-26,36,37,34,0.00,,
1974-01-27,34,,,0.08,,
1974-01-28,32,34,28,0.00,,
1974-01-29,33,34,,0.00,,
1974-01-30,33,34,32,0.00,,
1974-01-31,35,,32,0.00,,
1974-02-01,31,36,28,0.00,,
1974-02-02,29,34,27,0.00,,
1974-02-03,32,37,25,0.00,,
1974-02-04,33,36,28,0.02,,
1974-02-05,32,45,,,,
1974-02-06,34,37,,,,
1974-02-07,36,,,0.17,,
1974-02-08,32,34,,,,
1974-02-09,32,,,,,
1974-02-10,39,41,34,0.35,,
1974-02-11,37,46,30,0.00,,
1974-02-12,40,48,34,0.00,,
1974-02-13,37,,32,,,
1974-02-14,36,41,34,0.00,,
1974-02-15,35,39,32,0.00,,
1974-02-16,36,37,34,0.04,,
1974-02-17,37,41,,0.00,,
1974-02-18,38,50,28,0.00,,
1974-02-19,37,37,36,0.17,,
1974-02-20,31,34,,0.24,,
1974-02-21,27,34,,,,
1974-02-22,32,,,,,
1974-02-23,31,32,30,0.01,,
1974-02-24,31,,,,,
1974-02-25,27,28,,,,
1974-02-26,22,34,10,0.00,,
1974-02-27,25,,,,,
1974-02-28,26,37,14,0.00,,
1974-03-01,27,39,19,0.00,,
1974-03-02,30,39,23,0.00,,
1974-03-03,32,41,,,,
1974-03-04,34,43,,,,
1974-03-05,33,41,,,,
1974-03-06,32,41,,,,
1974-03-07,31,37,,,,
1974-03-08,31,37,,,,
1974-03-09,33,41,25,0.00,,
1974-03-10,34,39,,,,
1974-03-11,36,48,,0.00,,
1974-03-12,37,46,,,,
1974-03-13,36,46,,,,
1974-03-14,36,48,,,,
1974-03-15,33,43,27,0.04,,
1974-03-16,38,48,,,,
1974-03-17,40,45,36,0.02,,
1974-03-18,42,52,36,0.16,,
1974-03-19,47,52,39,0.08,,
1974-03-20,43,55,27,0.00,,
1974-03-21,54,68,41,0.00,,
1974-03-22,43,52,,0.00,,
1974-03-23,35,41,,,,
1974-03-24,35,45,27,0.00,,
1974-03-25,32,43,23,0.00,,
1974-03-26,36,52,,,,
1974-03-27,36,48,27,0.00,,
1974-03-28,38,52,23,0.00,,
1974-03-29,39,54,25,0.00,,
1974-03-30,45,59,34,0.00,,
1974-03-31,44,59,28,0.00,,
1974-04-01,45,57,32,0.00,,
1974-04-02,42,54,34,0.00,,
1974-04-03,41,55,27,0.00,,
1974-04-04,45,55,27,0.00,,
1974-04-05,49,61,39,0.00,,
1974-04-06,44,54,32,0.00,,
1974-04-07,44,57,,0.00,,
1974-04-08,44,54,27,0.04,,
1974-04-09,45,59,34,0.04,,
1974-04-10,43,57,28,0.00,,
1974-04-11,53,72,34,0.00,,
1974-04-12,37,41,,0.00,,
1974-04-13,33,45,27,0.00,,
1974-04-14,34,45,19,0.00,,
1974-04-15,36,48,21,0.00,,
1974-04-16,37,48,25,0.00,,
1974-04-17,41,50,27,0.00,,
1974-04-18,41,52,25,0.00,,
1974-04-19,40,48,,,,
1974-04-20,40,,37,,,
1974-04-21,40,,32,,,
1974-04-22,40,45,,0.02,,
1974-04-23,40,52,30,0.00,,
1974-04-24,36,45,27,0.00,,
1974-04-25,39,50,25,0.02,,
1974-04-26,44,,32,0.00,,
1974-04-27,44,48,41,0.00,,
1974-04-28,46,57,37,0.00,,
1974-04-29,50,63,34,0.00,,
1974-04-30,54,66,46,0.00,,
1974-05-01,58,,46,,,
1974-05-02,52,55,48,0.01,,
1974-05-03,56,64,,,,
1974-05-04,56,70,37,0.00,,
1974-05-05,55,72,45,0.01,,
1974-05-06,51,55,,0.16,,
1974-05-07,44,48,,0.04,,
1974-05-08,40,43,37,0.28,,
1974-05-09,40,43,37,0.05,,
1974-05-10,42,45,39,0.09,,
1974-05-11,46,52,43,0.04,,
1974-05-12,48,59,36,0.00,,
1974-05-13,51,61,37,0.00,,
1974-05-14,48,61,34,0.00,,
1974-05-15,50,63,32,0.00,,
1974-05-16,52,63,37,0.00,,
1974-05-17,52,63,45,0.00,,
1974-05-18,56,72,37,0.00,,
1974-05-19,58,70,45,0.00,,
1974-05-20,50,59,39,0.00,,
1974-05-21,50,63,28,0.00,,
1974-05-22,51,59,45,0.04,,
1974-05-23,52,57,46,0.12,,
1974-05-24,53,61,45,0.00,,
1974-05-25,47,55,41,0.00,,
1974-05-26,47,57,36,0.04,,
1974-05-27,53,61,,,,
1974-05-28,55,64,46,0.04,,
1974-05-29,59,72,46,0.04,,
1974-05-30,52,61,,0.00,,
1974-05-31,52,,37,,,
1974-06-01,58,66,50,0.08,,
1974-06-02,56,66,,0.00,,
1974-06-03,57,,37,,,
1974-06-04,54,59,,0.02,,
1974-06-05,52,61,,0.01,,
1974-06-06,55,68,,,,
1974-06-07,54,63,52,0.63,,
1974-06-08,51,59,45,0.08,,
1974-06-09,54,63,41,0.00,,
1974-06-10,53,59,46,0.16,,
1974-06-11,49,52,46,0.71,,
1974-06-12,59,72,48,0.87,,
1974-06-13,63,70,,,,
1974-06-14,57,61,,0.12,,
1974-06-15,58,68,50,0.00,,
1974-06-16,58,68,48,0.47,,
1974-06-17,57,64,,0.00,,
1974-06-18,59,68,46,0.02,,
1974-06-19,61,73,48,0.00,,
1974-06-20,55,,,0.55,,
1974-06-21,53,63,48,0.55,,
1974-06-22,61,72,48,0.00,,
1974-06-23,62,73,50,0.00,,
1974-06-24,58,64,,0.43,,
1974-06-25,58,,50,,,
1974-06-26,65,77,52,0.00,,
1974-06-27,66,73,59,0.00,,
1974-06-28,62,70,,0.35,,
1974-06-29,57,64,,0.00,,
1974-06-30,57,68,43,0.00,,
1974-07-01,58,70,45,0.00,,
1974-07-02,56,,55,,,
1974-07-03,59,66,52,0.00,,
1974-07-04,58,,52,0.47,,
1974-07-05,54,61,46,0.09,,
1974-07-06,58,66,46,0.02,,
1974-07-07,56,61,,0.08,,
1974-07-08,57,63,52,0.16,,
1974-07-09,59,68,54,0.21,,
1974-07-10,56,64,,0.10,,
1974-07-11,57,64,54,0.24,,
1974-07-12,58,66,,0.08,,
1974-07-13,59,68,46,0.08,,
1974-07-14,66,77,55,0.08,,
1974-07-15,62,70,,0.17,,
1974-07-16,63,73,52,,,
1974-07-17,66,77,54,0.00,,
1974-07-18,66,73,61,1.22,,
1974-07-19,61,64,,1.11,,
1974-07-20,57,,52,,,
1974-07-21,59,63,55,0.13,,
1974-07-22,62,70,55,0.01,,
1974-07-23,65,73,55,0.00,,
1974-07-24,65,73,55,0.00,,
1974-07-25,60,64,,0.08,,
1974-07-26,55,61,50,0.02,,
1974-07-27,56,66,36,0.09,,
1974-07-28,61,68,52,0.02,,
1974-07-29,62,72,52,0.01,,
1974-07-30,55,63,50,0.08,,
1974-07-31,59,66,52,0.01,,
1974-08-01,62,70,55,0.20,,
1974-08-02,66,75,59,0.00,,
1974-08-03,60,70,50,0.00,,
1974-08-04,61,73,45,0.00,,
1974-08-05,67,75,61,0.43,,
1974-08-06,60,66,,0.08,,
1974-08-07,58,68,46,0.00,,
1974-08-08,59,70,50,0.00,,
1974-08-09,59,68,45,0.00,,
1974-08-10,57,63,,0.35,,
1974-08-11,60,72,52,0.02,,
1974-08-12,60,68,55,0.20,,
1974-08-13,61,66,55,0.67,,
1974-08-14,61,70,55,0.00,,
1974-08-15,66,77,57,0.00,,
1974-08-16,72,84,63,0.00,,
1974-08-17,76,88,61,0.00,,
1974-08-18,67,,,0.01,,
1974-08-19,60,68,52,0.00,,
1974-08-20,59,70,,0.00,,
1974-08-21,57,68,46,0.00,,
1974-08-22,58,72,46,0.00,,
1974-08-23,62,70,52,0.00,,
1974-08-24,63,70,,0.00,,
1974-08-25,60,72,,0.00,,
1974-08-26,60,73,46,0.00,,
1974-08-27,61,,50,0.00,,
1974-08-28,62,73,50,0.00,,
1974-08-29,65,79,,,,
1974-08-30,63,77,50,0.00,,
1974-08-31,62,77,48,0.00,,
1974-09-01,64,77,,,,
1974-09-02,63,75,54,0.00,,
1974-09-03,64,77,54,0.00,,
1974-09-04,62,72,57,0.39,,
1974-09-05,59,,54,0.08,,
1974-09-06,62,73,54,0.00,,
1974-09-07,61,68,55,0.00,,
1974-09-08,58,64,55,0.20,,
1974-09-09,59,68,52,0.00,,
1974-09-10,59,70,52,0.12,,
1974-09-11,54,64,,0.12,,
1974-09-12,53,,41,,,
1974-09-13,56,68,43,0.00,,
1974-09-14,59,64,,0.05,,
1974-09-15,51,61,,0.00,,
1974-09-16,47,61,36,0.00,,
1974-09-17,49,63,37,0.00,,
1974-09-18,55,70,41,0.00,,
1974-09-19,54,63,,,,
1974-09-20,48,63,36,0.00,,
1974-09-21,51,,,,,
1974-09-22,52,59,37,0.08,,
1974-09-23,52,61,46,0.01,,
1974-09-24,52,61,48,0.01,,
1974-09-25,52,55,50,0.51,,
1974-09-26,49,52,,0.16,,
1974-09-27,44,57,37,0.00,,
1974-09-28,49,61,36,0.00,,
1974-09-29,56,61,52,0.04,,
1974-09-30,48,,46,0.20,,
1974-10-01,53,55,48,0.20,,
1974-10-02,47,,,0.35,,
1974-10-03,42,48,36,0.83,,
1974-10-04,46,55,39,1.34,,
1974-10-05,43,54,37,0.00,,
1974-10-06,45,50,34,0.04,,
1974-10-07,45,52,,0.63,,
1974-10-08,46,50,39,0.17,,
1974-10-09,49,54,,0.25,,
1974-10-10,44,48,41,0.08,,
1974-10-11,45,46,41,0.18,,
1974-10-12,43,54,36,0.01,,
1974-10-13,46,48,,,,
1974-10-14,43,,41,0.00,,
1974-10-15,41,,,0.51,,
1974-10-16,42,45,41,0.51,,
1974-10-17,38,,,0.13,,
1974-10-18,40,43,36,0.00,,
1974-10-19,42,50,37,0.02,,
1974-10-20,43,48,37,0.00,,
1974-10-21,50,55,46,0.00,,
1974-10-22,46,,,0.55,,
1974-10-23,42,52,,0.12,,
1974-10-24,36,48,27,0.00,,
1974-10-25,42,45,37,0.05,,
1974-10-26,40,43,37,0.01,,
1974-10-27,38,41,37,0.09,,
1974-10-28,41,43,37,0.28,,
1974-10-29,38,43,34,0.10,,
1974-10-30,39,41,,0.04,,
1974-10-31,36,39,34,1.02,,
1974-11-01,37,41,,0.02,,
1974-11-02,34,36,32,0.40,,
1974-11-03,38,41,,,,
1974-11-04,37,39,36,0.00,,
1974-11-05,39,41,37,0.00,,
1974-11-06,38,41,,0.02,,
1974-11-07,37,41,32,0.01,,
1974-11-08,38,41,36,0.01,,
1974-11-09,37,41,34,0.00,,
1974-11-10,36,,,,,
1974-11-11,42,46,36,0.12,,
1974-11-12,40,46,36,0.00,,
1974-11-13,40,46,37,0.00,,
1974-11-14,36,43,28,0.00,,
1974-11-15,40,46,,0.00,,
1974-11-16,43,50,,0.12,,
1974-11-17,46,50,43,0.00,,
1974-11-18,41,45,36,0.00,,
1974-11-19,43,48,36,0.00,,
1974-11-20,39,,,0.12,,
1974-11-21,34,,30,0.00,,
1974-11-22,34,37,30,0.00,,
1974-11-23,32,36,,0.00,,
1974-11-24,31,34,27,0.00,,
1974-11-25,32,36,28,0.02,,
1974-11-26,33,34,,,,
1974-11-27,34,36,32,0.12,,
1974-11-28,34,36,,,,
1974-11-29,33,34,32,0.12,,
1974-11-30,34,36,32,0.03,,
1974-12-01,31,32,30,0.00,,
1974-12-02,33,34,30,0.02,,
1974-12-03,42,46,32,0.16,,
1974-12-04,38,41,,0.00,,
1974-12-05,36,39,34,0.28,,
1974-12-06,34,36,32,0.10,,
1974-12-07,33,34,32,0.20,,
1974-12-08,30,32,,0.00,,
1974-12-09,29,34,23,0.00,,
1974-12-10,34,36,30,0.32,,
1974-12-11,35,37,32,0.00,,
1974-12-12,33,34,,0.28,,
1974-12-13,29,30,25,0.01,,
1974-12-14,27,,25,,,
1974-12-15,24,28,21,0.00,,
1974-12-16,29,32,23,0.01,,
1974-12-17,32,,28,,,
1974-12-18,34,36,30,0.08,,
1974-12-19,34,36,32,0.17,,
1974-12-20,33,,32,0.03,,
1974-12-21,42,46,34,0.20,,
1974-12-22,42,,41,0.01,,
1974-12-23,37,41,34,0.01,,
1974-12-24,38,41,,0.00,,
1974-12-25,36,41,30,0.00,,
1974-12-26,38,,34,0.24,,
1974-12-27,41,,,,,
1974-12-28,38,43,30,0.12,,
1974-12-29,42,45,,0.31,,
1974-12-30,33,,,0.18,,
1974-12-31,27,28,,0.00,,
1975-01-01,30,36,25,0.06,,
1975-01-02,35,36,34,0.00,,
1975-01-03,38,39,34,0.00,,
1975-01-04,36,39,,0.09,,
1975-01-05,33,,30,0.13,,
1975-01-06,46,,34,0.12,,
1975-01-07,39,,,0.03,,
1975-01-08,29,32,,0.02,,
1975-01-09,22,27,18,0.00,,
1975-01-10,35,39,25,0.08,,
1975-01-11,36,39,34,0.04,,
1975-01-12,38,,,0.10,,
1975-01-13,42,45,37,0.02,,
1975-01-14,37,41,36,0.00,,
1975-01-15,36,43,32,0.00,,
1975-01-16,35,41,30,0.00,,
1975-01-17,33,,27,,,
1975-01-18,35,39,32,0.00,,
1975-01-19,33,41,27,0.00,,
1975-01-20,37,41,30,0.01,,
1975-01-21,32,34,28,0.00,,
1975-01-22,34,39,30,0.00,,
1975-01-23,33,36,30,0.04,,
1975-01-24,37,39,36,0.04,,
1975-01-25,38,39,36,0.00,,
1975-01-26,35,37,30,0.12,,
1975-01-27,34,36,,,,
1975-01-28,31,36,,0.01,,
1975-01-29,30,32,,,,
1975-01-30,30,34,28,,,
1975-01-31,29,32,25,0.00,,
1975-02-01,24,34,18,0.00,,
1975-02-02,30,32,27,0.05,,
1975-02-03,26,,,0.00,,
1975-02-04,26,28,21,0.00,,
1975-02-05,30,34,25,0.00,,
1975-02-06,32,36,,0.00,,
1975-02-07,32,37,,0.01,,
1975-02-08,24,27,21,0.00,,
1975-02-09,27,32,16,0.00,,
1975-02-10,31,34,,,,
1975-02-11,31,32,28,0.01,,
1975-02-12,31,34,,,,
1975-02-13,36,39,28,0.12,,
1975-02-14,36,41,,0.01,,
1975-02-15,21,25,14,0.08,,
1975-02-16,19,25,10,0.04,,
1975-02-17,23,30,19,0.00,,
1975-02-18,29,36,18,0.04,,
1975-02-19,34,36,34,0.00,,
1975-02-20,35,,,0.00,,
1975-02-21,30,41,19,0.00,,
1975-02-22,34,,25,0.00,,
1975-02-23,30,37,25,0.00,,
1975-02-24,34,39,30,0.00,,
1975-02-25,34,,30,0.00,,
1975-02-26,31,36,,,,
1975-02-27,35,41,32,0.00,,
1975-02-28,32,36,27,0.00,,
1975-03-01,33,43,28,0.00,,
1975-03-02,32,34,30,0.00,,
1975-03-03,36,46,27,0.00,,
1975-03-04,40,52,28,0.00,,
1975-03-05,38,48,32,0.00,,
1975-03-06,37,46,28,0.00,,
1975-03-07,42,48,37,0.09,,
1975-03-08,42,52,34,0.00,,
1975-03-09,42,54,27,0.00,,
1975-03-10,51,66,,,,
1975-03-11,48,61,37,0.00,,
1975-03-12,40,45,,0.00,,
1975-03-13,36,43,30,0.00,,
1975-03-14,36,46,27,0.00,,
1975-03-15,42,48,37,0.01,,
1975-03-16,42,50,36,0.00,,
1975-03-17,37,41,28,0.00,,
1975-03-18,43,50,39,0.00,,
1975-03-19,45,52,37,0.00,,
1975-03-20,39,,,,,
1975-03-21,31,39,25,0.00,,
1975-03-22,33,43,25,0.00,,
1975-03-23,38,46,32,0.00,,
1975-03-24,36,45,,0.00,,
1975-03-25,35,45,25,0.00,,
1975-03-26,33,37,28,0.08,,
1975-03-27,31,36,27,0.16,,
1975-03-28,36,41,,0.12,,
1975-03-29,38,,,0.04,,
1975-03-30,38,46,30,0.00,,
1975-03-31,37,39,36,0.02,,
1975-04-01,36,43,,0.08,,
1975-04-02,40,48,30,0.00,,
1975-04-03,42,52,34,0.00,,
1975-04-04,45,55,37,0.00,,
1975-04-05,51,61,,,,
1975-04-06,53,64,39,0.01,,
1975-04-07,49,61,,0.12,,
1975-04-08,43,,39,,,
1975-04-09,45,55,28,0.00,,
1975-04-10,46,52,36,0.08,,
1975-04-11,43,,,0.24,,
1975-04-12,38,43,,0.08,,
1975-04-13,35,41,30,0.10,,
1975-04-14,36,45,32,0.01,,
1975-04-15,37,46,28,0.00,,
1975-04-16,39,43,37,0.08,,
1975-04-17,41,45,36,0.00,,
1975-04-18,42,46,39,0.31,,
1975-04-19,39,43,36,0.12,,
1975-04-20,43,46,37,0.47,,
1975-04-21,45,48,45,0.24,,
1975-04-22,43,46,41,0.00,,
1975-04-23,46,50,43,0.00,,
1975-04-24,47,57,,0.08,,
1975-04-25,41,48,37,0.08,,
1975-04-26,41,48,,0.00,,
1975-04-27,42,54,,,,
1975-04-28,46,57,30,0.00,,
1975-04-29,47,61,30,0.00,,
1975-04-30,53,68,34,0.00,,
1975-05-01,54,61,43,0.00,,
1975-05-02,49,52,45,0.16,,
1975-05-03,49,52,46,0.24,,
1975-05-04,54,61,48,0.04,,
1975-05-05,56,66,48,0.00,,
1975-05-06,59,72,50,0.02,,
1975-05-07,59,73,45,0.06,,
1975-05-08,60,73,48,0.00,,
1975-05-09,60,,48,,,
1975-05-10,63,70,55,0.00,,
1975-05-11,58,68,48,0.02,,
1975-05-12,63,77,45,0.00,,
1975-05-13,61,68,57,0.12,,
1975-05-14,66,81,50,0.00,,
1975-05-15,68,81,59,0.00,,
1975-05-16,68,79,54,0.00,,
1975-05-17,67,79,54,0.02,,
1975-05-18,66,82,54,0.00,,
1975-05-19,67,79,55,0.02,,
1975-05-20,59,68,,,,
1975-05-21,56,66,46,0.00,,
1975-05-22,52,61,43,0.00,,
1975-05-23,47,57,36,0.00,,
1975-05-24,53,64,37,0.00,,
1975-05-25,56,63,48,0.00,,
1975-05-26,56,64,48,0.00,,
1975-05-27,53,61,,0.00,,
1975-05-28,51,63,34,0.00,,
1975-05-29,54,73,34,0.00,,
1975-05-30,55,64,45,0.00,,
1975-06-01,51,59,43,0.00,,
1975-06-02,49,59,37,0.00,,
1975-06-03,49,55,,0.04,,
1975-06-04,52,61,36,0.00,,
1975-06-05,53,61,46,0.00,,
1975-06-06,54,,43,,,
1975-06-07,59,66,50,0.00,,
1975-06-08,62,66,,0.00,,
1975-06-09,64,73,55,0.04,,
1975-06-10,65,73,57,0.08,,
1975-06-11,62,72,,0.00,,
1975-06-12,59,73,41,0.00,,
1975-06-13,67,77,50,0.24,,
1975-06-14,56,63,50,0.00,,
1975-06-15,60,72,43,0.00,,
1975-06-16,67,81,59,0.55,,
1975-06-17,62,72,,0.59,,
1975-06-18,58,64,54,0.00,,
1975-06-19,62,70,54,0.12,,
1975-06-20,71,81,61,0.00,,
1975-06-21,72,81,66,0.00,,
1975-06-22,73,84,64,0.08,,
1975-06-23,72,82,64,0.00,,
1975-06-24,66,73,63,1.02,,
1975-06-25,64,73,,0.00,,
1975-06-26,60,72,48,0.00,,
1975-06-27,65,,54,,,
1975-06-28,60,66,48,0.00,,
1975-06-29,52,54,50,0.47,,
1975-06-30,56,61,,,,
1975-07-01,61,70,55,0.00,,
1975-07-02,65,75,54,0.00,,
1975-07-03,67,79,52,0.00,,
1975-07-04,67,75,55,0.00,,
1975-07-05,68,77,57,0.00,,
1975-07-06,65,75,54,0.00,,
1975-07-07,65,77,48,0.00,,
1975-07-08,65,79,48,0.00,,
1975-07-09,68,81,52,0.00,,
1975-07-10,70,82,54,0.00,,
1975-07-11,70,82,59,0.16,,
1975-07-12,71,81,,0.00,,
1975-07-13,67,75,,,,
1975-07-14,67,77,55,0.04,,
1975-07-15,68,81,57,0.24,,
1975-07-16,66,75,57,0.08,,
1975-07-17,63,73,55,0.00,,
1975-07-18,63,,50,,,
1975-07-19,68,79,54,0.00,,
1975-07-20,65,72,59,0.01,,
1975-07-21,63,70,61,1.77,,
1975-07-22,67,79,59,0.00,,
1975-07-23,66,75,54,0.00,,
1975-07-24,72,81,63,0.00,,
1975-07-25,60,64,,0.16,,
1975-07-26,54,59,52,1.26,,
1975-07-27,55,59,54,1.61,,
1975-07-28,59,63,55,0.06,,
1975-07-29,58,61,57,0.71,,
1975-07-30,64,75,48,0.00,,
1975-07-31,65,75,54,0.01,,
1975-08-01,67,75,57,0.00,,
1975-08-02,63,70,57,0.00,,
1975-08-03,62,72,54,0.00,,
1975-08-04,64,73,55,0.00,,
1975-08-05,69,79,59,0.00,,
1975-08-06,71,79,57,0.00,,
1975-08-07,70,82,55,0.00,,
1975-08-08,72,,57,,,
1975-08-09,74,84,59,0.00,,
1975-08-10,70,81,57,0.00,,
1975-08-11,66,79,52,0.00,,
1975-08-12,59,,,,,
1975-08-13,54,63,46,0.02,,
1975-08-14,54,64,45,0.00,,
1975-08-15,58,72,43,0.00,,
1975-08-16,61,,54,,,
1975-08-17,67,81,57,0.00,,
1975-08-18,65,73,59,0.02,,
1975-08-19,63,68,61,0.01,,
1975-08-20,61,,46,0.00,,
1975-08-21,61,75,48,0.00,,
1975-08-22,63,75,50,0.00,,
1975-08-23,63,75,50,0.00,,
1975-08-24,63,73,54,0.00,,
1975-08-25,64,75,55,0.00,,
1975-08-26,66,77,,0.01,,
1975-08-27,60,66,,0.01,,
1975-08-28,59,72,43,0.00,,
1975-08-29,61,75,,,,
1975-08-30,59,77,46,0.00,,
1975-08-31,64,79,50,0.00,,
1975-09-01,57,72,45,0.00,,
1975-09-02,60,77,43,0.00,,
1975-09-03,63,79,46,0.00,,
1975-09-04,66,79,54,0.00,,
1975-09-05,61,70,55,0.39,,
1975-09-06,54,57,52,0.35,,
1975-09-07,56,,45,,,
1975-09-08,51,59,45,0.00,,
1975-09-09,51,64,37,0.00,,
1975-09-10,53,68,37,0.00,,
1975-09-11,58,,43,0.00,,
1975-09-12,63,73,48,0.00,,
1975-09-13,57,66,,,,
1975-09-14,54,64,41,0.01,,
1975-09-15,60,70,,0.00,,
1975-09-16,60,68,52,0.00,,
1975-09-17,57,73,39,0.00,,
1975-09-18,63,77,50,0.00,,
1975-09-19,65,81,52,0.00,,
1975-09-20,63,77,48,0.00,,
1975-09-21,59,72,50,0.00,,
1975-09-22,55,64,,0.00,,
1975-09-23,49,64,36,0.00,,
1975-09-24,59,72,48,0.00,,
1975-09-25,58,70,45,0.00,,
1975-09-26,64,73,54,0.00,,
1975-09-27,56,,50,0.28,,
1975-09-28,61,73,50,0.00,,
1975-09-29,54,64,41,0.00,,
1975-09-30,54,61,48,0.51,,
1975-10-01,59,,50,,,
1975-10-02,56,63,50,0.00,,
1975-10-03,52,57,46,0.01,,
1975-10-04,53,55,,0.43,,
1975-10-05,51,,50,,,
1975-10-06,53,57,50,0.02,,
1975-10-07,49,55,,0.24,,
1975-10-08,45,48,43,0.20,,
1975-10-09,42,48,,,,
1975-10-10,38,41,36,0.01,,
1975-10-11,35,41,,0.04,,
1975-10-12,32,45,21,0.00,,
1975-10-13,36,48,23,0.00,,
1975-10-14,42,46,39,0.00,,
1975-10-15,44,50,,,,
1975-10-16,44,50,41,0.01,,
1975-10-17,45,57,36,0.00,,
1975-10-18,47,50,45,0.04,,
1975-10-19,44,46,43,0.02,,
1975-10-20,44,46,43,0.17,,
1975-10-21,47,50,,0.00,,
1975-10-22,46,54,41,0.00,,
1975-10-23,43,55,,0.00,,
1975-10-24,36,48,28,0.00,,
1975-10-25,40,46,30,0.00,,
1975-10-26,45,46,,0.00,,
1975-10-27,42,,,,,
1975-10-28,45,50,39,0.00,,
1975-10-29,46,48,45,0.00,,
1975-10-30,41,,39,0.00,,
1975-10-31,38,43,,0.00,,
1975-11-01,38,45,28,0.00,,
1975-11-02,42,,,,,
1975-11-03,36,41,34,0.00,,
1975-11-04,41,43,37,0.00,,
1975-11-05,44,48,43,0.00,,
1975-11-06,41,45,34,0.00,,
1975-11-07,44,45,,,,
1975-11-08,42,45,,0.00,,
1975-11-09,39,45,,0.00,,
1975-11-10,39,41,32,0.00,,
1975-11-11,35,41,,0.13,,
1975-11-12,32,39,23,,,
1975-11-13,35,37,,0.00,,
1975-11-14,33,36,,,,
1975-11-15,26,36,,0.00,,
1975-11-16,25,34,16,0.00,,
1975-11-17,28,36,23,0.00,,
1975-11-18,38,43,25,0.01,,
1975-11-19,40,45,,0.13,,
1975-11-20,36,39,,0.20,,
1975-11-21,31,,,0.02,,
1975-11-22,26,34,,0.00,,
1975-11-23,22,25,18,0.00,,
1975-11-24,18,21,,0.00,,
1975-11-25,12,,7,0.00,,
1975-11-26,15,19,5,0.00,,
1975-11-27,22,28,14,0.00,,
1975-11-28,30,36,23,0.00,,
1975-11-29,37,41,32,0.00,,
1975-11-30,38,41,,0.00,,
1975-12-01,37,39,34,0.00,,
1975-12-02,35,,,0.00,,
1975-12-03,35,37,34,0.00,,
1975-12-04,38,41,34,0.00,,
1975-12-05,35,41,,0.16,,
1975-12-06,36,41,30,0.01,,
1975-12-07,33,36,32,0.00,,
1975-12-08,34,,30,,,
1975-12-09,32,,,0.04,,
1975-12-10,36,41,,0.05,,
1975-12-11,29,34,25,0.00,,
1975-12-12,28,36,27,0.00,,
1975-12-13,27,30,,0.01,,
1975-12-14,26,,,0.01,,
1975-12-15,24,,14,0.00,,
1975-12-16,29,32,,0.00,,
1975-12-17,29,32,,0.01,,
1975-12-18,15,23,,0.00,,
1975-12-19,21,25,3,0.04,,
1975-12-20,19,,,,,
1975-12-21,29,,7,0.03,,
1975-12-22,40,43,34,0.00,,
1975-12-23,40,41,39,0.00,,
1975-12-24,37,,,0.00,,
1975-12-25,33,,,0.09,,
1975-12-26,28,,25,,,
1975-12-27,33,,27,,,
1975-12-28,40,41,,0.00,,
1975-12-29,37,37,36,0.01,,
1975-12-30,37,37,36,0.01,,
1975-12-31,35,36,32,0.08,,
1976-01-01,37,41,34,0.24,,
1976-01-02,32,,,0.01,,
1976-01-03,27,32,23,0.20,,
1976-01-04,22,,,0.28,,
1976-01-05,15,,7,0.01,,
1976-01-06,22,,,0.17,,
1976-01-07,4,,-9,0.00,,
1976-01-08,36,37,9,0.16,,
1976-01-09,39,41,37,0.00,,
1976-01-10,34,,,0.00,,
1976-01-11,33,34,30,0.20,,
1976-01-12,33,37,30,0.20,,
1976-01-13,26,,25,0.00,,
1976-01-14,29,,25,0.17,,
1976-01-15,11,,,0.02,,
1976-01-16,12,,-6,0.01,,
1976-01-17,18,23,12,0.12,,
1976-01-18,14,,5,0.09,,
1976-01-19,30,34,21,0.12,,
1976-01-20,34,36,,0.20,,
1976-01-21,35,36,32,0.24,,
1976-01-22,33,36,32,0.13,,
1976-01-23,27,,,0.02,,
1976-01-24,27,,21,0.04,,
1976-01-25,23,,,0.02,,
1976-01-26,20,,14,0.01,,
1976-01-27,20,23,,0.00,,
1976-01-28,16,,,,,
1976-01-29,15,18,,0.00,,
1976-01-30,9,14,5,0.00,,
1976-01-31,5,18,-4,0.00,,
1976-02-01,4,23,-8,0.00,,
1976-02-02,11,23,,0.00,,
1976-02-03,11,21,0,0.00,,
1976-02-04,18,25,10,0.00,,
1976-02-05,16,,9,0.00,,
1976-02-06,17,23,,0.02,,
1976-02-07,0,14,-8,0.00,,
1976-02-08,4,18,-9,0.00,,
1976-02-09,4,21,-8,0.00,,
1976-02-10,4,19,-6,0.00,,
1976-02-11,11,18,3,0.00,,
1976-02-12,9,16,1,0.00,,
1976-02-13,8,10,3,0.00,,
1976-02-14,19,25,9,0.00,,
1976-02-15,26,,,0.00,,
1976-02-16,29,32,28,0.00,,
1976-02-17,26,32,,0.00,,
1976-02-18,22,37,9,0.00,,
1976-02-19,23,34,12,0.00,,
1976-02-20,24,36,10,0.00,,
1976-02-21,24,39,10,0.00,,
1976-02-22,25,37,16,0.00,,
1976-02-23,24,30,19,0.00,,
1976-02-24,19,28,7,0.00,,
1976-02-25,26,,16,0.00,,
1976-02-26,40,41,36,0.00,,
1976-02-27,36,41,,0.00,,
1976-02-28,34,43,30,0.00,,
1976-02-29,39,48,30,0.00,,
1976-03-01,37,,,0.12,,
1976-03-02,33,34,32,0.13,,
1976-03-03,30,32,,,,
1976-03-04,22,25,,0.00,,
1976-03-05,24,28,18,0.00,,
1976-03-06,26,28,25,0.02,,
1976-03-07,25,28,21,0.01,,
1976-03-08,26,,23,0.02,,
1976-03-09,23,32,9,0.00,,
1976-03-10,25,,18,0.00,,
1976-03-11,22,28,14,0.00,,
1976-03-12,20,28,,0.03,,
1976-03-13,20,30,7,0.00,,
1976-03-14,25,32,18,0.00,,
1976-03-15,25,37,14,0.00,,
1976-03-16,30,36,25,0.04,,
1976-03-17,27,32,23,0.02,,
1976-03-18,23,36,7,0.00,,
1976-03-19,26,37,14,0.00,,
1976-03-20,26,30,18,0.00,,
1976-03-21,23,28,,0.06,,
1976-03-22,21,27,14,0.04,,
1976-03-23,19,27,,0.08,,
1976-03-24,21,37,3,0.00,,
1976-03-25,30,41,19,0.00,,
1976-03-26,37,43,28,0.00,,
1976-03-27,38,43,,0.16,,
1976-03-28,36,41,30,0.00,,
1976-03-29,46,55,39,0.02,,
1976-03-30,42,48,,0.12,,
1976-03-31,35,43,30,0.00,,
1976-04-01,45,54,,0.00,,
1976-04-02,46,64,27,0.00,,
1976-04-03,55,70,36,0.00,,
1976-04-04,43,50,36,0.00,,
1976-04-05,44,59,,0.04,,
1976-04-06,48,59,,,,
1976-04-07,40,48,,0.00,,
1976-04-08,39,50,30,0.00,,
1976-04-09,39,45,,,,
1976-04-10,37,46,27,0.00,,
1976-04-11,38,50,23,0.00,,
1976-04-12,43,46,39,0.08,,
1976-04-13,49,55,45,0.02,,
1976-04-14,50,55,46,0.08,,
1976-04-15,49,61,39,0.00,,
1976-04-16,49,64,34,0.00,,
1976-04-17,51,68,32,0.00,,
1976-04-18,52,63,36,0.00,,
1976-04-19,44,55,30,0.00,,
1976-04-20,42,48,32,0.00,,
1976-04-21,40,48,30,0.12,,
1976-04-22,36,43,,0.12,,
1976-04-23,33,37,27,0.28,,
1976-04-24,53,70,36,0.00,,
1976-04-25,47,52,,0.21,,
1976-04-26,43,54,34,0.00,,
1976-04-27,45,57,32,0.00,,
1976-04-28,37,45,,0.08,,
1976-04-29,35,41,,0.03,,
1976-04-30,37,46,27,0.02,,
1976-05-01,41,50,34,0.06,,
1976-05-02,45,57,32,0.00,,
1976-05-03,48,57,39,0.00,,
1976-05-04,51,61,41,0.04,,
1976-05-05,48,55,41,0.00,,
1976-05-06,47,57,39,0.00,,
1976-05-07,47,55,41,0.12,,
1976-05-08,50,63,36,0.00,,
1976-05-09,53,64,37,0.00,,
1976-05-10,52,66,34,0.00,,
1976-05-11,54,70,34,0.00,,
1976-05-12,56,70,37,0.00,,
1976-05-13,58,70,41,0.00,,
1976-05-14,51,61,,0.47,,
1976-05-15,43,45,41,0.51,,
1976-05-16,50,57,41,0.08,,
1976-05-17,55,66,46,0.00,,
1976-05-18,56,68,43,0.00,,
1976-05-19,56,66,39,0.00,,
1976-05-20,53,61,41,0.00,,
1976-05-21,55,66,39,0.00,,
1976-05-22,53,64,46,0.00,,
1976-05-23,49,55,39,0.08,,
1976-05-24,58,70,,0.00,,
1976-05-25,59,,41,,,
1976-05-26,57,72,45,0.08,,
1976-05-27,55,66,43,0.04,,
1976-05-28,52,55,,0.12,,
1976-05-29,49,54,,0.04,,
1976-05-30,46,52,,0.00,,
1976-05-31,46,57,32,0.00,,
1976-06-01,49,55,46,0.03,,
1976-06-02,49,55,45,0.08,,
1976-06-03,47,54,39,0.00,,
1976-06-04,49,55,41,0.00,,
1976-06-05,53,64,39,0.00,,
1976-06-06,54,63,43,0.00,,
1976-06-07,62,75,48,0.00,,
1976-06-08,58,68,50,0.00,,
1976-06-09,52,64,39,0.00,,
1976-06-10,52,63,39,0.00,,
1976-06-11,50,59,39,0.00,,
1976-06-12,53,63,,0.04,,
1976-06-13,52,59,43,0.16,,
1976-06-14,55,64,50,0.12,,
1976-06-15,53,64,48,0.56,,
1976-06-16,49,52,46,0.09,,
1976-06-17,54,64,48,0.04,,
1976-06-18,57,68,46,0.00,,
1976-06-19,60,72,46,0.08,,
1976-06-20,64,73,55,0.00,,
1976-06-21,60,68,,0.12,,
1976-06-22,58,64,,,,
1976-06-23,59,70,52,0.00,,
1976-06-24,59,70,45,0.00,,
1976-06-25,61,75,43,0.00,,
1976-06-26,65,79,46,0.00,,
1976-06-27,69,82,48,0.00,,
1976-06-28,72,84,54,0.00,,
1976-06-29,66,77,55,0.00,,
1976-06-30,61,73,45,0.00,,
1976-07-01,62,70,48,0.00,,
1976-07-02,59,70,45,0.00,,
1976-07-03,64,79,45,0.00,,
1976-07-04,62,70,,0.04,,
1976-07-05,55,61,48,0.02,,
1976-07-06,53,64,43,0.04,,
1976-07-07,53,59,46,0.02,,
1976-07-08,60,72,46,0.00,,
1976-07-09,57,63,52,0.08,,
1976-07-10,55,57,54,1.14,,
1976-07-11,60,70,57,0.35,,
1976-07-12,63,73,52,0.00,,
1976-07-13,63,75,54,0.04,,
1976-07-14,63,73,52,0.00,,
1976-07-15,64,77,48,0.00,,
1976-07-16,66,79,48,0.00,,
1976-07-17,67,81,52,0.00,,
1976-07-18,68,81,55,0.00,,
1976-07-19,67,79,55,0.04,,
1976-07-20,69,82,55,0.00,,
1976-07-21,71,82,59,0.00,,
1976-07-22,67,81,,0.51,,
1976-07-23,71,84,63,0.00,,
1976-07-24,72,84,61,0.00,,
1976-07-25,71,84,57,0.00,,
1976-07-26,71,81,59,0.00,,
1976-07-27,66,77,,2.01,,
1976-07-28,62,70,54,0.00,,
1976-07-29,58,,54,,,
1976-07-30,58,68,48,0.00,,
1976-07-31,66,75,55,0.00,,
1976-08-01,58,59,55,0.83,,
1976-08-02,55,,,,,
1976-08-03,56,66,45,0.08,,
1976-08-04,57,63,52,0.00,,
1976-08-05,54,66,45,0.00,,
1976-08-06,55,68,43,0.00,,
1976-08-07,55,64,46,0.12,,
1976-08-08,60,70,48,0.00,,
1976-08-09,60,72,50,,,
1976-08-10,64,72,52,0.00,,
1976-08-11,59,66,54,0.12,,
1976-08-12,55,63,45,0.00,,
1976-08-13,57,66,46,0.00,,
1976-08-14,58,66,48,0.00,,
1976-08-15,58,66,,0.16,,
1976-08-16,56,63,50,0.20,,
1976-08-17,58,68,50,0.04,,
1976-08-18,57,68,46,0.00,,
1976-08-19,60,70,50,0.04,,
1976-08-20,58,68,50,0.04,,
1976-08-21,54,61,50,0.12,,
1976-08-22,52,63,43,0.00,,
1976-08-23,51,64,37,0.00,,
1976-08-24,54,68,45,0.00,,
1976-08-25,60,75,45,0.00,,
1976-08-26,61,77,41,0.00,,
1976-08-27,64,77,52,0.00,,
1976-08-28,62,77,50,0.00,,
1976-08-29,63,79,46,0.00,,
1976-08-30,64,79,50,0.00,,
1976-08-31,67,79,50,0.00,,
1976-09-01,62,72,50,0.00,,
1976-09-02,57,61,,0.47,,
1976-09-03,53,61,,0.04,,
1976-09-04,53,64,41,0.00,,
1976-09-05,51,57,45,0.00,,
1976-09-06,49,61,41,0.00,,
1976-09-07,53,63,37,0.01,,
1976-09-08,55,61,48,0.00,,
1976-09-09,59,70,46,0.00,,
1976-09-10,60,70,50,0.00,,
1976-09-11,53,57,50,0.00,,
1976-09-12,60,72,48,0.00,,
1976-09-13,60,73,45,0.00,,
1976-09-14,65,77,55,0.00,,
1976-09-15,61,64,59,0.08,,
1976-09-16,61,68,57,0.04,,
1976-09-17,62,72,54,0.24,,
1976-09-18,60,70,52,0.00,,
1976-09-19,48,52,41,0.00,,
1976-09-20,51,,37,,,
1976-09-21,49,61,,0.00,,
1976-09-22,45,61,32,0.00,,
1976-09-23,48,64,28,0.00,,
1976-09-24,45,61,30,0.00,,
1976-09-25,47,50,43,0.79,,
1976-09-26,44,50,41,0.00,,
1976-09-27,48,57,43,0.00,,
1976-09-28,52,57,43,0.20,,
1976-09-29,49,,,0.04,,
1976-09-30,42,50,,0.04,,
1976-10-01,37,48,25,0.00,,
1976-10-02,38,54,,0.00,,
1976-10-03,41,,30,,,
1976-10-04,51,57,45,0.20,,
1976-10-05,52,55,50,0.00,,
1976-10-06,50,59,,0.04,,
1976-10-07,53,57,41,,,
1976-10-08,56,59,,0.02,,
1976-10-09,47,54,,0.00,,
1976-10-10,44,,36,,,
1976-10-11,53,55,,0.16,,
1976-10-12,53,57,,,,
1976-10-13,58,68,,,,
1976-10-14,37,,,0.00,,
1976-10-15,33,34,32,0.00,,
1976-10-16,31,39,25,0.00,,
1976-10-17,29,36,,0.00,,
1976-10-18,30,39,25,0.00,,
1976-10-19,32,41,23,0.00,,
1976-10-20,31,41,23,0.00,,
1976-10-21,29,39,,,,
1976-10-22,35,43,25,0.00,,
1976-10-23,34,43,,0.00,,
1976-10-24,32,46,23,0.00,,
1976-10-25,34,39,27,0.00,,
1976-10-26,37,48,,0.00,,
1976-10-27,32,43,25,0.00,,
1976-10-28,34,,32,,,
1976-10-29,37,41,34,0.00,,
1976-10-30,43,50,36,0.00,,
1976-10-31,46,54,43,0.47,,
1976-11-01,38,41,,0.01,,
1976-11-02,34,43,30,0.00,,
1976-11-03,38,46,28,0.00,,
1976-11-04,45,,37,0.00,,
1976-11-05,45,46,45,0.24,,
1976-11-06,48,55,45,0.00,,
1976-11-07,50,54,45,0.00,,
1976-11-08,46,48,43,0.02,,
1976-11-09,42,48,37,0.00,,
1976-11-10,42,45,41,0.00,,
1976-11-11,43,45,41,0.00,,
1976-11-12,45,48,45,0.02,,
1976-11-13,44,46,41,0.01,,
1976-11-14,41,,,0.04,,
1976-11-15,38,39,37,0.09,,
1976-11-16,39,,,0.20,,
1976-11-17,37,39,,0.09,,
1976-11-18,37,,36,0.13,,
1976-11-19,35,,,0.12,,
1976-11-20,34,36,32,0.04,,
1976-11-21,33,36,,0.00,,
1976-11-22,33,34,30,0.02,,
1976-11-23,30,32,,0.00,,
1976-11-24,29,34,28,0.06,,
1976-11-25,24,39,21,0.10,,
1976-11-26,26,,19,0.06,,
1976-11-27,36,37,30,0.13,,
1976-11-28,40,41,37,0.12,,
1976-11-29,39,,36,,,
1976-11-30,40,43,36,0.00,,
1976-12-01,42,46,36,0.00,,
1976-12-02,41,43,37,0.12,,
1976-12-03,43,50,37,0.43,,
1976-12-04,35,37,,0.39,,
1976-12-05,31,,28,,,
1976-12-06,30,,28,,,
1976-12-07,35,39,30,0.00,,
1976-12-08,33,,,,,
1976-12-09,36,39,32,0.16,,
1976-12-10,36,,,0.01,,
1976-12-11,33,34,,0.01,,
1976-12-12,31,32,,0.01,,
1976-12-13,29,30,27,0.01,,
1976-12-14,27,28,25,0.00,,
1976-12-15,26,28,25,0.08,,
1976-12-16,25,27,23,0.12,,
1976-12-17,23,25,19,0.09,,
1976-12-18,20,21,19,0.00,,
1976-12-19,29,34,21,0.01,,
1976-12-20,33,34,32,0.05,,
1976-12-21,30,32,,0.00,,
1976-12-22,28,,23,,,
1976-12-23,33,34,32,0.00,,
1976-12-24,31,,,0.04,,
1976-12-25,23,,,0.08,,
1976-12-26,18,39,,0.08,,
1976-12-27,13,18,10,0.00,,
1976-12-28,22,25,10,0.04,,
1976-12-29,16,,,0.03,,
1976-12-30,16,23,0,0.02,,
1976-12-31,18,23,,0.04,,
1977-01-01,24,30,14,0.00,,
1977-01-02,30,34,28,0.00,,
1977-01-03,24,,,0.00,,
1977-01-04,16,21,12,0.00,,
1977-01-05,18,21,14,0.00,,
1977-01-06,25,30,16,,,
1977-01-07,30,,,0.09,,
1977-01-08,28,,,0.05,,
1977-01-09,23,25,,0.01,,
1977-01-10,18,23,10,0.00,,
1977-01-11,27,,21,0.00,,
1977-01-12,34,39,30,0.00,,
1977-01-13,35,,,0.00,,
1977-01-14,31,,,0.12,,
1977-01-15,26,28,,0.00,,
1977-01-16,22,27,18,0.00,,
1977-01-17,20,27,,0.00,,
1977-01-18,13,,7,0.00,,
1977-01-19,15,23,9,0.00,,
1977-01-20,10,21,1,0.00,,
1977-01-21,21,23,12,0.00,,
1977-01-22,18,,,,,
1977-01-23,21,,16,0.00,,
1977-01-24,33,36,25,0.00,,
1977-01-25,32,,,0.00,,
1977-01-26,34,36,30,0.02,,
1977-01-27,36,41,34,0.00,,
1977-01-28,34,37,,0.00,,
1977-01-29,34,41,27,0.00,,
1977-01-30,33,36,,0.04,,
1977-01-31,33,34,,0.06,,
1977-02-01,28,30,,0.06,,
1977-02-02,27,28,23,0.02,,
1977-02-03,28,34,,0.00,,
1977-02-04,23,28,18,0.00,,
1977-02-05,23,25,18,0.00,,
1977-02-06,24,25,21,0.00,,
1977-02-07,30,34,25,0.01,,
1977-02-08,36,,32,,,
1977-02-09,31,,,0.06,,
1977-02-10,24,30,,0.00,,
1977-02-11,22,28,14,0.24,,
1977-02-12,26,30,,0.08,,
1977-02-13,27,28,25,0.00,,
1977-02-14,20,28,10,0.00,,
1977-02-15,24,25,,,,
1977-02-16,26,28,23,0.08,,
1977-02-17,28,32,23,0.04,,
1977-02-18,29,32,,0.00,,
1977-02-19,31,34,25,0.01,,
1977-02-20,36,41,34,0.04,,
1977-02-21,40,43,34,0.20,,
1977-02-22,37,39,36,0.08,,
1977-02-23,35,43,30,0.00,,
1977-02-24,34,37,30,0.00,,
1977-02-25,33,36,30,0.00,,
1977-02-26,32,41,,0.37,,
1977-02-27,21,25,16,0.08,,
1977-02-28,20,25,14,0.00,,
1977-03-01,25,34,,0.06,,
1977-03-02,26,34,,0.04,,
1977-03-03,27,32,25,0.00,,
1977-03-04,35,39,27,0.12,,
1977-03-05,36,37,,0.20,,
1977-03-06,33,37,28,0.00,,
1977-03-07,30,45,,0.00,,
1977-03-08,36,45,25,0.00,,
1977-03-09,38,43,,,,
1977-03-10,38,54,25,0.00,,
1977-03-11,42,54,32,0.00,,
1977-03-12,43,54,34,0.00,,
1977-03-13,39,48,,0.00,,
1977-03-14,39,46,34,0.00,,
1977-03-15,40,48,32,0.01,,
1977-03-16,39,48,34,0.00,,
1977-03-17,38,46,32,0.00,,
1977-03-18,39,50,30,0.00,,
1977-03-19,41,50,,0.00,,
1977-03-20,39,48,32,0.00,,
1977-03-21,40,45,37,0.10,,
1977-03-22,45,59,30,0.00,,
1977-03-23,40,46,32,0.00,,
1977-03-24,38,52,25,0.00,,
1977-03-25,45,57,28,0.00,,
1977-03-26,43,,,0.00,,
1977-03-27,42,48,36,0.04,,
1977-03-28,45,52,,0.35,,
1977-03-29,32,,,0.02,,
1977-03-30,27,32,,0.00,,
1977-03-31,26,,,0.04,,
1977-04-01,31,36,,,,
1977-04-02,43,50,32,0.00,,
1977-04-03,47,59,30,0.00,,
1977-04-04,43,46,,0.28,,
1977-04-05,37,45,32,0.02,,
1977-04-06,39,,32,,,
1977-04-07,41,48,,0.20,,
1977-04-08,35,41,30,0.08,,
1977-04-09,36,39,34,0.35,,
1977-04-10,41,50,,0.12,,
1977-04-11,33,37,28,0.00,,
1977-04-12,31,34,28,0.16,,
1977-04-13,36,45,30,0.08,,
1977-04-14,38,41,,0.00,,
1977-04-15,38,48,28,0.00,,
1977-04-16,40,50,25,0.00,,
1977-04-17,40,52,32,0.00,,
1977-04-18,40,55,27,0.00,,
1977-04-19,37,48,28,0.00,,
1977-04-20,38,48,30,0.00,,
1977-04-21,44,54,30,0.04,,
1977-04-22,49,52,43,0.24,,
1977-04-23,50,55,46,0.17,,
1977-04-24,48,54,,0.26,,
1977-04-25,42,48,39,0.28,,
1977-04-26,39,50,,0.00,,
1977-04-27,46,59,30,0.12,,
1977-04-28,45,57,32,0.02,,
1977-04-29,55,68,36,0.00,,
1977-04-30,65,81,55,0.00,,
1977-05-01,68,81,57,0.00,,
1977-05-02,70,81,55,0.00,,
1977-05-03,66,81,,0.00,,
1977-05-04,67,82,52,0.00,,
1977-05-05,63,75,,,,
1977-05-06,61,75,45,0.00,,
1977-05-07,57,,46,0.00,,
1977-05-08,52,59,46,0.00,,
1977-05-09,48,52,45,0.00,,
1977-05-10,50,61,,0.00,,
1977-05-11,53,66,34,0.00,,
1977-05-12,54,68,37,0.00,,
1977-05-13,63,75,50,0.00,,
1977-05-14,63,73,50,0.00,,
1977-05-15,58,63,55,0.05,,
1977-05-16,59,68,54,0.24,,
1977-05-17,49,,46,0.83,,
1977-05-18,48,52,45,0.12,,
1977-05-19,52,57,48,0.00,,
1977-05-20,51,55,48,0.08,,
1977-05-21,48,,,,,
1977-05-22,45,46,45,0.24,,
1977-05-23,47,52,43,0.09,,
1977-05-24,53,64,45,0.04,,
1977-05-25,43,50,,0.12,,
1977-05-26,44,52,36,0.04,,
1977-05-27,46,55,34,0.00,,
1977-05-28,52,64,36,0.00,,
1977-05-29,60,72,46,0.00,,
1977-05-30,48,50,,0.00,,
1977-05-31,47,55,39,0.00,,
1977-06-01,47,55,37,0.00,,
1977-06-02,45,54,36,0.00,,
1977-06-03,48,57,39,0.00,,
1977-06-04,48,57,45,0.28,,
1977-06-05,54,61,,0.16,,
1977-06-06,54,64,45,0.28,,
1977-06-07,60,70,52,0.08,,
1977-06-08,66,77,55,0.00,,
1977-06-09,67,,52,0.00,,
1977-06-10,73,82,55,0.00,,
1977-06-11,71,82,55,0.00,,
1977-06-12,69,81,57,0.00,,
1977-06-13,69,79,59,0.04,,
1977-06-14,65,75,59,0.12,,
1977-06-15,68,79,57,0.00,,
1977-06-16,71,81,59,0.00,,
1977-06-17,72,82,57,0.00,,
1977-06-18,69,77,63,0.00,,
1977-06-19,69,77,59,0.00,,
1977-06-20,65,72,59,0.01,,
1977-06-21,58,66,48,0.00,,
1977-06-22,56,,41,,,
1977-06-23,54,63,,0.00,,
1977-06-24,58,72,39,0.00,,
1977-06-25,65,79,55,0.04,,
1977-06-26,65,79,50,0.55,,
1977-06-27,59,64,,0.00,,
1977-06-28,57,66,45,0.00,,
1977-06-29,62,70,54,0.00,,
1977-06-30,65,75,54,0.00,,
1977-07-01,55,63,,0.87,,
1977-07-02,58,70,45,0.31,,
1977-07-03,55,63,50,0.04,,
1977-07-04,53,59,48,0.12,,
1977-07-05,56,63,46,0.01,,
1977-07-06,56,63,54,0.69,,
1977-07-07,60,,55,0.28,,
1977-07-08,59,68,48,0.28,,
1977-07-09,62,70,52,0.04,,
1977-07-10,61,63,59,0.35,,
1977-07-11,63,68,57,0.20,,
1977-07-12,62,72,52,0.00,,
1977-07-13,67,77,50,0.00,,
1977-07-14,63,70,,0.09,,
1977-07-15,53,59,,0.13,,
1977-07-16,54,64,43,0.06,,
1977-07-17,56,64,46,0.00,,
1977-07-18,59,66,50,0.00,,
1977-07-19,60,70,55,0.20,,
1977-07-20,61,73,50,0.00,,
1977-07-21,63,75,50,0.00,,
1977-07-22,59,68,,0.51,,
1977-07-23,55,61,50,0.20,,
1977-07-24,59,70,43,0.04,,
1977-07-25,69,79,59,0.00,,
1977-07-26,66,73,,0.00,,
1977-07-27,61,70,,,,
1977-07-28,61,72,,,,
1977-07-29,61,70,,,,
1977-07-30,60,70,,,,
1977-07-31,62,73,,,,
1977-08-01,62,66,,,,
1977-08-02,67,75,,,,
1977-08-03,66,75,,,,
1977-08-04,63,68,,,,
1977-08-05,62,70,,,,
1977-08-06,64,73,,,,
1977-08-07,61,70,,,,
1977-08-08,62,70,,,,
1977-08-09,64,75,,,,
1977-08-10,65,75,,,,
1977-08-11,67,79,,,,
1977-08-12,67,77,,,,
1977-08-13,67,77,,,,
1977-08-14,65,72,,,,
1977-08-15,54,,,,,
1977-08-16,55,61,,,,
1977-08-17,54,63,,,,
1977-08-18,51,66,,,,
1977-08-19,56,63,,,,
1977-08-20,54,63,,,,
1977-08-21,53,59,,,,
1977-08-22,53,55,,,,
1977-08-23,52,54,,,,
1977-08-24,54,64,43,0.00,,
1977-08-25,53,64,39,0.00,,
1977-08-26,53,68,39,0.00,,
1977-08-27,57,70,46,0.00,,
1977-08-28,55,63,52,0.31,,
1977-08-29,55,66,48,0.00,,
1977-08-30,59,72,45,0.00,,
1977-08-31,62,73,50,0.00,,
1977-09-01,63,75,52,0.00,,
1977-09-02,65,77,54,0.00,,
1977-09-03,68,79,55,0.00,,
1977-09-04,65,77,54,0.00,,
1977-09-05,60,72,,0.00,,
1977-09-06,60,72,46,0.00,,
1977-09-07,62,72,55,0.01,,
1977-09-08,57,64,,0.12,,
1977-09-09,52,54,,0.63,,
1977-09-10,50,55,45,0.02,,
1977-09-11,48,52,41,0.02,,
1977-09-12,57,66,50,0.12,,
1977-09-13,48,54,,0.01,,
1977-09-14,47,55,37,0.04,,
1977-09-15,48,52,,0.51,,
1977-09-16,44,52,,0.02,,
1977-09-17,45,52,39,0.12,,
1977-09-18,41,52,34,0.00,,
1977-09-19,42,55,28,0.00,,
1977-09-20,48,55,36,0.00,,
1977-09-21,48,52,46,0.20,,
1977-09-22,47,48,46,0.39,,
1977-09-23,47,52,,0.01,,
1977-09-24,37,46,30,0.00,,
1977-09-25,37,48,27,0.00,,
1977-09-26,40,48,,,,
1977-09-27,36,46,28,0.00,,
1977-09-28,36,48,27,0.00,,
1977-09-29,42,52,30,0.00,,
1977-09-30,50,54,46,0.21,,
1977-10-01,51,57,,0.16,,
1977-10-02,47,50,45,0.00,,
1977-10-03,44,48,,0.16,,
1977-10-04,42,50,36,0.24,,
1977-10-05,47,52,37,0.08,,
1977-10-06,50,57,45,0.01,,
1977-10-07,55,64,45,0.01,,
1977-10-08,55,66,,0.00,,
1977-10-09,51,,,0.00,,
1977-10-10,54,63,45,0.00,,
1977-10-11,52,57,46,0.00,,
1977-10-12,46,52,,0.12,,
1977-10-13,44,54,34,0.00,,
1977-10-14,48,52,45,0.00,,
1977-10-15,37,,,0.00,,
1977-10-16,31,45,21,0.00,,
1977-10-17,36,48,25,0.00,,
1977-10-18,43,59,28,0.00,,
1977-10-19,44,48,37,0.00,,
1977-10-20,45,,,0.59,,
1977-10-21,40,50,30,0.00,,
1977-10-22,41,55,28,0.00,,
1977-10-23,42,57,30,0.00,,
1977-10-24,47,54,39,0.00,,
1977-10-25,48,55,,0.00,,
1977-10-26,48,54,41,0.00,,
1977-10-27,49,52,48,0.00,,
1977-10-28,47,48,45,0.00,,
1977-10-29,49,50,46,0.00,,
1977-10-30,46,50,45,0.00,,
1977-10-31,40,,,0.00,,
1977-11-01,38,41,36,0.00,,
1977-11-02,41,41,39,0.13,,
1977-11-03,40,45,,0.04,,
1977-11-04,47,52,37,0.09,,
1977-11-05,44,,,0.00,,
1977-11-06,41,50,32,0.00,,
1977-11-07,43,50,39,0.01,,
1977-11-08,47,54,43,0.00,,
1977-11-09,45,,,0.47,,
1977-11-10,43,48,41,0.02,,
1977-11-11,47,54,39,0.00,,
1977-11-12,51,57,,0.00,,
1977-11-13,41,,,0.39,,
1977-11-14,38,39,36,0.01,,
1977-11-15,42,46,34,0.05,,
1977-11-16,39,43,,0.00,,
1977-11-17,35,39,28,0.00,,
1977-11-18,36,41,32,0.02,,
1977-11-19,34,37,32,0.09,,
1977-11-20,36,39,34,0.00,,
1977-11-21,34,,30,0.00,,
1977-11-22,35,37,32,0.04,,
1977-11-23,35,39,32,,,
1977-11-24,37,39,34,0.00,,
1977-11-25,37,39,34,0.04,,
1977-11-26,34,37,,0.00,,
1977-11-27,33,36,30,0.00,,
1977-11-28,29,,,0.00,,
1977-11-29,31,36,,0.08,,
1977-11-30,32,,30,0.24,,
1977-12-01,27,,,0.02,,
1977-12-02,22,23,21,0.09,,
1977-12-03,23,28,18,0.00,,
1977-12-04,27,30,19,0.00,,
1977-12-05,29,32,,0.05,,
1977-12-06,28,30,23,0.39,,
1977-12-07,25,28,18,0.00,,
1977-12-08,26,28,25,0.00,,
1977-12-09,18,,,0.00,,
1977-12-10,18,21,12,0.00,,
1977-12-11,12,,,0.00,,
1977-12-12,12,18,5,0.00,,
1977-12-13,14,23,9,0.00,,
1977-12-14,30,36,9,0.01,,
1977-12-15,34,,,0.01,,
1977-12-16,35,37,,0.00,,
1977-12-17,27,,27,0.00,,
1977-12-18,33,34,27,0.02,,
1977-12-19,33,34,32,0.00,,
1977-12-20,34,36,32,0.01,,
1977-12-21,32,36,,0.04,,
1977-12-22,29,34,21,0.00,,
1977-12-23,31,,,0.00,,
1977-12-24,36,46,28,0.20,,
1977-12-25,38,,,0.04,,
1977-12-26,32,,27,0.01,,
1977-12-27,37,39,36,0.08,,
1977-12-28,35,37,32,0.06,,
1977-12-29,35,,34,0.08,,
1977-12-30,33,34,32,0.12,,
1977-12-31,31,,,0.00,,
1978-01-01,30,32,28,0.04,,
1978-01-02,36,39,28,0.03,,
1978-01-03,36,,,0.12,,
1978-01-04,31,,,0.24,,
1978-01-05,22,,18,0.04,,
1978-01-06,26,27,23,0.08,,
1978-01-07,25,28,19,0.00,,
1978-01-08,30,32,27,0.02,,
1978-01-09,26,,,0.00,,
1978-01-10,27,,19,0.04,,
1978-01-11,28,39,27,0.01,,
1978-01-12,30,34,27,0.00,,
1978-01-13,28,30,21,0.01,,
1978-01-14,33,36,28,0.05,,
1978-01-15,31,34,28,0.00,,
1978-01-16,26,28,21,0.00,,
1978-01-17,20,27,,0.00,,
1978-01-18,17,,,0.00,,
1978-01-19,15,21,10,0.00,,
1978-01-20,8,14,5,0.00,,
1978-01-21,8,18,1,0.00,,
1978-01-22,10,16,,,,
1978-01-23,18,25,9,0.00,,
1978-01-24,27,32,14,0.00,,
1978-01-25,33,36,28,0.06,,
1978-01-26,33,34,32,0.09,,
1978-01-27,30,32,,0.06,,
1978-01-28,29,34,25,0.02,,
1978-01-29,28,,18,0.00,,
1978-01-30,33,,30,0.12,,
1978-01-31,27,28,27,0.28,,
1978-02-01,26,,,0.05,,
1978-02-02,25,27,,0.01,,
1978-02-03,20,21,,,,
1978-02-04,16,18,,0.00,,
1978-02-05,17,21,,0.02,,
1978-02-06,22,25,10,0.00,,
1978-02-07,19,23,12,0.01,,
1978-02-08,19,21,,0.16,,
1978-02-09,17,19,,0.04,,
1978-02-10,12,19,,0.00,,
1978-02-11,16,25,0,0.00,,
1978-02-12,29,32,18,0.06,,
1978-02-13,28,,27,0.24,,
1978-02-14,28,30,25,0.00,,
1978-02-15,25,,,,,
1978-02-16,15,19,,0.02,,
1978-02-17,14,19,,,,
1978-02-18,13,21,,0.00,,
1978-02-19,3,18,-13,0.00,,
1978-02-20,4,16,-11,0.00,,
1978-02-21,25,28,12,0.04,,
1978-02-22,25,28,,0.00,,
1978-02-23,18,,,0.04,,
1978-02-24,15,19,5,0.04,,
1978-02-25,29,37,18,0.01,,
1978-02-26,36,43,32,0.00,,
1978-02-27,34,36,32,0.00,,
1978-02-28,34,36,32,0.00,,
1978-03-01,35,36,32,0.00,,
1978-03-02,35,39,,0.00,,
1978-03-03,34,36,32,0.00,,
1978-03-04,34,36,32,0.00,,
1978-03-05,33,34,32,0.00,,
1978-03-06,35,37,34,0.04,,
1978-03-07,31,34,28,0.02,,
1978-03-08,33,36,32,0.00,,
1978-03-09,33,36,30,0.01,,
1978-03-10,33,37,32,0.02,,
1978-03-11,35,37,32,0.20,,
1978-03-12,33,37,32,0.04,,
1978-03-13,36,,32,0.12,,
1978-03-14,39,45,34,0.02,,
1978-03-15,42,50,36,0.02,,
1978-03-16,42,48,34,0.00,,
1978-03-17,41,46,,0.18,,
1978-03-18,29,,,0.01,,
1978-03-19,26,34,18,0.08,,
1978-03-20,31,34,28,0.08,,
1978-03-21,31,34,,0.24,,
1978-03-22,27,30,,0.08,,
1978-03-23,24,34,,0.00,,
1978-03-24,33,36,28,0.02,,
1978-03-25,34,45,,0.00,,
1978-03-26,36,45,27,0.08,,
1978-03-27,37,45,,0.00,,
1978-03-28,35,48,25,0.00,,
1978-03-29,42,59,27,0.00,,
1978-03-30,53,64,41,0.00,,
1978-03-31,52,64,43,0.00,,
1978-04-01,51,64,37,0.00,,
1978-04-02,48,55,41,0.00,,
1978-04-03,47,54,,0.00,,
1978-04-04,41,43,39,0.00,,
1978-04-05,38,45,,0.12,,
1978-04-06,30,37,25,0.00,,
1978-04-07,34,39,27,0.00,,
1978-04-08,36,41,30,0.00,,
1978-04-09,37,45,30,0.00,,
1978-04-10,40,52,23,0.00,,
1978-04-11,48,61,36,,,
1978-04-12,42,50,,0.35,,
1978-04-13,34,37,32,0.32,,
1978-04-14,42,57,34,0.63,,
1978-04-15,37,39,36,0.00,,
1978-04-16,41,46,30,0.00,,
1978-04-17,38,,36,0.12,,
1978-04-18,39,43,36,0.20,,
1978-04-19,52,64,41,0.02,,
1978-04-20,47,55,39,0.00,,
1978-04-21,49,63,36,0.01,,
1978-04-22,52,63,41,0.20,,
1978-04-23,53,64,37,0.04,,
1978-04-24,47,61,,0.20,,
1978-04-25,47,52,,0.12,,
1978-04-26,37,39,36,0.00,,
1978-04-27,38,46,,0.00,,
1978-04-28,40,48,32,0.00,,
1978-04-29,40,50,27,0.00,,
1978-04-30,44,54,30,0.00,,
1978-05-01,45,54,36,0.00,,
1978-05-02,44,46,41,0.67,,
1978-05-03,46,55,41,0.00,,
1978-05-04,47,57,34,0.00,,
1978-05-05,48,61,28,0.00,,
1978-05-06,54,66,36,0.00,,
1978-05-07,53,59,46,0.04,,
1978-05-08,50,55,48,0.08,,
1978-05-09,51,59,46,0.02,,
1978-05-10,42,46,,0.00,,
1978-05-11,35,,30,0.04,,
1978-05-12,35,43,,0.05,,
1978-05-13,40,52,25,0.00,,
1978-05-14,43,54,28,0.00,,
1978-05-15,46,57,28,0.00,,
1978-05-16,46,55,37,0.00,,
1978-05-17,48,61,30,0.00,,
1978-05-18,52,63,37,0.00,,
1978-05-19,55,64,45,0.02,,
1978-05-20,60,73,45,0.00,,
1978-05-21,62,77,43,0.00,,
1978-05-22,64,77,46,0.00,,
1978-05-23,64,75,,0.00,,
1978-05-24,56,68,48,0.08,,
1978-05-25,51,54,50,0.08,,
1978-05-26,57,68,48,0.00,,
1978-05-27,57,70,43,0.20,,
1978-05-28,61,72,43,0.00,,
1978-05-29,63,72,54,0.00,,
1978-05-30,62,73,52,0.00,,
1978-05-31,64,73,52,0.00,,
1978-06-01,64,75,45,0.00,,
1978-06-02,63,72,52,0.00,,
1978-06-03,57,72,39,0.00,,
1978-06-04,62,77,43,0.00,,
1978-06-05,63,79,45,0.00,,
1978-06-06,67,81,48,0.00,,
1978-06-07,69,81,59,0.00,,
1978-06-08,65,73,59,0.45,,
1978-06-09,60,64,,0.24,,
1978-06-10,55,68,46,0.24,,
1978-06-11,51,57,48,0.12,,
1978-06-12,50,54,48,0.28,,
1978-06-13,49,57,43,0.12,,
1978-06-14,52,61,45,0.32,,
1978-06-15,52,59,46,0.00,,
1978-06-16,49,57,43,0.71,,
1978-06-17,53,63,39,0.00,,
1978-06-18,47,54,41,0.00,,
1978-06-19,53,66,39,0.00,,
1978-06-20,60,70,48,0.00,,
1978-06-21,60,73,43,0.00,,
1978-06-22,64,73,50,0.00,,
1978-06-23,62,72,,0.00,,
1978-06-24,63,77,54,0.55,,
1978-06-25,56,64,,0.13,,
1978-06-26,52,59,43,0.35,,
1978-06-27,53,61,48,0.35,,
1978-06-28,58,66,43,0.00,,
1978-06-29,57,61,54,0.16,,
1978-06-30,60,66,57,0.06,,
1978-07-01,62,73,50,0.00,,
1978-07-02,59,73,52,0.43,,
1978-07-03,59,68,46,0.00,,
1978-07-04,67,75,59,0.00,,
1978-07-05,66,75,63,0.17,,
1978-07-06,61,68,,0.87,,
1978-07-07,59,68,50,0.01,,
1978-07-08,55,61,,0.00,,
1978-07-09,58,68,46,0.00,,
1978-07-10,56,61,54,0.08,,
1978-07-11,59,68,54,0.51,,
1978-07-12,61,70,55,0.12,,
1978-07-13,60,70,50,0.04,,
1978-07-14,59,66,54,0.00,,
1978-07-15,56,63,50,0.00,,
1978-07-16,53,59,48,0.02,,
1978-07-17,52,61,,0.32,,
1978-07-18,54,64,43,0.00,,
1978-07-19,56,66,41,0.00,,
1978-07-20,58,64,52,0.00,,
1978-07-21,55,59,,0.17,,
1978-07-22,54,61,45,0.12,,
1978-07-23,60,68,54,0.01,,
1978-07-24,60,68,54,0.04,,
1978-07-25,62,72,52,0.00,,
1978-07-26,62,75,50,0.00,,
1978-07-27,63,75,48,0.00,,
1978-07-28,65,79,50,0.00,,
1978-07-29,66,81,52,0.00,,
1978-07-30,68,81,52,0.00,,
1978-07-31,68,81,55,0.00,,
1978-08-01,68,81,54,0.00,,
1978-08-02,69,,57,,,
1978-08-03,67,81,59,0.51,,
1978-08-04,67,79,61,0.02,,
1978-08-05,63,72,57,0.00,,
1978-08-06,63,70,54,0.00,,
1978-08-07,64,73,54,0.00,,
1978-08-08,66,77,57,0.12,,
1978-08-09,57,,54,0.24,,
1978-08-10,56,64,54,0.35,,
1978-08-11,56,66,52,0.04,,
1978-08-12,56,64,50,0.04,,
1978-08-13,56,64,52,0.00,,
1978-08-14,58,68,48,0.00,,
1978-08-15,59,70,50,0.01,,
1978-08-16,63,77,48,0.00,,
1978-08-17,65,77,55,0.00,,
1978-08-18,59,66,55,1.10,,
1978-08-19,57,63,54,0.06,,
1978-08-20,57,64,54,0.04,,
1978-08-21,60,72,52,0.00,,
1978-08-22,60,73,48,0.00,,
1978-08-23,64,75,54,0.00,,
1978-08-24,59,66,52,0.00,,
1978-08-25,55,63,50,0.00,,
1978-08-26,53,59,48,,,
1978-08-27,50,55,46,0.08,,
1978-08-28,48,55,45,0.35,,
1978-08-29,52,59,45,0.02,,
1978-08-30,55,59,52,0.08,,
1978-08-31,52,57,48,0.39,,
1978-09-01,51,57,41,0.01,,
1978-09-02,49,54,45,0.08,,
1978-09-03,51,55,46,0.00,,
1978-09-04,50,59,46,0.09,,
1978-09-05,50,52,48,0.55,,
1978-09-06,53,61,,0.00,,
1978-09-07,53,64,41,0.00,,
1978-09-08,55,59,50,0.47,,
1978-09-09,55,61,52,0.08,,
1978-09-10,55,59,52,0.24,,
1978-09-11,58,63,54,0.22,,
1978-09-12,54,61,,0.21,,
1978-09-13,52,,48,0.02,,
1978-09-14,52,57,43,0.00,,
1978-09-15,56,63,52,0.16,,
1978-09-16,53,55,,0.04,,
1978-09-17,54,63,45,0.08,,
1978-09-18,49,55,,0.04,,
1978-09-19,47,52,,0.02,,
1978-09-20,43,54,37,0.02,,
1978-09-21,45,52,36,0.08,,
1978-09-22,47,54,39,0.16,,
1978-09-23,46,54,,0.09,,
1978-09-24,42,,32,0.00,,
1978-09-25,55,59,43,0.24,,
1978-09-26,51,57,,0.01,,
1978-09-27,49,59,,0.00,,
1978-09-28,46,57,36,0.00,,
1978-09-29,47,52,45,0.12,,
1978-09-30,43,46,39,0.00,,
1978-10-01,39,45,36,0.00,,
1978-10-02,39,48,,0.00,,
1978-10-03,42,48,30,0.00,,
1978-10-04,53,59,46,0.16,,
1978-10-05,46,,43,0.71,,
1978-10-06,48,54,,0.39,,
1978-10-07,47,54,34,0.00,,
1978-10-08,51,57,,0.00,,
1978-10-09,54,66,46,0.00,,
1978-10-10,53,61,50,0.00,,
1978-10-11,46,,39,0.00,,
1978-10-12,48,55,,0.00,,
1978-10-13,44,59,36,0.00,,
1978-10-14,47,63,34,0.00,,
1978-10-15,45,50,37,0.04,,
1978-10-16,48,50,48,0.02,,
1978-10-17,49,52,46,0.00,,
1978-10-18,45,48,39,0.00,,
1978-10-19,45,50,,0.00,,
1978-10-20,44,46,36,0.05,,
1978-10-21,40,46,,0.31,,
1978-10-22,35,41,30,0.04,,
1978-10-23,38,43,30,0.05,,
1978-10-24,47,52,39,0.02,,
1978-10-25,45,50,,0.35,,
1978-10-26,37,45,,0.01,,
1978-10-27,32,39,,0.00,,
1978-10-28,36,,25,0.00,,
1978-10-29,47,50,41,0.12,,
1978-10-30,46,48,45,0.43,,
1978-10-31,47,48,,0.12,,
1978-11-01,45,48,43,0.00,,
1978-11-02,44,,,,,
1978-11-03,41,45,39,0.00,,
1978-11-04,43,45,39,0.01,,
1978-11-05,46,48,43,0.00,,
1978-11-06,47,48,45,0.00,,
1978-11-07,42,,,0.02,,
1978-11-08,41,48,,0.20,,
1978-11-09,40,41,39,0.01,,
1978-11-10,39,41,37,0.00,,
1978-11-11,37,,,0.00,,
1978-11-12,36,37,34,0.01,,
1978-11-13,31,,30,0.00,,
1978-11-14,35,37,28,0.00,,
1978-11-15,43,46,36,0.00,,
1978-11-16,42,46,36,0.00,,
1978-11-17,40,45,37,0.00,,
1978-11-18,45,,43,0.01,,
1978-11-19,47,48,45,0.01,,
1978-11-20,41,45,36,0.00,,
1978-11-21,36,39,32,0.00,,
1978-11-22,44,50,37,0.00,,
1978-11-23,46,52,,0.01,,
1978-11-24,43,46,39,0.29,,
1978-11-25,44,46,,0.08,,
1978-11-26,38,41,36,0.00,,
1978-11-27,35,,,0.00,,
1978-11-28,35,37,32,0.02,,
1978-11-29,41,45,36,0.24,,
1978-11-30,39,41,37,0.13,,
1978-12-01,35,,,0.00,,
1978-12-02,30,,,0.01,,
1978-12-03,19,25,,0.00,,
1978-12-04,13,,10,,,
1978-12-05,19,21,,,,
1978-12-06,14,21,,0.00,,
1978-12-07,10,23,3,0.00,,
1978-12-08,12,21,3,0.00,,
1978-12-09,17,19,12,0.00,,
1978-12-10,20,23,16,0.00,,
1978-12-11,20,23,,0.00,,
1978-12-12,18,,12,0.00,,
1978-12-13,34,37,25,0.05,,
1978-12-14,37,39,,0.08,,
1978-12-15,36,37,36,0.01,,
1978-12-16,24,,,0.12,,
1978-12-17,10,,,0.16,,
1978-12-18,2,18,-15,0.00,,
1978-12-19,25,27,18,0.00,,
1978-12-20,23,30,,0.00,,
1978-12-21,7,16,,0.00,,
1978-12-22,4,10,-4,0.00,,
1978-12-23,16,21,7,0.00,,
1978-12-24,22,,14,0.00,,
1978-12-25,31,32,27,0.00,,
1978-12-26,35,36,32,0.08,,
1978-12-27,32,36,,,,
1978-12-28,21,,,0.12,,
1978-12-29,5,,,0.12,,
1978-12-30,-8,,-9,0.01,,
1978-12-31,-6,-2,-9,0.08,,
1979-01-01,-3,23,-4,0.20,,
1979-01-02,-3,,,0.00,,
1979-01-03,6,18,-9,0.04,,
1979-01-04,0,5,-6,0.02,,
1979-01-05,2,9,-6,0.01,,
1979-01-06,11,16,,0.00,,
1979-01-07,10,16,-8,0.00,,
1979-01-08,27,30,14,0.05,,
1979-01-09,29,32,,0.09,,
1979-01-10,28,32,25,0.01,,
1979-01-11,27,32,10,0.00,,
1979-01-12,29,30,,0.20,,
1979-01-13,17,25,,0.00,,
1979-01-14,24,25,7,0.16,,
1979-01-15,29,,23,0.16,,
1979-01-16,23,,,0.05,,
1979-01-17,23,25,19,0.05,,
1979-01-18,20,25,,0.00,,
1979-01-19,14,18,7,0.00,,
1979-01-20,12,18,,0.00,,
1979-01-21,7,14,1,0.00,,
1979-01-22,13,18,0,0.00,,
1979-01-23,15,19,,0.08,,
1979-01-24,20,28,5,0.01,,
1979-01-25,25,,,0.03,,
1979-01-26,24,,,,,
1979-01-27,27,32,,0.01,,
1979-01-28,29,30,21,0.16,,
1979-01-29,27,28,,0.12,,
1979-01-30,28,32,,0.52,,
1979-01-31,24,27,21,0.32,,
1979-02-01,26,32,21,0.12,,
1979-02-02,31,34,27,0.02,,
1979-02-03,30,,,0.12,,
1979-02-04,28,32,,0.00,,
1979-02-05,18,28,10,0.00,,
1979-02-06,16,25,1,0.00,,
1979-02-07,25,27,23,0.01,,
1979-02-08,22,,14,0.04,,
1979-02-09,26,28,,0.13,,
1979-02-10,23,27,,0.04,,
1979-02-11,18,30,,0.00,,
1979-02-12,11,,-6,0.00,,
1979-02-13,21,25,,,,
1979-02-14,11,14,,0.00,,
1979-02-15,9,14,5,0.20,,
1979-02-16,1,9,-6,0.01,,
1979-02-17,8,14,-2,0.00,,
1979-02-18,21,25,14,0.00,,
1979-02-19,22,30,19,0.00,,
1979-02-20,16,25,9,0.00,,
1979-02-21,13,27,5,0.00,,
1979-02-22,12,23,3,0.00,,
1979-02-23,13,27,3,0.00,,
1979-02-24,9,21,0,0.00,,
1979-02-25,14,25,-4,0.01,,
1979-02-26,23,32,14,0.00,,
1979-02-27,24,34,16,0.00,,
1979-02-28,27,37,,0.00,,
1979-03-01,27,34,16,0.00,,
1979-03-02,29,36,23,0.00,,
1979-03-03,34,39,25,0.04,,
1979-03-04,38,41,36,0.16,,
1979-03-05,33,37,,0.12,,
1979-03-06,23,28,19,0.00,,
1979-03-07,30,34,23,0.00,,
1979-03-08,33,36,32,0.00,,
1979-03-09,33,36,32,0.00,,
1979-03-10,33,36,32,0.01,,
1979-03-11,29,36,,0.08,,
1979-03-12,28,36,19,0.08,,
1979-03-13,34,37,30,0.20,,
1979-03-14,31,34,,0.04,,
1979-03-15,29,36,,0.00,,
1979-03-16,30,34,21,0.08,,
1979-03-17,35,37,,0.22,,
1979-03-18,16,,,0.24,,
1979-03-19,17,30,0,0.08,,
1979-03-20,25,28,21,0.00,,
1979-03-21,37,45,23,0.04,,
1979-03-22,39,50,28,0.00,,
1979-03-23,33,41,27,0.28,,
1979-03-24,34,37,28,0.00,,
1979-03-25,33,41,27,0.00,,
1979-03-26,37,43,28,0.00,,
1979-03-27,37,,36,0.04,,
1979-03-28,35,37,34,0.00,,
1979-03-29,37,41,34,0.00,,
1979-03-30,41,50,36,0.08,,
1979-03-31,38,,,0.08,,
1979-04-01,36,39,34,0.16,,
1979-04-02,38,46,34,0.08,,
1979-04-03,41,52,28,0.00,,
1979-04-04,38,43,36,0.00,,
1979-04-05,39,45,,0.00,,
1979-04-06,38,43,32,0.01,,
1979-04-07,37,41,34,0.00,,
1979-04-08,36,43,34,0.00,,
1979-04-09,40,50,28,0.00,,
1979-04-10,41,54,30,0.00,,
1979-04-11,42,55,32,0.00,,
1979-04-12,43,57,27,0.00,,
1979-04-13,45,61,28,0.00,,
1979-04-14,50,63,36,0.00,,
1979-04-15,41,52,,0.00,,
1979-04-16,31,41,25,0.00,,
1979-04-17,35,43,23,0.00,,
1979-04-18,36,41,30,0.00,,
1979-04-19,34,41,27,0.01,,
1979-04-20,38,43,30,0.00,,
1979-04-21,43,52,36,0.00,,
1979-04-22,47,54,39,0.00,,
1979-04-23,47,55,39,0.08,,
1979-04-24,55,66,45,0.08,,
1979-04-25,57,68,50,0.00,,
1979-04-26,53,57,,0.13,,
1979-04-27,47,50,39,0.24,,
1979-04-28,49,57,43,0.08,,
1979-04-29,46,52,41,0.00,,
1979-04-30,49,59,41,0.01,,
1979-05-01,42,50,37,0.20,,
1979-05-02,47,57,34,0.04,,
1979-05-03,43,,,0.10,,
1979-05-04,42,50,,0.13,,
1979-05-05,44,55,28,0.01,,
1979-05-06,44,50,,0.20,,
1979-05-07,42,54,30,0.00,,
1979-05-08,45,59,28,0.00,,
1979-05-09,44,50,36,0.08,,
1979-05-10,46,50,,0.12,,
1979-05-11,47,,39,0.00,,
1979-05-12,45,59,28,0.00,,
1979-05-13,51,63,32,0.00,,
1979-05-14,51,64,,0.00,,
1979-05-15,62,75,46,0.00,,
1979-05-16,63,77,46,0.00,,
1979-05-17,66,81,46,0.00,,
1979-05-18,68,79,55,0.00,,
1979-05-19,69,82,54,0.00,,
1979-05-20,64,73,57,0.00,,
1979-05-21,67,79,55,0.00,,
1979-05-22,70,81,59,0.00,,
1979-05-23,70,81,57,0.00,,
1979-05-24,70,82,57,0.00,,
1979-05-25,66,81,59,0.16,,
1979-05-26,63,70,57,0.35,,
1979-05-27,65,77,54,0.00,,
1979-05-28,65,79,,0.12,,
1979-05-29,59,,50,0.08,,
1979-05-30,63,77,48,0.00,,
1979-05-31,72,86,57,0.00,,
1979-06-01,71,86,57,0.02,,
1979-06-02,72,82,55,0.00,,
1979-06-03,73,84,59,0.00,,
1979-06-04,62,72,,0.00,,
1979-06-05,61,73,43,0.00,,
1979-06-06,65,79,46,0.00,,
1979-06-07,67,82,50,0.00,,
1979-06-08,67,81,50,0.00,,
1979-06-09,61,68,52,0.00,,
1979-06-10,57,64,48,0.00,,
1979-06-11,57,68,43,0.00,,
1979-06-12,62,75,41,0.00,,
1979-06-13,67,79,50,0.00,,
1979-06-14,68,81,55,0.08,,
1979-06-15,63,72,57,0.04,,
1979-06-16,66,77,52,0.00,,
1979-06-17,67,77,55,0.00,,
1979-06-18,68,79,57,0.00,,
1979-06-19,61,72,,0.00,,
1979-06-20,61,73,45,0.00,,
1979-06-21,63,75,50,0.00,,
1979-06-22,65,77,50,0.00,,
1979-06-23,67,77,54,0.00,,
1979-06-24,70,82,54,0.00,,
1979-06-25,71,86,52,0.00,,
1979-06-26,70,81,63,0.35,,
1979-06-27,67,81,59,1.02,,
1979-06-28,64,72,55,0.00,,
1979-06-29,65,77,50,0.00,,
1979-06-30,62,73,,0.01,,
1979-07-01,55,64,46,0.00,,
1979-07-02,55,63,46,0.00,,
1979-07-03,56,68,45,0.00,,
1979-07-04,55,66,41,0.00,,
1979-07-05,56,64,45,0.00,,
1979-07-06,55,66,48,0.12,,
1979-07-07,55,63,52,0.47,,
1979-07-08,56,63,52,0.24,,
1979-07-09,56,59,54,0.31,,
1979-07-10,58,68,55,0.12,,
1979-07-11,58,63,54,0.04,,
1979-07-12,58,63,52,0.00,,
1979-07-13,58,68,45,0.00,,
1979-07-14,61,72,50,0.00,,
1979-07-15,60,68,54,0.00,,
1979-07-16,54,63,45,0.00,,
1979-07-17,54,59,46,0.00,,
1979-07-18,57,68,50,0.02,,
1979-07-19,62,73,55,0.79,,
1979-07-20,59,64,,0.00,,
1979-07-21,58,68,50,0.00,,
1979-07-22,57,66,,0.01,,
1979-07-23,54,61,46,0.02,,
1979-07-24,56,64,,0.00,,
1979-07-25,53,61,45,0.04,,
1979-07-26,54,64,43,0.00,,
1979-07-27,56,66,43,0.00,,
1979-07-28,57,68,50,0.00,,
1979-07-29,59,70,48,0.00,,
1979-07-30,61,70,54,0.08,,
1979-07-31,62,72,55,0.00,,
1979-08-01,66,,52,,,
1979-08-02,70,79,61,0.02,,
1979-08-03,71,,63,0.00,,
1979-08-04,65,73,54,0.00,,
1979-08-05,56,59,,2.72,,
1979-08-06,59,,46,0.00,,
1979-08-07,57,68,43,0.00,,
1979-08-08,60,72,43,0.00,,
1979-08-09,66,77,57,0.01,,
1979-08-10,65,72,59,0.12,,
1979-08-11,59,63,57,0.04,,
1979-08-12,54,,,0.79,,
1979-08-13,60,70,52,0.08,,
1979-08-14,66,77,,0.00,,
1979-08-15,64,,54,,,
1979-08-16,63,75,50,0.00,,
1979-08-17,64,77,48,0.00,,
1979-08-18,61,72,52,0.12,,
1979-08-19,59,63,55,0.44,,
1979-08-20,62,66,57,0.55,,
1979-08-21,63,72,57,0.00,,
1979-08-22,62,70,54,0.00,,
1979-08-23,65,73,,0.00,,
1979-08-24,67,77,59,0.00,,
1979-08-25,62,70,,0.43,,
1979-08-26,56,,,0.17,,
1979-08-27,56,63,50,0.00,,
1979-08-28,53,55,48,0.08,,
1979-08-29,54,57,50,0.08,,
1979-08-30,56,63,50,0.00,,
1979-08-31,55,68,,0.00,,
1979-09-01,57,70,45,0.00,,
1979-09-02,63,77,52,0.00,,
1979-09-03,64,79,50,0.00,,
1979-09-04,63,73,55,1.10,,
1979-09-05,59,66,52,0.39,,
1979-09-06,56,64,46,0.00,,
1979-09-07,54,61,46,0.00,,
1979-09-08,53,63,41,0.00,,
1979-09-09,54,66,43,0.00,,
1979-09-10,54,64,46,0.00,,
1979-09-11,56,63,50,0.00,,
1979-09-12,55,61,,0.12,,
1979-09-13,55,68,37,0.00,,
1979-09-14,54,63,,0.00,,
1979-09-15,48,52,39,0.04,,
1979-09-16,46,54,39,0.04,,
1979-09-17,46,52,36,0.01,,
1979-09-18,55,64,48,0.03,,
1979-09-19,59,66,55,0.01,,
1979-09-20,61,68,,0.00,,
1979-09-21,62,70,52,0.00,,
1979-09-22,55,59,,0.00,,
1979-09-23,52,55,50,0.00,,
1979-09-24,54,57,52,0.01,,
1979-09-25,57,,,0.39,,
1979-09-26,51,57,,0.18,,
1979-09-27,53,64,43,0.00,,
1979-09-28,51,59,,0.20,,
1979-09-29,46,55,34,0.00,,
1979-09-30,44,52,,0.00,,
1979-10-01,39,48,34,0.00,,
1979-10-02,38,45,32,0.00,,
1979-10-03,34,45,23,0.00,,
1979-10-04,37,50,25,0.00,,
1979-10-05,38,48,28,0.00,,
1979-10-06,35,48,28,0.00,,
1979-10-07,37,50,23,0.00,,
1979-10-08,41,57,27,0.00,,
1979-10-09,45,61,,0.00,,
1979-10-10,47,63,32,0.00,,
1979-10-11,47,66,32,0.00,,
1979-10-12,50,64,37,0.00,,
1979-10-13,53,68,37,0.00,,
1979-10-14,56,68,45,0.00,,
1979-10-15,58,70,48,0.00,,
1979-10-16,57,70,,0.00,,
1979-10-17,53,61,45,0.08,,
1979-10-18,49,52,,0.01,,
1979-10-19,42,54,30,0.00,,
1979-10-20,46,52,37,0.08,,
1979-10-21,45,50,43,0.00,,
1979-10-22,40,48,32,0.00,,
1979-10-23,37,41,30,0.00,,
1979-10-24,35,,,0.00,,
1979-10-25,26,37,18,0.00,,
1979-10-26,28,39,19,0.00,,
1979-10-27,30,36,19,0.00,,
1979-10-28,30,36,,,,
1979-10-29,26,34,19,0.00,,
1979-10-30,27,30,25,0.00,,
1979-10-31,25,28,,0.00,,
1979-11-01,18,27,12,0.00,,
1979-11-02,17,27,12,0.00,,
1979-11-03,15,27,9,0.00,,
1979-11-04,17,32,5,0.00,,
1979-11-05,35,41,25,0.02,,
1979-11-06,36,41,,0.03,,
1979-11-07,37,39,32,0.09,,
1979-11-08,35,,,0.31,,
1979-11-09,34,,,,,
1979-11-10,37,41,,0.00,,
1979-11-11,34,36,30,0.00,,
1979-11-12,32,,,0.04,,
1979-11-13,34,36,32,0.01,,
1979-11-14,33,,,0.04,,
1979-11-15,40,45,34,0.16,,
1979-11-16,47,52,39,0.00,,
1979-11-17,46,50,39,0.08,,
1979-11-18,48,52,,0.04,,
1979-11-19,41,43,,0.00,,
1979-11-20,38,,,0.00,,
1979-11-21,34,36,34,0.00,,
1979-11-22,34,37,32,0.00,,
1979-11-23,37,39,36,0.00,,
1979-11-24,34,36,34,0.00,,
1979-11-25,35,37,32,0.02,,
1979-11-26,35,36,34,0.00,,
1979-11-27,39,41,36,0.20,,
1979-11-28,36,37,36,0.00,,
1979-11-29,37,,34,0.04,,
1979-11-30,44,46,39,0.20,,
1979-12-01,45,46,41,,,
1979-12-02,45,,,0.08,,
1979-12-03,46,46,45,0.00,,
1979-12-04,45,46,,0.00,,
1979-12-05,43,50,36,0.00,,
1979-12-06,43,,41,0.16,,
1979-12-07,39,,,0.02,,
1979-12-08,30,37,,0.00,,
1979-12-09,30,,23,0.01,,
1979-12-10,43,46,32,0.20,,
1979-12-11,39,45,,0.67,,
1979-12-12,18,,,0.04,,
1979-12-13,11,18,7,0.00,,
1979-12-14,5,,,0.01,,
1979-12-15,13,,0,0.00,,
1979-12-16,32,36,18,0.04,,
1979-12-17,35,37,32,0.00,,
1979-12-18,36,37,34,0.13,,
1979-12-19,36,37,34,0.04,,
1979-12-20,33,34,,0.04,,
1979-12-21,30,32,,0.00,,
1979-12-22,33,,27,0.00,,
1979-12-23,40,43,37,0.02,,
1979-12-24,33,,,0.00,,
1979-12-25,28,,27,0.00,,
1979-12-26,29,30,27,0.01,,
1979-12-27,28,,,0.00,,
1979-12-28,23,28,19,0.00,,
1979-12-29,22,25,18,0.00,,
1979-12-30,26,30,19,0.01,,
1979-12-31,27,30,,0.00,,
1980-01-01,24,27,19,0.00,,
1980-01-02,26,,,0.01,,
1980-01-03,27,,23,0.00,,
1980-01-04,25,28,23,0.02,,
1980-01-05,22,25,,0.00,,
1980-01-06,23,25,19,0.00,,
1980-01-07,21,25,,0.00,,
1980-01-08,22,30,10,0.00,,
1980-01-09,15,19,,0.00,,
1980-01-10,6,14,1,0.00,,
1980-01-11,6,16,-2,0.00,,
1980-01-12,21,27,,,,
1980-01-13,22,25,,0.01,,
1980-01-14,18,23,14,0.00,,
1980-01-15,13,19,7,0.00,,
1980-01-16,21,30,12,0.00,,
1980-01-17,10,21,0,0.00,,
1980-01-18,12,23,,0.00,,
1980-01-19,9,23,-4,0.00,,
1980-01-20,24,27,10,0.00,,
1980-01-21,20,23,18,0.00,,
1980-01-22,21,23,,0.00,,
1980-01-23,25,28,18,0.12,,
1980-01-24,28,,,0.18,,
1980-01-25,29,30,27,0.04,,
1980-01-26,19,,14,0.02,,
1980-01-27,12,16,5,0.06,,
1980-01-28,11,18,1,0.00,,
1980-01-29,10,19,5,0.01,,
1980-01-30,17,,9,0.04,,
1980-01-31,37,39,23,0.04,,
1980-02-01,38,41,,0.12,,
1980-02-02,27,30,25,0.00,,
1980-02-03,33,36,25,0.01,,
1980-02-04,30,,,0.04,,
1980-02-05,29,32,27,0.28,,
1980-02-06,32,34,,0.04,,
1980-02-07,30,,,0.00,,
1980-02-08,31,,28,0.01,,
1980-02-09,24,,,,,
1980-02-10,19,23,14,0.00,,
1980-02-11,24,25,21,0.13,,
1980-02-12,22,,,0.08,,
1980-02-13,13,23,,0.00,,
1980-02-14,13,25,-2,0.00,,
1980-02-15,16,25,5,0.00,,
1980-02-16,24,28,16,0.00,,
1980-02-17,31,34,27,0.08,,
1980-02-18,31,34,30,0.00,,
1980-02-19,29,32,27,0.00,,
1980-02-20,25,30,,0.00,,
1980-02-21,23,,12,0.00,,
1980-02-22,23,25,21,0.00,,
1980-02-23,25,25,23,0.00,,
1980-02-24,22,23,21,0.00,,
1980-02-25,20,,16,0.00,,
1980-02-26,24,28,18,0.00,,
1980-02-27,26,28,,0.00,,
1980-02-28,18,32,7,0.00,,
1980-02-29,23,27,9,0.00,,
1980-03-01,30,34,25,0.35,,
1980-03-02,33,36,,0.28,,
1980-03-03,26,,,0.24,,
1980-03-04,21,27,14,0.00,,
1980-03-05,20,28,,0.00,,
1980-03-06,21,34,3,0.00,,
1980-03-07,27,34,16,0.00,,
1980-03-08,31,32,30,0.05,,
1980-03-09,28,,,0.03,,
1980-03-10,26,28,25,0.06,,
1980-03-11,28,32,25,0.08,,
1980-03-12,24,27,,0.08,,
1980-03-13,21,25,18,0.00,,
1980-03-14,22,28,16,0.00,,
1980-03-15,23,34,14,0.00,,
1980-03-16,22,36,12,0.00,,
1980-03-17,22,37,5,0.00,,
1980-03-18,21,30,10,0.00,,
1980-03-19,17,25,7,0.00,,
1980-03-20,13,28,-4,0.00,,
1980-03-21,14,27,-2,0.00,,
1980-03-22,14,27,3,0.00,,
1980-03-23,17,28,5,0.00,,
1980-03-24,23,32,14,0.00,,
1980-03-25,25,30,23,0.00,,
1980-03-26,30,,21,0.01,,
1980-03-27,35,43,30,0.00,,
1980-03-28,36,,30,0.00,,
1980-03-29,36,37,34,0.20,,
1980-03-30,38,,34,,,
1980-03-31,37,43,,0.02,,
1980-04-01,36,45,,0.00,,
1980-04-02,37,48,25,0.00,,
1980-04-03,37,41,,0.16,,
1980-04-04,35,36,32,0.04,,
1980-04-05,36,37,34,0.12,,
1980-04-06,40,66,,,,
1980-04-07,40,52,28,0.00,,
1980-04-08,42,48,37,0.01,,
1980-04-09,37,45,,0.20,,
1980-04-10,34,43,27,0.00,,
1980-04-11,35,45,25,0.01,,
1980-04-12,40,52,25,0.00,,
1980-04-13,39,52,30,0.00,,
1980-04-14,47,59,34,0.00,,
1980-04-15,46,55,32,0.00,,
1980-04-16,41,55,28,0.00,,
1980-04-17,43,57,27,0.00,,
1980-04-18,43,57,32,0.00,,
1980-04-19,38,48,,0.24,,
1980-04-20,35,43,30,0.00,,
1980-04-21,41,52,27,0.00,,
1980-04-22,45,52,43,0.24,,
1980-04-23,50,55,46,0.04,,
1980-04-24,47,52,45,0.20,,
1980-04-25,46,55,36,0.00,,
1980-04-26,48,61,34,0.00,,
1980-04-27,54,66,37,0.00,,
1980-04-28,50,55,43,0.24,,
1980-04-29,49,52,,0.32,,
1980-04-30,48,59,39,0.00,,
1980-05-01,46,55,34,0.00,,
1980-05-02,41,,,0.01,,
1980-05-03,35,37,32,0.00,,
1980-05-04,35,45,25,0.00,,
1980-05-05,37,43,23,0.00,,
1980-05-06,43,52,27,0.00,,
1980-05-07,45,50,37,0.00,,
1980-05-08,54,64,46,0.00,,
1980-05-09,56,72,39,0.00,,
1980-05-10,48,57,41,0.51,,
1980-05-11,47,57,36,0.00,,
1980-05-12,44,52,34,0.00,,
1980-05-13,40,,32,0.00,,
1980-05-14,41,50,30,0.00,,
1980-05-15,44,54,30,0.00,,
1980-05-16,49,57,39,0.00,,
1980-05-17,48,50,45,0.08,,
1980-05-18,54,63,45,0.00,,
1980-05-19,53,,43,,,
1980-05-20,46,52,41,0.00,,
1980-05-21,44,50,37,0.00,,
1980-05-22,40,46,,0.00,,
1980-05-23,40,50,27,0.00,,
1980-05-24,47,59,30,0.00,,
1980-05-25,47,59,37,0.00,,
1980-05-26,49,61,32,0.00,,
1980-05-27,52,61,41,0.00,,
1980-05-28,62,73,36,0.00,,
1980-05-29,62,72,55,0.16,,
1980-05-30,65,75,54,0.00,,
1980-05-31,62,70,54,0.35,,
1980-06-01,62,70,,0.00,,
1980-06-02,49,52,,0.24,,
1980-06-03,52,55,48,0.02,,
1980-06-04,63,75,54,0.08,,
1980-06-05,57,61,52,0.00,,
1980-06-06,58,,52,0.04,,
1980-06-07,61,70,50,0.02,,
1980-06-08,64,77,48,0.00,,
1980-06-09,65,79,50,0.04,,
1980-06-10,67,79,54,0.00,,
1980-06-11,66,75,57,0.01,,
1980-06-12,65,73,,0.00,,
1980-06-13,61,72,,0.00,,
1980-06-14,61,73,43,0.00,,
1980-06-15,65,77,48,0.00,,
1980-06-16,58,61,,2.17,,
1980-06-17,55,55,52,0.00,,
1980-06-18,58,64,48,0.00,,
1980-06-19,60,68,54,0.09,,
1980-06-20,62,72,55,0.35,,
1980-06-21,59,68,,0.01,,
1980-06-22,59,68,45,0.31,,
1980-06-23,59,70,50,0.02,,
1980-06-24,58,68,,0.55,,
1980-06-25,58,68,48,0.00,,
1980-06-26,59,66,54,0.00,,
1980-06-27,57,68,43,0.00,,
1980-06-28,56,64,46,0.00,,
1980-06-29,56,68,46,0.08,,
1980-06-30,54,63,43,0.08,,
1980-07-01,54,63,45,0.00,,
1980-07-02,58,70,45,0.00,,
1980-07-03,56,59,54,1.14,,
1980-07-04,56,63,52,0.63,,
1980-07-05,56,63,46,0.08,,
1980-07-06,58,66,52,0.24,,
1980-07-07,59,70,,0.00,,
1980-07-08,61,72,48,0.04,,
1980-07-09,64,70,59,0.08,,
1980-07-10,61,70,,0.55,,
1980-07-11,59,66,55,0.83,,
1980-07-12,60,70,46,0.00,,
1980-07-13,56,57,54,1.14,,
1980-07-14,56,64,50,0.20,,
1980-07-15,60,70,45,0.24,,
1980-07-16,64,73,59,0.14,,
1980-07-17,56,61,52,0.16,,
1980-07-18,56,63,50,0.00,,
1980-07-19,59,64,52,0.04,,
1980-07-20,62,70,55,0.31,,
1980-07-21,65,77,54,0.05,,
1980-07-22,61,64,55,0.09,,
1980-07-23,66,72,61,0.00,,
1980-07-24,68,75,61,0.12,,
1980-07-25,68,75,63,0.02,,
1980-07-26,67,72,64,0.16,,
1980-07-27,65,72,63,0.32,,
1980-07-28,63,66,63,0.35,,
1980-07-29,65,72,61,0.16,,
1980-07-30,67,77,57,0.00,,
1980-07-31,68,79,57,0.04,,
1980-08-01,64,79,55,0.20,,
1980-08-02,66,72,61,0.28,,
1980-08-03,65,73,57,0.00,,
1980-08-04,68,77,57,0.08,,
1980-08-05,67,77,,0.00,,
1980-08-06,66,72,61,0.12,,
1980-08-07,61,68,57,0.00,,
1980-08-08,62,70,55,0.00,,
1980-08-09,59,64,54,0.16,,
1980-08-10,57,64,50,0.08,,
1980-08-11,54,64,48,0.08,,
1980-08-12,60,70,52,,,
1980-08-13,61,72,46,0.00,,
1980-08-14,63,72,55,0.00,,
1980-08-15,65,75,54,0.00,,
1980-08-16,63,,55,,,
1980-08-17,59,68,52,0.00,,
1980-08-18,55,59,50,0.01,,
1980-08-19,59,68,52,0.00,,
1980-08-20,59,70,45,0.00,,
1980-08-21,58,66,,0.39,,
1980-08-22,53,59,50,0.05,,
1980-08-23,54,59,50,0.39,,
1980-08-24,52,55,,0.09,,
1980-08-25,51,59,,0.00,,
1980-08-26,52,61,46,0.17,,
1980-08-27,52,61,45,0.24,,
1980-08-28,54,66,37,0.00,,
1980-08-29,62,72,50,0.04,,
1980-08-30,62,68,55,0.00,,
1980-08-31,63,68,,0.28,,
1980-09-01,53,61,48,0.08,,
1980-09-02,54,63,,0.00,,
1980-09-03,51,59,37,0.00,,
1980-09-04,56,66,46,0.00,,
1980-09-05,57,70,45,0.00,,
1980-09-06,62,75,46,0.00,,
1980-09-07,60,68,,0.00,,
1980-09-08,61,73,46,0.00,,
1980-09-09,64,73,52,0.00,,
1980-09-10,57,63,,0.00,,
1980-09-11,53,57,45,0.01,,
1980-09-12,55,59,52,0.25,,
1980-09-13,54,59,48,0.12,,
1980-09-14,51,55,46,0.20,,
1980-09-15,53,59,48,0.08,,
1980-09-16,54,61,50,0.20,,
1980-09-17,51,59,,0.00,,
1980-09-18,49,57,37,0.08,,
1980-09-19,52,61,46,0.00,,
1980-09-20,50,63,39,0.00,,
1980-09-21,53,66,37,0.00,,
1980-09-22,53,66,39,0.00,,
1980-09-23,52,59,,0.00,,
1980-09-24,48,57,39,0.00,,
1980-09-25,52,59,43,0.00,,
1980-09-26,51,54,,0.51,,
1980-09-27,50,55,46,0.05,,
1980-09-28,52,57,50,0.01,,
1980-09-29,47,52,,0.00,,
1980-09-30,43,54,34,0.02,,
1980-10-01,50,54,45,0.55,,
1980-10-02,47,54,45,0.18,,
1980-10-03,48,52,43,0.12,,
1980-10-04,46,54,,0.00,,
1980-10-05,43,50,30,0.00,,
1980-10-06,45,46,41,0.16,,
1980-10-07,50,55,43,0.08,,
1980-10-08,51,,,0.24,,
1980-10-09,47,48,46,0.83,,
1980-10-10,45,48,43,0.31,,
1980-10-11,50,57,,0.47,,
1980-10-12,48,55,41,0.00,,
1980-10-13,49,52,46,0.00,,
1980-10-14,48,50,,0.47,,
1980-10-15,45,46,,0.20,,
1980-10-16,41,46,36,0.28,,
1980-10-17,44,54,34,0.00,,
1980-10-18,53,57,46,0.06,,
1980-10-19,51,54,,0.75,,
1980-10-20,43,50,36,0.00,,
1980-10-21,37,41,34,0.00,,
1980-10-22,41,,37,0.08,,
1980-10-23,45,52,37,0.00,,
1980-10-24,47,54,43,0.01,,
1980-10-25,49,55,46,0.00,,
1980-10-26,40,,,0.12,,
1980-10-27,33,43,27,0.00,,
1980-10-28,48,55,32,0.33,,
1980-10-29,53,59,,0.00,,
1980-10-30,44,48,,0.24,,
1980-10-31,31,34,,,,
1980-11-01,25,28,21,0.00,,
1980-11-02,24,27,19,0.00,,
1980-11-03,25,27,23,0.00,,
1980-11-04,23,25,21,0.01,,
1980-11-05,29,32,25,0.00,,
1980-11-06,27,32,25,0.00,,
1980-11-07,28,32,21,0.00,,
1980-11-08,29,32,27,0.00,,
1980-11-09,28,,27,0.01,,
1980-11-10,31,34,,0.01,,
1980-11-11,27,32,,,,
1980-11-12,28,32,19,0.00,,
1980-11-13,32,36,28,0.00,,
1980-11-14,34,,30,0.02,,
1980-11-15,34,,32,0.12,,
1980-11-16,42,48,34,0.43,,
1980-11-17,49,52,,0.12,,
1980-11-18,47,52,43,0.00,,
1980-11-19,41,,,0.00,,
1980-11-20,31,36,,0.02,,
1980-11-21,34,39,21,0.00,,
1980-11-22,46,48,39,0.00,,
1980-11-23,50,52,46,0.00,,
1980-11-24,50,52,,0.00,,
1980-11-25,45,52,,0.17,,
1980-11-26,38,41,34,0.16,,
1980-11-27,28,,,0.00,,
1980-11-28,26,28,19,,,
1980-11-29,26,27,25,0.00,,
1980-11-30,18,25,,0.16,,
1980-12-01,7,14,,0.00,,
1980-12-02,7,18,-2,0.00,,
1980-12-03,15,,3,,,
1980-12-04,22,27,,0.02,,
1980-12-05,12,16,,0.00,,
1980-12-06,11,12,5,0.00,,
1980-12-07,9,14,1,0.00,,
1980-12-08,18,23,10,0.00,,
1980-12-09,26,,14,0.04,,
1980-12-10,33,34,28,0.20,,
1980-12-11,32,34,30,0.24,,
1980-12-12,36,39,34,0.37,,
1980-12-13,36,39,34,0.08,,
1980-12-14,40,43,36,0.05,,
1980-12-15,41,45,37,0.16,,
1980-12-16,41,41,39,0.01,,
1980-12-17,29,,,0.08,,
1980-12-18,22,27,18,0.00,,
1980-12-19,29,32,21,0.00,,
1980-12-20,34,37,30,0.00,,
1980-12-21,35,36,34,0.12,,
1980-12-22,35,,,0.00,,
1980-12-23,34,,32,0.04,,
1980-12-24,39,,36,0.08,,
1980-12-25,44,46,36,0.04,,
1980-12-26,40,,,0.01,,
1980-12-27,29,32,27,0.00,,
1980-12-28,28,30,25,0.00,,
1980-12-29,33,36,28,0.04,,
1980-12-30,40,43,34,0.06,,
1980-12-31,41,,,0.02,,
1981-01-01,35,,,0.08,,
1981-01-02,33,34,30,0.05,,
1981-01-03,30,32,27,0.13,,
1981-01-04,29,,,0.24,,
1981-01-05,18,25,12,0.00,,
1981-01-06,19,23,16,0.00,,
1981-01-07,13,19,,0.00,,
1981-01-08,13,18,3,0.00,,
1981-01-09,16,19,12,0.00,,
1981-01-10,19,23,18,0.00,,
1981-01-11,22,27,18,0.06,,
1981-01-12,26,,19,0.00,,
1981-01-13,25,27,23,0.00,,
1981-01-14,26,28,21,0.02,,
1981-01-15,26,,,0.08,,
1981-01-16,28,30,25,0.00,,
1981-01-17,25,30,,0.00,,
1981-01-18,28,30,19,0.13,,
1981-01-19,25,,21,0.02,,
1981-01-20,23,25,,0.00,,
1981-01-21,22,23,21,0.00,,
1981-01-22,22,23,,0.00,,
1981-01-23,20,25,14,0.00,,
1981-01-24,23,28,,0.00,,
1981-01-25,22,30,12,0.12,,
1981-01-26,31,32,,0.12,,
1981-01-27,16,,,0.00,,
1981-01-28,17,27,1,0.00,,
1981-01-29,24,,16,0.00,,
1981-01-30,34,34,28,0.01,,
1981-01-31,35,36,32,0.00,,
1981-02-01,35,36,34,0.04,,
1981-02-02,36,37,34,0.06,,
1981-02-03,38,43,34,0.02,,
1981-02-04,36,37,34,0.08,,
1981-02-05,33,37,,,,
1981-02-06,31,36,25,0.01,,
1981-02-07,35,39,30,0.09,,
1981-02-08,36,48,30,0.16,,
1981-02-09,34,39,,0.00,,
1981-02-10,28,36,19,0.00,,
1981-02-11,32,36,,0.12,,
1981-02-12,27,34,,0.00,,
1981-02-13,23,30,14,0.00,,
1981-02-14,20,21,,0.00,,
1981-02-15,25,,18,0.00,,
1981-02-16,22,,,0.02,,
1981-02-17,17,27,5,0.00,,
1981-02-18,19,21,12,0.00,,
1981-02-19,22,25,19,0.01,,
1981-02-20,26,28,21,0.04,,
1981-02-21,26,32,,0.00,,
1981-02-22,21,,10,0.00,,
1981-02-23,33,36,27,0.01,,
1981-02-24,29,34,,0.00,,
1981-02-25,24,37,16,0.00,,
1981-02-26,21,32,12,0.00,,
1981-02-27,20,30,12,0.00,,
1981-02-28,22,32,14,0.00,,
1981-03-01,21,32,12,0.00,,
1981-03-02,23,30,12,0.00,,
1981-03-03,30,39,23,0.00,,
1981-03-04,31,41,23,0.00,,
1981-03-05,28,30,,0.00,,
1981-03-06,29,32,25,0.08,,
1981-03-07,29,,16,0.00,,
1981-03-08,44,46,36,0.35,,
1981-03-09,46,52,43,0.05,,
1981-03-10,36,,,0.12,,
1981-03-11,31,39,27,0.00,,
1981-03-12,27,,,0.00,,
1981-03-13,28,34,21,0.00,,
1981-03-14,34,,30,0.02,,
1981-03-15,35,39,,0.16,,
1981-03-16,25,34,21,0.02,,
1981-03-17,27,36,16,0.00,,
1981-03-18,32,37,28,0.16,,
1981-03-19,33,36,28,0.00,,
1981-03-20,39,46,30,0.00,,
1981-03-21,45,54,36,0.00,,
1981-03-22,47,61,36,0.00,,
1981-03-23,43,54,,0.00,,
1981-03-24,43,57,27,0.08,,
1981-03-25,43,,,2.02,,
1981-03-26,49,57,34,0.04,,
1981-03-27,45,,,,,
1981-03-28,31,39,,0.00,,
1981-03-29,32,43,21,0.00,,
1981-03-30,39,48,28,0.00,,
1981-03-31,42,50,34,0.00,,
1981-04-01,44,55,36,0.00,,
1981-04-02,42,68,30,0.00,,
1981-04-03,39,50,27,0.00,,
1981-04-04,38,52,27,0.00,,
1981-04-05,40,54,27,0.00,,
1981-04-06,44,54,28,0.00,,
1981-04-07,45,61,32,0.00,,
1981-04-08,44,57,32,0.00,,
1981-04-09,41,54,27,0.01,,
1981-04-10,39,48,,0.16,,
1981-04-11,41,57,25,0.00,,
1981-04-12,49,63,28,0.00,,
1981-04-13,50,64,,0.00,,
1981-04-14,39,45,34,0.00,,
1981-04-15,40,46,,0.00,,
1981-04-16,35,39,30,0.00,,
1981-04-17,31,37,,,,
1981-04-18,31,43,19,0.00,,
1981-04-19,36,45,25,0.00,,
1981-04-20,38,45,,0.00,,
1981-04-21,37,48,27,0.00,,
1981-04-22,31,39,27,0.08,,
1981-04-23,30,41,18,0.00,,
1981-04-24,33,45,19,0.00,,
1981-04-25,39,52,23,0.01,,
1981-04-26,42,52,28,0.00,,
1981-04-27,47,55,39,0.00,,
1981-04-28,45,48,,0.20,,
1981-04-29,39,,,0.12,,
1981-04-30,39,48,23,0.16,,
1981-05-01,40,46,,0.04,,
1981-05-02,39,48,30,0.12,,
1981-05-03,38,46,,0.00,,
1981-05-04,41,54,25,0.00,,
1981-05-05,47,55,36,0.02,,
1981-05-06,51,55,46,0.50,,
1981-05-07,45,50,43,0.00,,
1981-05-08,54,68,45,0.21,,
1981-05-09,62,77,48,0.04,,
1981-05-10,64,77,48,0.00,,
1981-05-11,67,79,55,0.00,,
1981-05-12,64,77,52,0.00,,
1981-05-13,63,73,55,0.00,,
1981-05-14,55,64,45,0.00,,
1981-05-15,53,66,36,0.00,,
1981-05-16,58,72,39,0.00,,
1981-05-17,62,73,43,0.00,,
1981-05-18,62,77,50,0.00,,
1981-05-19,58,66,52,0.08,,
1981-05-20,58,66,48,0.00,,
1981-05-21,61,73,45,0.00,,
1981-05-22,62,73,46,0.00,,
1981-05-23,62,72,46,0.00,,
1981-05-24,58,70,52,0.20,,
1981-05-25,61,70,52,0.00,,
1981-05-26,66,77,55,0.00,,
1981-05-27,71,81,59,,,
1981-05-28,66,,59,,,
1981-05-29,59,66,54,0.75,,
1981-05-30,59,,,,,
1981-05-31,59,72,37,0.00,,
1981-06-01,63,75,46,0.00,,
1981-06-02,68,79,50,0.00,,
1981-06-03,67,77,57,0.00,,
1981-06-04,70,,54,0.00,,
1981-06-05,63,72,,0.08,,
1981-06-06,65,73,50,0.00,,
1981-06-07,62,70,52,0.08,,
1981-06-08,67,75,,,,
1981-06-09,71,81,57,0.00,,
1981-06-10,68,77,63,0.08,,
1981-06-11,61,,48,0.00,,
1981-06-12,65,79,52,0.04,,
1981-06-13,48,54,,0.24,,
1981-06-14,50,55,43,0.00,,
1981-06-15,55,59,50,0.12,,
1981-06-16,57,68,,0.00,,
1981-06-17,52,55,46,0.00,,
1981-06-18,57,64,50,0.00,,
1981-06-19,54,59,50,0.20,,
1981-06-20,53,57,52,0.09,,
1981-06-21,57,68,41,0.00,,
1981-06-22,57,64,48,0.04,,
1981-06-23,61,68,52,0.02,,
1981-06-24,69,81,57,0.39,,
1981-06-25,64,73,57,0.28,,
1981-06-26,64,73,52,0.00,,
1981-06-27,63,72,57,0.44,,
1981-06-28,65,75,55,0.00,,
1981-06-29,72,82,57,0.00,,
1981-06-30,62,,,0.08,,
1981-07-01,56,63,48,0.00,,
1981-07-02,62,72,50,0.00,,
1981-07-03,69,79,57,0.00,,
1981-07-04,60,70,,0.01,,
1981-07-05,60,,46,0.00,,
1981-07-06,61,72,45,0.00,,
1981-07-07,64,73,48,0.00,,
1981-07-08,67,77,50,0.00,,
1981-07-09,69,79,,0.00,,
1981-07-10,69,81,54,0.00,,
1981-07-11,68,81,55,0.00,,
1981-07-12,68,79,50,0.00,,
1981-07-13,69,79,55,0.00,,
1981-07-14,67,79,59,0.63,,
1981-07-15,62,70,,0.08,,
1981-07-16,60,68,54,0.02,,
1981-07-17,62,73,50,0.51,,
1981-07-18,65,75,59,0.33,,
1981-07-19,74,84,64,0.00,,
1981-07-20,64,73,,0.00,,
1981-07-21,59,63,57,0.06,,
1981-07-22,58,64,54,0.12,,
1981-07-23,65,77,54,0.00,,
1981-07-24,72,86,59,0.00,,
1981-07-25,71,84,59,0.04,,
1981-07-26,62,70,55,0.20,,
1981-07-27,62,70,50,0.00,,
1981-07-28,63,70,54,0.00,,
1981-07-29,62,64,59,0.24,,
1981-07-30,61,70,57,0.87,,
1981-07-31,58,63,54,0.02,,
1981-08-01,60,72,48,0.00,,
1981-08-02,63,72,55,0.28,,
1981-08-03,60,68,54,0.04,,
1981-08-04,61,70,48,0.00,,
1981-08-05,66,75,50,0.00,,
1981-08-06,66,81,50,0.00,,
1981-08-07,68,82,52,0.00,,
1981-08-08,71,84,55,0.00,,
1981-08-09,69,77,61,0.00,,
1981-08-10,62,72,,0.00,,
1981-08-11,63,72,52,0.00,,
1981-08-12,64,73,50,0.00,,
1981-08-13,63,73,50,0.00,,
1981-08-14,63,77,50,0.00,,
1981-08-15,65,72,57,0.60,,
1981-08-16,66,77,57,0.04,,
1981-08-17,59,64,,0.87,,
1981-08-18,56,66,46,0.00,,
1981-08-19,58,70,46,0.00,,
1981-08-20,63,72,54,0.01,,
1981-08-21,63,72,,0.16,,
1981-08-22,57,61,54,0.12,,
1981-08-23,56,68,45,0.08,,
1981-08-24,55,57,,,,
1981-08-25,54,63,50,0.20,,
1981-08-26,54,63,43,0.00,,
1981-08-27,52,57,,0.13,,
1981-08-28,47,52,43,0.33,,
1981-08-29,51,54,48,0.71,,
1981-08-30,54,63,50,0.02,,
1981-08-31,52,59,45,0.02,,
1981-09-01,52,61,41,0.00,,
1981-09-02,51,61,41,0.00,,
1981-09-03,49,63,39,0.00,,
1981-09-04,53,64,45,0.00,,
1981-09-05,55,64,,0.00,,
1981-09-06,57,66,46,0.00,,
1981-09-07,55,68,45,0.00,,
1981-09-08,56,,41,,,
1981-09-09,60,75,46,0.00,,
1981-09-10,60,72,50,0.00,,
1981-09-11,59,66,55,0.00,,
1981-09-12,56,63,,0.00,,
1981-09-13,51,64,39,0.00,,
1981-09-14,53,59,46,0.16,,
1981-09-15,52,55,,0.51,,
1981-09-16,49,54,,0.00,,
1981-09-17,45,54,39,0.02,,
1981-09-18,46,55,37,0.00,,
1981-09-19,47,55,39,0.00,,
1981-09-20,50,55,45,0.12,,
1981-09-21,63,77,50,0.01,,
1981-09-22,65,73,54,0.00,,
1981-09-23,65,77,,0.04,,
1981-09-24,53,59,,0.00,,
1981-09-25,55,66,37,0.00,,
1981-09-26,59,68,,0.04,,
1981-09-27,63,70,48,0.00,,
1981-09-28,65,75,57,0.00,,
1981-09-29,60,70,,0.00,,
1981-09-30,59,73,46,0.00,,
1981-10-01,60,73,46,0.00,,
1981-10-02,56,66,45,0.04,,
1981-10-03,56,64,54,0.00,,
1981-10-04,56,64,50,0.00,,
1981-10-05,53,59,46,0.04,,
1981-10-06,53,64,43,0.00,,
1981-10-07,58,64,54,0.00,,
1981-10-08,50,57,43,0.04,,
1981-10-09,52,57,46,0.00,,
1981-10-10,50,57,,0.20,,
1981-10-11,46,52,43,0.24,,
1981-10-12,45,48,41,0.00,,
1981-10-13,42,45,,0.12,,
1981-10-14,38,46,30,0.02,,
1981-10-15,38,45,,0.00,,
1981-10-16,37,50,25,0.00,,
1981-10-17,40,50,32,0.00,,
1981-10-18,37,46,27,0.04,,
1981-10-19,39,48,,2.01,,
1981-10-20,45,52,30,0.10,,
1981-10-21,52,54,52,0.08,,
1981-10-22,56,61,50,0.03,,
1981-10-23,48,55,,0.00,,
1981-10-24,41,43,37,0.00,,
1981-10-25,39,41,,0.28,,
1981-10-26,36,43,28,0.00,,
1981-10-27,44,55,34,0.00,,
1981-10-28,45,46,43,0.12,,
1981-10-29,44,46,41,0.00,,
1981-10-30,46,50,,,,
1981-10-31,44,46,,,,
1981-11-01,42,45,39,0.63,,
1981-11-02,43,46,39,0.60,,
1981-11-03,39,43,,0.24,,
1981-11-04,39,,30,0.00,,
1981-11-05,41,45,,0.20,,
1981-11-06,39,43,36,0.12,,
1981-11-07,37,39,,0.03,,
1981-11-08,33,36,,0.04,,
1981-11-09,31,34,27,0.00,,
1981-11-10,32,36,28,0.00,,
1981-11-11,33,37,,0.00,,
1981-11-12,35,,27,0.29,,
1981-11-13,38,43,36,0.16,,
1981-11-14,36,39,,0.00,,
1981-11-15,35,37,32,0.02,,
1981-11-16,31,34,,0.00,,
1981-11-17,24,32,18,0.00,,
1981-11-18,23,28,14,0.00,,
1981-11-19,30,,23,0.04,,
1981-11-20,35,,34,0.08,,
1981-11-21,44,54,,,,
1981-11-22,39,43,37,0.02,,
1981-11-23,46,50,39,2.91,,
1981-11-24,43,48,,0.04,,
1981-11-25,37,39,,0.00,,
1981-11-26,31,34,,0.02,,
1981-11-27,30,34,25,0.00,,
1981-11-28,35,37,,0.20,,
1981-11-29,31,32,30,0.18,,
1981-11-30,32,,30,0.47,,
1981-12-01,31,34,30,0.02,,
1981-12-02,32,34,,0.04,,
1981-12-03,31,34,,0.00,,
1981-12-04,31,34,25,0.43,,
1981-12-05,31,,,0.04,,
1981-12-06,29,30,28,0.08,,
1981-12-07,31,32,27,0.10,,
1981-12-08,29,32,,0.02,,
1981-12-09,24,27,21,0.13,,
1981-12-10,25,30,19,0.00,,
1981-12-11,22,27,,0.02,,
1981-12-12,30,36,19,0.01,,
1981-12-13,24,,,0.02,,
1981-12-14,14,21,,0.00,,
1981-12-15,13,,1,0.04,,
1981-12-16,6,,0,0.00,,
1981-12-17,11,16,1,0.00,,
1981-12-18,8,,,0.00,,
1981-12-19,17,,-2,0.08,,
1981-12-20,22,28,14,0.02,,
1981-12-21,17,,,,,
1981-12-22,4,,0,0.00,,
1981-12-23,22,,9,0.00,,
1981-12-24,34,36,32,0.08,,
1981-12-25,33,34,32,0.00,,
1981-12-26,32,,,0.43,,
1981-12-27,29,32,,0.09,,
1981-12-28,26,,25,0.00,,
1981-12-29,28,32,,0.00,,
1981-12-30,34,36,30,0.03,,
1981-12-31,35,,32,0.08,,
1982-01-01,38,40,,,,
1982-01-02,34,,33,0.08,,3.9
1982-01-03,33,,32,0.00,,3.1
1982-01-04,39,,32,,,2.8
1982-01-05,35,,,,,
1982-01-06,20,29,,,,0.4
1982-01-07,3,,,,,9.1
1982-01-08,7,,,,,
1982-01-09,13,,4,,,9.1
1982-01-10,16,,12,,,10.2
1982-01-11,21,24,18,,,11.0
1982-01-12,23,25,19,0.00,,10.2
1982-01-13,19,,15,,,10.2
1982-01-14,21,26,15,,,9.4
1982-01-15,19,27,,,,7.9
1982-01-16,9,27,2,,,7.1
1982-01-17,11,,0,,,6.7
1982-01-18,16,26,7,,,6.7
1982-01-19,21,30,14,,,5.9
1982-01-20,20,22,17,,,5.1
1982-01-21,20,22,,,,5.1
1982-01-22,22,,20,,,5.1
1982-01-23,21,31,,,,
1982-01-24,26,30,20,,,5.1
1982-01-25,28,,,,,
1982-01-26,30,,29,,,5.1
1982-01-27,33,35,30,0.00,,5.1
1982-01-28,27,,,,,3.5
1982-01-29,29,32,21,,,4.3
1982-01-30,32,33,,,,
1982-01-31,31,,,0.08,,5.5
1982-02-01,27,,,0.00,,8.7
1982-02-02,24,,,0.00,,
1982-02-03,20,,,,,9.1
1982-02-04,16,19,14,,,9.1
1982-02-05,16,26,10,,,8.7
1982-02-06,20,,6,,,8.3
1982-02-07,34,35,26,,,7.9
1982-02-08,34,35,,,,5.5
1982-02-09,31,33,,0.00,,4.7
1982-02-10,30,35,26,0.00,,4.3
1982-02-11,29,34,23,0.00,,3.9
1982-02-12,30,35,22,0.00,,3.1
1982-02-13,32,35,28,0.00,,2.8
1982-02-14,31,35,,0.00,,2.4
1982-02-15,21,30,,,,2.4
1982-02-16,20,33,11,,,2.0
1982-02-17,20,,17,,,2.0
1982-02-18,24,28,12,0.00,,2.0
1982-02-19,23,27,,,,2.0
1982-02-20,18,29,,,,1.6
1982-02-21,17,,6,0.00,,1.6
1982-02-22,20,21,18,,,1.6
1982-02-23,22,31,18,0.00,,1.6
1982-02-24,27,33,20,,,1.6
1982-02-25,30,32,28,,,2.4
1982-02-26,27,,,0.00,,2.4
1982-02-27,24,26,20,,,2.4
1982-02-28,26,29,,,,3.5
1982-03-01,32,36,18,0.00,,3.5
1982-03-02,38,42,34,0.00,,2.0
1982-03-03,38,43,33,0.00,,1.6
1982-03-04,41,46,37,,,
1982-03-05,37,,,,,
1982-03-06,31,35,28,,,
1982-03-07,27,36,16,0.00,,
1982-03-08,27,,15,,,
1982-03-09,29,43,16,0.00,,
1982-03-10,34,44,23,0.00,,
1982-03-11,35,44,,,,
1982-03-12,35,38,,,,0.4
1982-03-13,33,39,29,0.00,,
1982-03-14,33,45,24,0.00,,
1982-03-15,36,46,26,0.00,,
1982-03-16,38,46,26,0.00,,
1982-03-17,37,47,29,,,
1982-03-18,35,44,30,0.00,,
1982-03-19,33,36,30,,,
1982-03-20,35,38,,0.00,,
1982-03-21,30,40,,0.00,,
1982-03-22,31,45,,0.00,,
1982-03-23,32,46,20,,,
1982-03-24,35,47,21,0.00,,
1982-03-25,38,42,29,,,
1982-03-26,40,47,,,,
1982-03-27,45,62,33,0.00,,
1982-03-28,45,63,27,0.00,,
1982-03-29,43,52,,,,
1982-03-30,39,44,34,,,
1982-03-31,42,49,36,0.00,,
1982-04-01,42,56,32,0.00,,
1982-04-02,44,60,28,0.00,,
1982-04-03,49,65,31,0.00,,
1982-04-04,44,,,,,
1982-04-05,44,,,,,
1982-04-06,46,60,29,0.00,,
1982-04-07,47,62,29,,,
1982-04-08,48,52,41,,,
1982-04-09,36,,32,0.08,,
1982-04-10,35,40,31,0.05,,
1982-04-11,36,42,32,,,
1982-04-12,35,42,31,,,0.4
1982-04-13,36,44,31,0.04,,
1982-04-14,34,43,26,,,
1982-04-15,38,51,21,0.00,,
1982-04-16,42,50,30,0.00,,
1982-04-17,42,47,36,,,
1982-04-18,38,47,29,,,
1982-04-19,35,41,30,,,
1982-04-20,36,41,32,,,
1982-04-21,34,39,30,0.08,,0.8
1982-04-22,35,41,,,,0.8
1982-04-23,39,50,24,,,
1982-04-24,47,57,38,0.00,,
1982-04-25,48,58,35,0.00,,
1982-04-26,42,52,35,,,
1982-04-27,41,47,35,,,
1982-04-28,45,53,34,0.00,,
1982-04-29,47,54,40,0.00,,
1982-04-30,49,61,38,0.00,,
1982-05-01,47,54,41,,,
1982-05-02,43,50,,,,
1982-05-03,44,53,35,0.00,,
1982-05-04,59,72,43,0.00,,
1982-05-05,63,76,48,,,
1982-05-06,64,74,53,0.00,,
1982-05-07,61,74,,0.21,,
1982-05-08,51,61,40,0.59,,
1982-05-09,55,,47,0.39,,
1982-05-10,57,62,55,0.00,,
1982-05-11,54,58,,,,
1982-05-12,50,59,42,,,
1982-05-13,50,,36,,,
1982-05-14,48,56,36,0.00,,
1982-05-15,47,57,36,0.00,,
1982-05-16,53,67,34,0.00,,
1982-05-17,59,73,40,0.00,,
1982-05-18,65,79,45,,,
1982-05-19,63,70,,,,
1982-05-20,56,,,,,
1982-05-21,55,62,,,,
1982-05-22,54,60,45,0.02,,
1982-05-23,57,65,52,0.00,,
1982-05-24,57,64,49,0.00,,
1982-05-25,60,,,,,
1982-05-26,58,71,44,0.00,,
1982-05-27,63,74,46,0.00,,
1982-05-28,67,81,54,0.00,,
1982-05-29,59,65,,,,
1982-05-30,57,68,44,0.00,,
1982-05-31,60,74,42,,,
1982-06-01,64,77,,0.00,,
1982-06-02,67,79,50,,,
1982-06-03,68,81,49,0.00,,
1982-06-04,70,83,51,0.00,,
1982-06-05,69,81,52,0.00,,
1982-06-06,63,81,51,,,
1982-06-07,55,62,,,,
1982-06-08,51,66,33,0.00,,
1982-06-09,55,61,49,0.00,,
1982-06-10,50,58,41,0.00,,
1982-06-11,49,60,34,0.00,,
1982-06-12,54,62,38,,,
1982-06-13,56,63,,,,
1982-06-14,57,64,,0.00,,
1982-06-15,46,51,,,,
1982-06-16,51,61,,,,
1982-06-17,52,63,37,,,
1982-06-18,53,62,,0.12,,
1982-06-19,55,67,37,0.00,,
1982-06-20,58,67,48,,,
1982-06-21,58,,49,,,
1982-06-22,58,66,,0.00,,
1982-06-23,53,62,,0.00,,
1982-06-24,59,71,50,0.04,,
1982-06-25,58,65,,0.00,,
1982-06-26,56,69,42,,,
1982-06-27,63,70,54,,,
1982-06-28,58,61,,0.01,,
1982-06-29,59,68,53,0.00,,
1982-06-30,59,67,50,,,
1982-07-01,55,65,48,0.00,,
1982-07-02,57,66,48,0.00,,
1982-07-03,57,70,44,0.00,,
1982-07-04,61,73,,,,
1982-07-05,57,64,49,,,
1982-07-06,56,62,50,,,
1982-07-07,60,67,49,0.00,,
1982-07-08,59,,,,,
1982-07-09,62,72,53,0.04,,
1982-07-10,66,75,58,0.00,,
1982-07-11,71,80,61,0.00,,
1982-07-12,69,77,64,,,
1982-07-13,65,74,57,,,
1982-07-14,68,81,57,,,
1982-07-15,71,82,60,0.08,,
1982-07-16,75,85,,0.00,,
1982-07-17,72,81,62,,,
1982-07-18,69,78,61,,,
1982-07-19,67,75,60,,,
1982-07-20,65,76,53,,,
1982-07-21,68,80,51,,,
1982-07-22,68,77,60,0.00,,
1982-07-23,64,72,,0.00,,
1982-07-24,67,77,48,0.00,,
1982-07-25,68,78,51,0.00,,
1982-07-26,68,78,51,0.00,,
1982-07-27,64,72,,,,
1982-07-28,66,76,55,0.00,,
1982-07-29,62,68,53,0.00,,
1982-07-30,62,71,49,0.00,,
1982-07-31,62,76,53,0.00,,
1982-08-01,62,,52,,,
1982-08-02,68,76,58,0.00,,
1982-08-03,71,81,61,0.00,,
1982-08-04,67,83,54,0.00,,
1982-08-05,69,82,54,0.00,,
1982-08-06,67,82,49,0.00,,
1982-08-07,69,83,51,0.00,,
1982-08-08,70,85,53,0.00,,
1982-08-09,71,87,54,,,
1982-08-10,69,79,60,0.00,,
1982-08-11,62,70,,,,
1982-08-12,61,72,48,0.00,,
1982-08-13,69,83,54,,,
1982-08-14,64,77,,,,
1982-08-15,61,,49,0.51,,
1982-08-16,59,67,44,,,
1982-08-17,61,73,51,,,
1982-08-18,64,72,56,0.04,,
1982-08-19,67,76,54,0.00,,
1982-08-20,66,75,50,0.00,,
1982-08-21,59,68,,,,
1982-08-22,59,67,49,0.00,,
1982-08-23,59,69,47,0.00,,
1982-08-24,62,71,54,0.00,,
1982-08-25,60,72,49,0.00,,
1982-08-26,62,74,51,0.00,,
1982-08-27,66,81,50,0.00,,
1982-08-28,67,73,61,,,
1982-08-29,60,,55,,,
1982-08-30,53,68,42,0.00,,
1982-08-31,58,69,44,0.00,,
1982-09-01,64,71,55,,,
1982-09-02,59,67,52,0.00,,
1982-09-03,56,64,48,,,
1982-09-04,61,72,51,0.00,,
1982-09-05,59,70,,0.00,,
1982-09-06,62,79,41,0.00,,
1982-09-07,65,77,53,,,
1982-09-08,59,72,46,0.00,,
1982-09-09,60,68,,0.00,,
1982-09-10,51,66,38,0.00,,
1982-09-11,54,70,38,0.00,,
1982-09-12,56,71,41,0.00,,
1982-09-13,55,71,35,0.00,,
1982-09-14,58,63,51,0.00,,
1982-09-15,57,69,,0.00,,
1982-09-16,61,76,42,0.00,,
1982-09-17,57,66,,0.00,,
1982-09-18,53,71,37,0.00,,
1982-09-19,57,74,41,0.00,,
1982-09-20,62,78,47,,,
1982-09-21,65,78,49,0.00,,
1982-09-22,65,77,56,,,
1982-09-23,55,60,49,,,
1982-09-24,51,54,49,0.08,,
1982-09-25,47,60,,0.00,,
1982-09-26,48,,33,0.00,,
1982-09-27,55,62,48,0.00,,
1982-09-28,55,63,,0.04,,
1982-09-29,49,60,41,0.00,,
1982-09-30,51,63,41,0.00,,
1982-10-01,51,63,39,0.00,,
1982-10-02,47,56,,0.00,,
1982-10-03,44,56,34,0.00,,
1982-10-04,42,,30,0.00,,
1982-10-05,46,59,36,0.00,,
1982-10-06,49,59,39,0.00,,
1982-10-07,48,55,43,,,
1982-10-08,52,64,44,0.00,,
1982-10-09,51,56,42,0.00,,
1982-10-10,46,,,,,
1982-10-11,46,50,42,0.00,,
1982-10-12,49,56,42,0.00,,
1982-10-13,50,53,47,,,
1982-10-14,53,57,49,,,
1982-10-15,51,58,45,0.00,,
1982-10-16,47,54,42,,,
1982-10-17,41,48,,0.00,,
1982-10-18,39,46,30,0.00,,
1982-10-19,33,38,,,,
1982-10-20,33,44,16,0.00,,
1982-10-21,49,53,42,,,
1982-10-22,48,,,0.00,,
1982-10-23,49,62,41,0.00,,
1982-10-24,55,67,45,0.00,,
1982-10-25,47,,42,,,
1982-10-26,47,49,42,,,
1982-10-27,44,55,41,0.00,,
1982-10-28,45,51,37,0.00,,
1982-10-29,44,52,,,,
1982-10-30,40,47,,,,
1982-10-31,39,43,31,,,
1982-11-01,40,41,39,0.00,,
1982-11-02,49,,40,,,
1982-11-03,47,,44,0.00,,
1982-11-04,43,45,,0.00,,
1982-11-05,32,36,,,,
1982-11-06,24,33,,0.00,,
1982-11-07,23,34,13,0.00,,
1982-11-08,34,43,23,,,
1982-11-09,40,47,32,0.00,,
1982-11-10,45,54,,0.00,,
1982-11-11,45,55,35,0.00,,
1982-11-12,42,52,36,0.00,,
1982-11-13,43,49,37,0.00,,
1982-11-14,44,45,42,,,
1982-11-15,40,,,,,
1982-11-16,35,37,30,,,
1982-11-17,36,38,33,,,
1982-11-18,36,41,31,,,
1982-11-19,43,49,34,,,
1982-11-20,42,45,38,,,
1982-11-21,40,43,,,,
1982-11-22,37,,31,0.00,,
1982-11-23,40,42,35,0.00,,
1982-11-24,42,47,36,0.00,,
1982-11-25,40,46,,0.00,,
1982-11-26,40,42,34,0.00,,
1982-11-27,37,,34,0.00,,
1982-11-28,39,43,35,0.00,,
1982-11-29,38,42,31,0.00,,
1982-11-30,37,40,35,,,
1982-12-01,34,,,0.00,,
1982-12-02,33,,28,0.00,,
1982-12-03,33,39,,0.00,,
1982-12-04,25,27,,0.00,,
1982-12-05,22,,19,0.00,,
1982-12-06,30,33,26,,,
1982-12-07,33,36,,,,0.4
1982-12-08,30,,,,,
1982-12-09,36,38,31,,,
1982-12-10,40,,35,,,
1982-12-11,41,,,,,
1982-12-12,35,38,31,0.02,,
1982-12-13,31,33,27,0.00,,
1982-12-14,31,32,29,,,
1982-12-15,31,34,,0.04,,0.4
1982-12-16,40,46,33,0.00,,
1982-12-17,36,40,,0.00,,
1982-12-18,33,,30,0.00,,
1982-12-19,33,35,,,,
1982-12-20,34,,31,0.00,,
1982-12-21,37,,,0.28,,
1982-12-22,34,,,0.00,,
1982-12-23,33,34,32,0.12,,
1982-12-24,32,33,,0.00,,
1982-12-25,30,32,,0.00,,
1982-12-26,27,,23,0.00,,
1982-12-27,34,,30,,,
1982-12-28,36,,,,,
1982-12-29,33,35,,0.00,,
1982-12-30,29,31,26,0.00,,0.4
1982-12-31,31,,28,,,0.4
1983-01-01,33,33,31,0.00,,0.8
1983-01-02,32,,,,,0.4
1983-01-03,34,35,31,,,0.8
1983-01-04,31,,28,0.00,,0.4
1983-01-05,36,40,,,,
1983-01-06,36,,27,,,
1983-01-07,41,,,,,
1983-01-08,36,38,33,,,
1983-01-09,36,37,35,0.00,,
1983-01-10,39,40,35,,,
1983-01-11,40,,38,0.00,,
1983-01-12,43,45,,,,
1983-01-13,37,,,0.00,,
1983-01-14,35,37,32,0.02,,
1983-01-15,31,,29,0.00,,
1983-01-16,30,,,,,3.1
1983-01-17,30,,25,,,2.8
1983-01-18,37,40,34,,,0.8
1983-01-19,30,,,0.05,,0.4
1983-01-20,29,,25,,,1.2
1983-01-21,32,,,,,2.4
1983-01-22,39,,36,0.00,,
1983-01-23,40,42,,,,
1983-01-24,30,33,26,,,
1983-01-25,35,37,31,,,
1983-01-26,38,44,35,,,
1983-01-27,44,51,40,,,
1983-01-28,40,,,,,
1983-01-29,38,45,33,0.00,,
1983-01-30,37,40,,,,
1983-01-31,33,,,,,0.8
1983-02-01,33,,29,0.00,,2.4
1983-02-02,36,38,,,,0.8
1983-02-03,29,33,24,,,1.6
1983-02-04,28,30,,,,3.1
1983-02-05,25,26,22,,,3.1
1983-02-06,22,27,17,0.00,,3.5
1983-02-07,25,,20,0.00,,3.5
1983-02-08,29,,27,,,5.1
1983-02-09,28,30,,0.00,,4.7
1983-02-10,27,31,25,0.00,,
1983-02-11,31,33,27,0.00,,3.9
1983-02-12,32,33,,0.02,,2.4
1983-02-13,24,,,0.00,,3.1
1983-02-14,21,27,,0.00,,2.8
1983-02-15,14,21,8,0.00,,3.1
1983-02-16,20,32,,,,3.5
1983-02-17,23,,16,0.00,,3.5
1983-02-18,30,31,28,,,3.5
1983-02-19,29,30,,0.00,,3.5
1983-02-20,28,33,26,0.00,,3.1
1983-02-21,24,28,,,,3.9
1983-02-22,17,,5,0.00,,3.9
1983-02-23,29,35,20,,,4.7
1983-02-24,28,30,,0.00,,3.9
1983-02-25,27,36,20,0.00,,3.1
1983-02-26,27,40,12,0.00,,2.4
1983-02-27,24,34,13,0.00,,1.6
1983-02-28,29,32,22,0.00,,1.6
1983-03-01,25,,23,,,1.6
1983-03-02,27,32,23,0.00,,2.0
1983-03-03,27,32,19,0.00,,1.6
1983-03-04,26,32,17,0.00,,1.2
1983-03-05,33,40,,,,1.2
1983-03-06,37,38,35,,,
1983-03-07,36,43,,,,
1983-03-08,34,39,30,0.00,,
1983-03-09,40,41,33,,,
1983-03-10,42,45,39,,,
1983-03-11,34,42,,,,
1983-03-12,26,32,19,,,
1983-03-13,29,38,19,0.00,,
1983-03-14,33,,24,0.00,,
1983-03-15,39,49,,0.00,,
1983-03-16,41,53,30,0.00,,
1983-03-17,38,,,0.00,,
1983-03-18,41,48,32,,,
1983-03-19,46,50,43,0.01,,
1983-03-20,45,49,,,,
1983-03-21,40,45,35,0.00,,
1983-03-22,41,47,,,,
1983-03-23,35,40,31,,,1.2
1983-03-24,41,49,32,0.00,,
1983-03-25,45,48,,,,
1983-03-26,34,,33,,,
1983-03-27,35,38,33,,,
1983-03-28,35,,,,,
1983-03-29,41,53,27,0.00,,
1983-03-30,39,,,,,
1983-03-31,45,58,33,0.00,,
1983-04-01,51,58,41,0.00,,
1983-04-02,52,60,44,,,
1983-04-03,53,63,,,,
1983-04-04,42,48,34,0.02,,
1983-04-05,38,44,,0.00,,
1983-04-06,40,,27,,,
1983-04-07,44,54,37,0.01,,
1983-04-08,45,51,37,0.04,,
1983-04-09,47,,,0.00,,
1983-04-10,40,50,33,0.00,,
1983-04-11,43,,28,0.04,,
1983-04-12,52,63,44,0.00,,
1983-04-13,41,45,,0.00,,
1983-04-14,33,37,28,,,
1983-04-15,34,37,31,,,0.4
1983-04-16,38,48,,,,
1983-04-17,41,54,24,,,
1983-04-18,42,52,30,0.00,,
1983-04-19,45,56,31,0.00,,
1983-04-20,51,61,42,0.00,,
1983-04-21,53,66,,0.00,,
1983-04-22,62,76,49,0.00,,
1983-04-23,60,71,47,0.00,,
1983-04-24,57,67,49,,,
1983-04-25,59,71,,,,
1983-04-26,51,60,44,,,
1983-04-27,55,68,41,0.00,,
1983-04-28,57,66,48,0.75,,
1983-04-29,56,68,42,0.00,,
1983-04-30,51,60,42,,,
1983-05-01,51,61,35,0.00,,
1983-05-02,54,65,37,0.00,,
1983-05-03,52,62,43,0.00,,
1983-05-04,49,57,42,,,
1983-05-05,46,,40,,,
1983-05-06,47,54,40,0.00,,
1983-05-07,50,58,,,,
1983-05-08,48,59,31,0.00,,
1983-05-09,52,62,37,0.00,,
1983-05-10,53,58,49,0.16,,
1983-05-11,56,64,51,0.00,,
1983-05-12,56,65,,,,
1983-05-13,62,76,42,,,
1983-05-14,65,75,,0.47,,
1983-05-15,66,78,51,0.00,,
1983-05-16,73,86,54,0.00,,
1983-05-17,74,83,63,0.00,,
1983-05-18,74,82,64,0.00,,
1983-05-19,66,79,56,0.00,,
1983-05-20,57,62,,,,
1983-05-21,57,71,39,0.00,,
1983-05-22,69,80,57,0.00,,
1983-05-23,69,83,57,0.00,,
1983-05-24,71,83,60,0.71,,
1983-05-25,71,82,61,,,
1983-05-26,58,,55,0.12,,
1983-05-27,60,68,52,0.00,,
1983-05-28,61,70,51,0.00,,
1983-05-29,58,65,,,,
1983-05-30,58,71,42,,,
1983-05-31,58,68,46,0.00,,
1983-06-01,58,71,47,0.00,,
1983-06-02,68,79,53,0.00,,
1983-06-03,63,,,,,
1983-06-04,61,73,44,0.00,,
1983-06-05,64,80,50,,,
1983-06-06,53,59,,,,
1983-06-07,52,61,40,0.00,,
1983-06-08,55,69,38,0.00,,
1983-06-09,63,76,43,0.00,,
1983-06-10,62,70,,,,
1983-06-11,56,64,45,0.00,,
1983-06-12,59,71,44,0.00,,
1983-06-13,63,71,50,0.00,,
1983-06-14,65,77,51,0.00,,
1983-06-15,67,79,51,,,
1983-06-16,55,58,,,,
1983-06-17,59,68,51,0.00,,
1983-06-18,59,65,51,0.00,,
1983-06-19,63,68,59,0.00,,
1983-06-20,66,75,55,0.00,,
1983-06-21,59,70,,0.00,,
1983-06-22,51,60,39,0.00,,
1983-06-23,55,68,35,0.00,,
1983-06-24,62,78,41,0.00,,
1983-06-25,63,81,46,,,
1983-06-26,60,72,50,0.00,,
1983-06-27,63,76,51,,,
1983-06-28,60,63,,,,
1983-06-29,57,67,47,0.00,,
1983-06-30,60,72,42,0.00,,
1983-07-01,66,76,53,0.00,,
1983-07-02,64,72,56,0.00,,
1983-07-03,63,73,49,0.00,,
1983-07-04,66,78,51,0.00,,
1983-07-05,63,72,55,0.00,,
1983-07-06,62,73,50,0.00,,
1983-07-07,63,74,50,0.00,,
1983-07-08,64,76,49,0.00,,
1983-07-09,70,81,57,0.00,,
1983-07-10,70,81,58,0.00,,
1983-07-11,69,80,60,,,
1983-07-12,64,71,59,0.00,,
1983-07-13,66,78,56,0.00,,
1983-07-14,68,76,58,0.00,,
1983-07-15,65,77,54,0.00,,
1983-07-16,66,80,56,,,
1983-07-17,64,73,,0.00,,
1983-07-18,66,80,47,0.00,,
1983-07-19,67,,61,,,
1983-07-20,55,62,,0.08,,
1983-07-21,52,61,45,0.00,,
1983-07-22,54,62,49,,,
1983-07-23,55,63,49,,,
1983-07-24,58,69,48,0.00,,
1983-07-25,56,63,47,,,
1983-07-26,69,82,58,0.02,,
1983-07-27,71,84,59,0.00,,
1983-07-28,69,78,62,0.00,,
1983-07-29,62,69,,0.00,,
1983-07-30,59,68,52,0.02,,
1983-07-31,62,73,51,0.00,,
1983-08-01,66,79,49,0.00,,
1983-08-02,70,80,54,0.00,,
1983-08-03,71,82,56,0.00,,
1983-08-04,67,77,,,,
1983-08-05,58,62,56,,,
1983-08-06,65,75,54,,,
1983-08-07,70,83,59,0.00,,
1983-08-08,69,80,,,,
1983-08-09,67,78,,0.00,,
1983-08-10,66,80,52,0.00,,
1983-08-11,67,80,57,,,
1983-08-12,71,80,,0.00,,
1983-08-13,57,64,,0.06,,
1983-08-14,56,63,49,,,
1983-08-15,58,71,42,0.00,,
1983-08-16,65,79,50,0.00,,
1983-08-17,69,79,61,,,
1983-08-18,62,71,,0.00,,
1983-08-19,60,76,44,0.00,,
1983-08-20,64,79,46,0.00,,
1983-08-21,64,76,51,0.00,,
1983-08-22,61,74,47,0.00,,
1983-08-23,65,77,44,0.00,,
1983-08-24,66,81,52,0.00,,
1983-08-25,60,69,,,,
1983-08-26,57,71,40,0.00,,
1983-08-27,62,75,45,0.00,,
1983-08-28,64,77,50,0.00,,
1983-08-29,60,68,47,,,
1983-08-30,58,74,42,,,
1983-08-31,62,78,45,0.00,,
1983-09-01,63,83,43,0.00,,
1983-09-02,68,,49,0.00,,
1983-09-03,68,83,54,0.00,,
1983-09-04,61,69,52,0.00,,
1983-09-05,62,70,47,0.00,,
1983-09-06,59,66,,0.00,,
1983-09-07,51,58,46,0.04,,
1983-09-08,51,55,47,0.00,,
1983-09-09,55,63,45,0.01,,
1983-09-10,62,74,54,0.00,,
1983-09-11,68,80,54,0.00,,
1983-09-12,63,68,57,0.43,,
1983-09-13,56,62,,,,
1983-09-14,52,63,40,0.00,,
1983-09-15,59,67,48,0.00,,
1983-09-16,63,78,51,0.00,,
1983-09-17,60,67,,,,
1983-09-18,53,55,53,,,
1983-09-19,60,69,52,0.00,,
1983-09-20,60,68,52,0.00,,
1983-09-21,58,63,51,0.00,,
1983-09-22,57,65,49,,,
1983-09-23,53,60,45,,,
1983-09-24,51,60,44,0.00,,
1983-09-25,51,,,0.47,,
1983-09-26,48,55,41,0.00,,
1983-09-27,56,64,48,0.00,,
1983-09-28,56,63,,,,
1983-09-29,45,57,35,0.00,,
1983-09-30,42,46,36,,,
1983-10-01,40,49,32,0.00,,
1983-10-02,41,50,33,0.00,,
1983-10-03,47,54,38,0.00,,
1983-10-04,54,59,49,0.00,,
1983-10-05,60,71,51,,,
1983-10-06,55,62,,,,
1983-10-07,49,53,43,,,
1983-10-08,52,55,,,,
1983-10-09,47,52,,0.00,,
1983-10-10,42,49,38,,,
1983-10-11,51,59,40,,,
1983-10-12,46,49,,0.04,,
1983-10-13,47,50,42,0.00,,
1983-10-14,51,63,40,0.00,,
1983-10-15,51,61,41,0.00,,
1983-10-16,54,64,47,,,
1983-10-17,51,56,,0.00,,
1983-10-18,47,51,,0.00,,
1983-10-19,49,55,40,,,
1983-10-20,45,49,,,,
1983-10-21,40,48,,,,
1983-10-22,41,49,34,0.00,,
1983-10-23,43,45,42,0.00,,
1983-10-24,41,48,34,0.00,,
1983-10-25,36,45,28,0.00,,
1983-10-26,40,,30,,,
1983-10-27,51,56,45,0.00,,
1983-10-28,49,56,45,0.00,,
1983-10-29,39,,,0.00,,
1983-10-30,32,45,19,0.00,,
1983-10-31,39,46,32,,,
1983-11-01,45,51,40,,,
1983-11-02,47,54,,0.00,,
1983-11-03,39,51,31,0.00,,
1983-11-04,41,51,33,0.00,,
1983-11-05,44,46,,,,
1983-11-06,46,49,44,0.00,,
1983-11-07,42,,,0.00,,
1983-11-08,37,40,31,0.00,,
1983-11-09,38,41,,0.00,,
1983-11-10,41,44,38,0.01,,
1983-11-11,36,,,0.01,,
1983-11-12,26,31,,0.00,,
1983-11-13,25,,19,,,
1983-11-14,26,32,18,,,
1983-11-15,27,,,,,
1983-11-16,32,34,25,,,2.0
1983-11-17,31,34,,0.00,,0.4
1983-11-18,28,34,17,0.00,,1.2
1983-11-19,33,35,31,0.00,,0.8
1983-11-20,35,37,33,0.00,,
1983-11-21,34,36,,0.04,,
1983-11-22,26,,,0.00,,0.8
1983-11-23,27,34,20,0.00,,2.4
1983-11-24,23,31,18,0.00,,2.4
1983-11-25,26,,19,0.00,,2.0
1983-11-26,37,,28,0.00,,0.8
1983-11-27,45,47,41,0.00,,
1983-11-28,44,46,42,0.04,,
1983-11-29,29,,,0.00,,
1983-11-30,23,25,,,,
1983-12-01,19,21,,,,
1983-12-02,15,21,,,,
1983-12-03,14,19,7,0.00,,
1983-12-04,22,29,15,0.00,,
1983-12-05,32,40,24,0.00,,
1983-12-06,32,35,30,0.00,,
1983-12-07,32,33,31,,,1.6
1983-12-08,30,,,0.00,,1.2
1983-12-09,27,,24,,,1.2
1983-12-10,31,33,27,0.00,,3.1
1983-12-11,23,,,,,3.9
1983-12-12,20,23,16,,,3.5
1983-12-13,17,21,,0.00,,3.5
1983-12-14,5,15,-4,0.00,,3.5
1983-12-15,11,18,4,0.00,,3.5
1983-12-16,17,25,9,,,3.5
1983-12-17,24,30,16,,,3.5
1983-12-18,27,35,21,0.00,,3.5
1983-12-19,36,38,31,,,2.4
1983-12-20,38,40,,0.01,,1.6
1983-12-21,35,37,,0.00,,
1983-12-22,36,38,32,0.00,,
1983-12-23,35,39,,0.01,,
1983-12-24,35,40,,0.04,,
1983-12-25,33,,29,0.04,,0.4
1983-12-26,41,43,,0.00,,
1983-12-27,34,,,0.02,,
1983-12-28,42,51,30,0.00,,
1983-12-29,40,,,0.00,,
1983-12-30,37,44,33,,,
1983-12-31,36,38,,,,
1984-01-01,40,43,34,0.00,,
1984-01-02,39,42,,,,
1984-01-03,40,45,34,,,
1984-01-04,37,,35,0.00,,
1984-01-05,35,,,,,
1984-01-06,32,35,31,,,
1984-01-07,33,35,30,0.00,,0.4
1984-01-08,33,35,29,0.00,,0.8
1984-01-09,31,34,29,,,0.4
1984-01-10,31,33,,,,0.8
1984-01-11,26,30,,,,1.2
1984-01-12,27,31,,0.00,,1.2
1984-01-13,24,29,17,,,1.2
1984-01-14,32,36,26,,,3.1
1984-01-15,35,38,30,,,3.5
1984-01-16,31,33,25,0.04,,3.5
1984-01-17,32,35,27,,,3.9
1984-01-18,34,36,,,,3.1
1984-01-19,29,,,,,3.5
1984-01-20,25,28,19,,,3.5
1984-01-21,23,,,0.00,,
1984-01-22,19,44,18,,,5.5
1984-01-23,20,,18,,,5.9
1984-01-24,26,27,20,0.00,,5.9
1984-01-25,33,36,27,,,5.5
1984-01-26,33,33,,0.00,,4.7
1984-01-27,30,31,29,,,3.5
1984-01-28,29,,,0.00,,3.5
1984-01-29,23,,21,,,3.5
1984-01-30,24,27,22,,,4.7
1984-01-31,27,29,24,0.00,,5.1
1984-02-01,29,,27,0.00,,4.7
1984-02-02,32,,31,,,4.7
1984-02-03,33,34,33,,,3.9
1984-02-04,34,34,33,,,3.5
1984-02-05,34,35,33,,,2.8
1984-02-06,33,,,,,3.5
1984-02-07,33,35,,0.00,,2.4
1984-02-08,33,36,30,0.00,,2.0
1984-02-09,30,,26,0.00,,2.4
1984-02-10,30,31,28,0.00,,2.4
1984-02-11,26,29,,,,2.0
1984-02-12,19,23,,,,1.6
1984-02-13,18,26,11,0.00,,1.2
1984-02-14,15,22,,0.00,,1.2
1984-02-15,15,24,5,0.00,,1.2
1984-02-16,14,21,5,0.00,,1.2
1984-02-17,16,26,8,0.00,,1.2
1984-02-18,14,27,3,0.00,,1.2
1984-02-19,16,22,8,,,1.2
1984-02-20,25,29,18,,,1.2
1984-02-21,21,25,16,0.00,,1.2
1984-02-22,26,29,22,,,1.2
1984-02-23,28,30,23,,,1.2
1984-02-24,29,31,26,0.00,,1.2
1984-02-25,28,,,0.00,,1.2
1984-02-26,29,31,,0.00,,
1984-02-27,27,32,24,0.00,,1.2
1984-02-28,27,,24,0.00,,1.2
1984-02-29,29,31,27,0.00,,1.2
1984-03-01,33,42,27,0.00,,1.2
1984-03-02,31,34,25,0.00,,1.2
1984-03-03,31,33,29,,,2.4
1984-03-04,32,35,29,0.00,,2.0
1984-03-05,32,34,29,0.00,,
1984-03-06,36,43,32,0.00,,0.4
1984-03-07,34,37,,0.00,,1.2
1984-03-08,26,33,23,,,0.8
1984-03-09,27,34,18,0.00,,0.4
1984-03-10,29,33,24,,,0.4
1984-03-11,30,36,24,,,0.4
1984-03-12,33,42,26,0.00,,
1984-03-13,32,41,24,0.00,,
1984-03-14,30,32,26,,,
1984-03-15,32,,,0.00,,
1984-03-16,33,37,28,,,
1984-03-17,29,33,,,,
1984-03-18,22,25,17,,,
1984-03-19,20,27,11,,,
1984-03-20,23,32,,0.00,,
1984-03-21,27,34,21,0.00,,
1984-03-22,26,33,,0.00,,
1984-03-23,26,36,18,0.00,,
1984-03-24,29,38,20,0.00,,
1984-03-25,28,38,17,0.00,,
1984-03-26,33,38,26,0.00,,
1984-03-27,40,49,32,0.00,,
1984-03-28,43,56,31,,,
1984-03-29,47,61,31,0.00,,
1984-03-30,51,64,36,0.00,,
1984-03-31,42,48,,0.04,,
1984-04-01,37,45,32,0.00,,
1984-04-02,47,55,36,0.00,,
1984-04-03,50,56,42,,,
1984-04-04,53,64,42,0.00,,
1984-04-05,52,62,43,0.00,,
1984-04-06,51,64,38,0.00,,
1984-04-07,51,64,36,0.00,,
1984-04-08,49,64,34,0.00,,
1984-04-09,50,64,36,0.00,,
1984-04-10,51,62,42,0.00,,
1984-04-11,48,62,34,0.00,,
1984-04-12,51,62,,0.00,,
1984-04-13,51,59,41,,,
1984-04-14,48,59,40,,,
1984-04-15,51,68,32,0.00,,
1984-04-16,58,71,45,0.00,,
1984-04-17,50,64,,0.00,,
1984-04-18,44,53,37,0.01,,
1984-04-19,43,51,29,0.00,,
1984-04-20,43,53,25,,,
1984-04-21,44,,40,,,
1984-04-22,46,54,,0.00,,
1984-04-23,46,55,35,,,
1984-04-24,46,57,31,,,
1984-04-25,49,61,30,0.00,,
1984-04-26,41,,,0.02,,
1984-04-27,32,,30,0.00,,0.4
1984-04-28,37,,29,,,0.8
1984-04-29,51,63,36,,,
1984-04-30,53,65,41,0.00,,
1984-05-01,57,68,39,,,
1984-05-02,54,64,38,0.00,,
1984-05-03,60,72,45,0.00,,
1984-05-04,64,76,53,0.00,,
1984-05-05,60,70,50,,,
1984-05-06,61,68,51,,,
1984-05-07,54,,,,,
1984-05-08,42,,,,,
1984-05-09,41,,35,0.00,,
1984-05-10,44,54,27,0.00,,
1984-05-11,42,,40,,,
1984-05-12,44,47,39,,,
1984-05-13,49,55,42,0.02,,
1984-05-14,53,,49,0.00,,
1984-05-15,61,70,51,0.02,,
1984-05-16,62,73,49,0.00,,
1984-05-17,62,73,54,,,
1984-05-18,60,73,48,0.00,,
1984-05-19,56,67,49,,,
1984-05-20,60,71,42,0.00,,
1984-05-21,66,78,52,,,
1984-05-22,59,65,,,,
1984-05-23,55,65,44,,,
1984-05-24,59,66,,,,
1984-05-25,55,64,45,,,
1984-05-26,54,58,,0.01,,
1984-05-27,56,66,43,0.00,,
1984-05-28,60,70,50,,,
1984-05-29,62,70,54,,,
1984-05-30,59,71,48,,,
1984-05-31,63,72,56,0.35,,
1984-06-01,61,73,53,,,
1984-06-02,62,70,54,,,
1984-06-03,64,76,54,0.00,,
1984-06-04,66,77,55,0.00,,
1984-06-05,63,72,58,,,
1984-06-06,64,74,,,,
1984-06-07,58,64,51,0.00,,
1984-06-08,55,61,,,,
1984-06-09,53,60,,,,
1984-06-10,47,58,39,,,
1984-06-11,47,56,38,,,
1984-06-12,47,57,38,,,
1984-06-13,54,63,33,0.00,,
1984-06-14,55,59,50,0.02,,
1984-06-15,53,57,,0.00,,
1984-06-16,53,58,49,,,
1984-06-17,60,69,50,,,
1984-06-18,59,70,49,0.00,,
1984-06-19,59,67,50,0.00,,
1984-06-20,61,71,52,,,
1984-06-21,62,72,50,0.00,,
1984-06-22,64,74,53,,,
1984-06-23,58,70,,,,
1984-06-24,53,60,46,0.00,,
1984-06-25,48,51,43,,,
1984-06-26,52,,42,0.00,,
1984-06-27,54,60,46,,,
1984-06-28,59,65,53,,,
1984-06-29,54,60,50,,,
1984-06-30,52,63,,,,
1984-07-01,52,60,45,,,
1984-07-02,56,,46,,,
1984-07-03,56,63,47,0.16,,
1984-07-04,56,63,49,0.00,,
1984-07-05,56,65,,,,
1984-07-06,53,58,49,,,
1984-07-07,59,69,47,,,
1984-07-08,60,71,45,0.00,,
1984-07-09,63,,46,0.00,,
1984-07-10,66,76,50,0.00,,
1984-07-11,69,82,52,0.00,,
1984-07-12,76,88,60,0.00,,
1984-07-13,65,74,,,,
1984-07-14,64,71,,,,
1984-07-15,62,71,52,,,
1984-07-16,61,66,,,,
1984-07-17,56,59,53,,,
1984-07-18,59,67,51,0.01,,
1984-07-19,60,65,56,,,
1984-07-20,62,70,,,,
1984-07-21,59,,,,,
1984-07-22,56,64,48,0.00,,
1984-07-23,56,62,50,,,
1984-07-24,56,65,49,,,
1984-07-25,58,66,49,,,
1984-07-26,57,62,50,,,
1984-07-27,56,64,53,0.20,,
1984-07-28,54,63,46,,,
1984-07-29,55,,45,,,
1984-07-30,60,70,51,0.00,,
1984-07-31,60,73,49,0.00,,
1984-08-01,64,76,48,0.00,,
1984-08-02,66,77,50,0.00,,
1984-08-03,67,79,54,0.00,,
1984-08-04,68,81,54,0.00,,
1984-08-05,69,81,56,0.00,,
1984-08-06,68,81,56,0.00,,
1984-08-07,69,81,56,0.00,,
1984-08-08,69,82,57,0.00,,
1984-08-09,67,81,53,0.00,,
1984-08-10,71,83,54,0.00,,
1984-08-11,64,72,55,,,
1984-08-12,62,70,,,,
1984-08-13,59,67,47,0.00,,
1984-08-14,63,73,53,0.00,,
1984-08-15,58,66,,0.00,,
1984-08-16,58,71,42,0.04,,
1984-08-17,58,,51,0.00,,
1984-08-18,56,63,,,,
1984-08-19,55,66,44,,,
1984-08-20,58,68,43,0.00,,
1984-08-21,63,70,57,0.00,,
1984-08-22,62,73,50,1.22,,
1984-08-23,62,,47,0.00,,
1984-08-24,63,78,47,0.00,,
1984-08-25,65,79,49,0.00,,
1984-08-26,56,63,,0.00,,
1984-08-27,51,62,32,0.00,,
1984-08-28,57,68,45,0.00,,
1984-08-29,61,,49,0.00,,
1984-08-30,62,71,54,0.00,,
1984-08-31,65,75,53,,,
1984-09-01,64,71,,0.04,,
1984-09-02,55,63,,0.00,,
1984-09-03,61,72,45,0.00,,
1984-09-04,67,74,,0.00,,
1984-09-05,69,82,57,,,
1984-09-06,60,62,,,,
1984-09-07,58,65,52,0.00,,
1984-09-08,57,64,54,,,
1984-09-09,55,60,51,,,
1984-09-10,59,67,47,,,
1984-09-11,54,59,51,,,
1984-09-12,51,57,48,,,
1984-09-13,50,54,46,0.33,,
1984-09-14,49,58,,,,
1984-09-15,49,59,38,0.00,,
1984-09-16,52,57,48,0.00,,
1984-09-17,51,51,,,,
1984-09-18,51,54,,0.01,,
1984-09-19,51,59,48,0.00,,
1984-09-20,52,61,,,,
1984-09-21,56,67,41,0.00,,
1984-09-22,59,61,,,,
1984-09-23,54,,,,,
1984-09-24,49,58,40,0.35,,
1984-09-25,51,59,45,0.00,,
1984-09-26,50,58,,0.08,,
1984-09-27,49,57,40,0.00,,
1984-09-28,49,55,44,,,
1984-09-29,48,52,,0.00,,
1984-09-30,50,59,42,0.00,,
1984-10-01,56,67,48,0.00,,
1984-10-02,63,73,54,0.00,,
1984-10-03,57,60,,,,
1984-10-04,53,58,45,0.00,,
1984-10-05,57,63,51,0.00,,
1984-10-06,61,71,34,0.04,,
1984-10-07,53,58,,,,
1984-10-08,47,50,44,,,
1984-10-09,50,54,45,,,
1984-10-10,50,58,,0.00,,
1984-10-11,49,56,35,0.04,,
1984-10-12,50,,,,,
1984-10-13,45,53,41,,,
1984-10-14,46,53,32,,,
1984-10-15,46,52,,0.43,,
1984-10-16,38,,,,,
1984-10-17,39,47,31,0.00,,
1984-10-18,47,52,40,0.00,,
1984-10-19,52,61,46,0.00,,
1984-10-20,52,62,44,0.00,,
1984-10-21,49,55,43,0.00,,
1984-10-22,47,51,,0.00,,
1984-10-23,50,,44,,,
1984-10-24,50,,,,,
1984-10-25,47,56,36,0.00,,
1984-10-26,50,55,45,0.00,,
1984-10-27,48,,,,,
1984-10-28,40,49,34,0.00,,
1984-10-29,39,40,38,,,
1984-10-30,42,47,,0.00,,
1984-10-31,46,54,,,,
1984-11-01,38,44,,0.00,,
1984-11-02,36,42,33,0.00,,
1984-11-03,40,55,31,0.00,,
1984-11-04,37,51,29,0.00,,
1984-11-05,36,47,,0.00,,
1984-11-06,38,,27,0.00,,
1984-11-07,43,45,40,,,
1984-11-08,44,,,0.00,,
1984-11-09,42,,,,,
1984-11-10,39,42,,,,
1984-11-11,31,,,0.00,,
1984-11-12,25,31,,0.00,,
1984-11-13,21,,14,0.00,,
1984-11-14,25,30,,0.00,,
1984-11-15,21,28,16,0.00,,
1984-11-16,20,22,17,,,
1984-11-17,20,27,15,0.00,,
1984-11-18,23,32,15,0.00,,
1984-11-19,27,29,23,,,
1984-11-20,28,29,27,,,
1984-11-21,30,31,29,,,
1984-11-22,30,31,28,0.00,,
1984-11-23,37,,29,,,
1984-11-24,44,49,40,0.12,,
1984-11-25,43,46,,0.00,,
1984-11-26,39,43,,,,
1984-11-27,37,40,,0.00,,
1984-11-28,33,,,0.00,,
1984-11-29,36,39,31,0.00,,
1984-11-30,38,43,,0.00,,
1984-12-01,34,36,31,,,
1984-12-02,33,,,0.00,,
1984-12-03,31,32,29,0.00,,
1984-12-04,30,,,0.00,,
1984-12-05,28,30,26,0.00,,
1984-12-06,32,33,30,0.00,,
1984-12-07,35,39,29,,,
1984-12-08,40,41,39,,,
1984-12-09,35,,,0.00,,
1984-12-10,40,42,36,0.01,,
1984-12-11,37,,,0.00,,
1984-12-12,35,36,34,,,0.4
1984-12-13,31,,,,,
1984-12-14,23,,,,,0.4
1984-12-15,19,,,,,0.4
1984-12-16,20,21,,,,0.8
1984-12-17,18,21,13,,,
1984-12-18,23,28,18,,,1.6
1984-12-19,29,32,24,0.00,,1.6
1984-12-20,34,35,32,,,1.2
1984-12-21,35,42,33,,,
1984-12-22,35,38,,0.00,,
1984-12-23,31,34,,0.00,,
1984-12-24,26,29,23,0.00,,
1984-12-25,19,,,0.00,,
1984-12-26,16,,11,,,
1984-12-27,24,27,20,,,0.4
1984-12-28,26,28,24,,,1.2
1984-12-29,23,27,,,,1.2
1984-12-30,22,25,12,,,1.2
1984-12-31,22,26,,,,1.2
1985-01-01,22,24,,,,1.6
1985-01-02,17,20,15,,,2.0
1985-01-03,17,20,,0.00,,3.1
1985-01-04,10,16,,,,3.5
1985-01-05,9,13,-3,,,3.9
1985-01-06,5,,,,,4.3
1985-01-07,-7,0,,,,4.3
1985-01-08,-3,,-18,0.00,,4.3
1985-01-09,7,11,2,0.00,,4.3
1985-01-10,7,8,,,,4.3
1985-01-11,14,21,5,,,4.7
1985-01-12,10,15,,,,5.1
1985-01-13,-1,,,0.00,,5.1
1985-01-14,0,8,-12,0.00,,5.1
1985-01-15,-1,7,,0.00,,5.1
1985-01-16,-4,10,-9,0.00,,5.1
1985-01-17,-6,5,-12,0.00,,5.1
1985-01-18,-1,,-9,0.00,,5.1
1985-01-19,10,16,-1,0.00,,5.1
1985-01-20,8,17,,,,
1985-01-21,4,,-5,0.00,,5.1
1985-01-22,21,,9,,,4.7
1985-01-23,35,37,28,0.12,,4.7
1985-01-24,31,33,,0.00,,3.1
1985-01-25,29,,,0.00,,3.5
1985-01-26,33,34,30,0.04,,3.9
1985-01-27,34,36,,0.00,,3.1
1985-01-28,17,,,,,2.8
1985-01-29,13,,0,0.00,,2.8
1985-01-30,32,36,23,,,2.8
1985-01-31,33,,,0.00,,2.4
1985-02-01,36,38,32,0.08,,
1985-02-02,33,36,,0.04,,
1985-02-03,22,,,0.01,,2.0
1985-02-04,20,21,18,0.00,,3.9
1985-02-05,9,16,-1,,,3.9
1985-02-06,6,16,-1,0.00,,3.9
1985-02-07,26,,,0.00,,3.9
1985-02-08,3,10,,,,3.9
1985-02-09,2,8,-9,,,3.9
1985-02-10,-1,,,,,
1985-02-11,-5,2,-11,0.00,,3.9
1985-02-12,-2,,-11,0.00,,
1985-02-13,9,,-8,,,
1985-02-14,17,23,14,,,3.9
1985-02-15,17,20,14,,,4.3
1985-02-16,9,13,,,,4.7
1985-02-17,2,9,-4,,,4.7
1985-02-18,6,11,,0.00,,5.1
1985-02-19,9,15,2,0.00,,5.5
1985-02-20,8,15,-1,0.00,,5.5
1985-02-21,3,18,-12,,,5.5
1985-02-22,7,16,1,,,5.5
1985-02-23,1,,-12,,,5.5
1985-02-24,19,24,10,,,7.5
1985-02-25,24,29,15,,,7.9
1985-02-26,23,26,21,0.00,,7.9
1985-02-27,22,26,,0.00,,7.9
1985-02-28,14,27,2,0.00,,7.9
1985-03-01,19,26,10,0.00,,7.5
1985-03-02,22,26,18,,,8.3
1985-03-03,26,,23,,,8.3
1985-03-04,32,33,29,,,9.1
1985-03-05,32,33,30,0.00,,8.7
1985-03-06,32,34,30,0.00,,8.7
1985-03-07,31,,,0.00,,8.3
1985-03-08,27,,24,,,9.1
1985-03-09,29,33,,,,9.8
1985-03-10,20,24,,,,
1985-03-11,18,29,7,0.00,,10.2
1985-03-12,16,32,5,0.00,,10.2
1985-03-13,24,40,3,0.00,,
1985-03-14,33,45,17,0.00,,8.3
1985-03-15,33,36,28,,,7.1
1985-03-16,32,36,25,,,6.3
1985-03-17,33,35,30,0.00,,5.9
1985-03-18,34,36,,,,4.7
1985-03-19,34,35,34,0.12,,3.1
1985-03-20,35,40,32,0.00,,2.4
1985-03-21,35,36,33,0.00,,0.8
1985-03-22,35,39,,0.00,,
1985-03-23,35,42,31,0.00,,
1985-03-24,35,41,32,0.00,,
1985-03-25,33,35,31,,,
1985-03-26,39,47,,0.00,,
1985-03-27,44,54,36,,,
1985-03-28,38,,,0.01,,
1985-03-29,32,40,,0.00,,
1985-03-30,34,,27,,,0.8
1985-03-31,47,56,38,,,
1985-04-01,46,52,,0.08,,
1985-04-02,46,54,36,0.00,,
1985-04-03,44,50,,,,
1985-04-04,48,62,28,0.00,,
1985-04-05,51,62,42,0.00,,
1985-04-06,52,67,39,0.00,,
1985-04-07,45,,,,,
1985-04-08,49,,35,,,
1985-04-09,50,60,,,,
1985-04-10,40,52,,,,
1985-04-11,34,44,,0.00,,
1985-04-12,37,51,24,0.01,,
1985-04-13,43,52,,0.00,,
1985-04-14,42,54,31,0.00,,
1985-04-15,45,56,30,0.00,,
1985-04-16,43,50,,,,
1985-04-17,38,50,,0.00,,
1985-04-18,45,,29,0.00,,
1985-04-19,46,56,,0.00,,
1985-04-20,49,62,29,0.00,,
1985-04-21,54,69,43,0.00,,
1985-04-22,53,68,,0.00,,
1985-04-23,51,61,41,,,
1985-04-24,41,,,,,
1985-04-25,37,47,,,,
1985-04-26,34,43,26,,,
1985-04-27,36,45,25,0.00,,
1985-04-28,44,54,36,0.00,,
1985-04-29,35,,,,,
1985-04-30,38,42,34,,,
1985-05-01,38,44,33,,,
1985-05-02,39,48,35,0.04,,
1985-05-03,40,49,33,0.00,,
1985-05-04,41,47,,,,
1985-05-05,47,58,31,0.00,,
1985-05-06,58,68,47,0.00,,
1985-05-07,62,72,45,0.00,,
1985-05-08,60,,54,0.12,,
1985-05-09,59,66,48,,,
1985-05-10,58,66,53,,,
1985-05-11,58,65,51,0.00,,
1985-05-12,67,79,,,,
1985-05-13,70,83,58,0.00,,
1985-05-14,71,82,60,0.00,,
1985-05-15,68,83,56,,,
1985-05-16,64,74,56,0.00,,
1985-05-17,60,69,,,,
1985-05-18,60,,49,0.00,,
1985-05-19,56,67,,0.00,,
1985-05-20,54,67,36,0.00,,
1985-05-21,51,65,39,,,
1985-05-22,54,64,37,0.00,,
1985-05-23,58,68,49,,,
1985-05-24,54,61,51,,,
1985-05-25,54,65,41,0.00,,
1985-05-26,60,73,42,0.00,,
1985-05-27,65,77,47,,,
1985-05-28,66,,49,,,
1985-05-29,63,76,53,,,
1985-05-30,63,72,55,,,
1985-05-31,65,73,51,,,
1985-06-01,67,75,62,,,
1985-06-02,61,67,,,,
1985-06-03,60,68,,0.00,,
1985-06-04,58,,43,0.00,,
1985-06-05,63,75,43,0.00,,
1985-06-06,68,80,,,,
1985-06-07,61,71,54,,,
1985-06-08,63,72,58,1.34,,
1985-06-09,52,59,50,,,
1985-06-10,52,60,39,,,
1985-06-11,52,58,,0.13,,
1985-06-12,53,60,43,,,
1985-06-13,54,65,49,0.16,,
1985-06-14,52,58,48,,,
1985-06-15,54,61,,,,
1985-06-16,52,59,44,,,
1985-06-17,51,57,48,0.00,,
1985-06-18,52,59,44,0.00,,
1985-06-19,56,62,50,,,
1985-06-20,60,70,48,0.00,,
1985-06-21,61,73,49,0.00,,
1985-06-22,64,74,51,,,
1985-06-23,65,74,54,,,
1985-06-24,61,74,,,,
1985-06-25,69,78,56,,,
1985-06-26,63,75,,,,
1985-06-27,57,62,,,,
1985-06-28,56,62,51,,,
1985-06-29,56,64,49,,,
1985-06-30,57,65,49,0.28,,
1985-07-01,56,65,,,,
1985-07-02,57,66,50,,,
1985-07-03,56,65,49,,,
1985-07-04,58,69,50,0.00,,
1985-07-05,60,71,46,0.00,,
1985-07-06,64,73,,,,
1985-07-07,61,71,52,,,
1985-07-08,58,65,,0.00,,
1985-07-09,55,61,50,0.00,,
1985-07-10,56,61,50,,,
1985-07-11,60,71,55,,,
1985-07-12,60,70,50,,,
1985-07-13,62,73,49,0.00,,
1985-07-14,67,78,54,0.00,,
1985-07-15,71,82,55,0.00,,
1985-07-16,66,74,,,,
1985-07-17,62,72,52,,,
1985-07-18,60,73,46,0.00,,
1985-07-19,66,76,50,0.00,,
1985-07-20,71,81,60,,,
1985-07-21,59,64,,,,
1985-07-22,57,65,49,0.00,,
1985-07-23,55,61,44,0.16,,
1985-07-24,58,64,51,0.00,,
1985-07-25,58,68,47,0.00,,
1985-07-26,61,71,53,,,
1985-07-27,60,68,53,,,
1985-07-28,62,69,,,,
1985-07-29,62,72,49,0.00,,
1985-07-30,64,70,60,0.04,,
1985-07-31,64,75,53,0.00,,
1985-08-01,60,69,,,,
1985-08-02,60,69,50,0.00,,
1985-08-03,63,71,55,0.00,,
1985-08-04,58,63,,,,
1985-08-05,60,69,53,0.00,,
1985-08-06,67,78,56,0.00,,
1985-08-07,70,80,61,0.00,,
1985-08-08,70,80,61,,,
1985-08-09,62,70,57,,,
1985-08-10,60,64,,,,
1985-08-11,60,67,,0.00,,
1985-08-12,64,80,46,0.00,,
1985-08-13,71,84,59,0.00,,
1985-08-14,72,84,60,0.00,,
1985-08-15,73,85,63,0.00,,
1985-08-16,73,85,62,0.00,,
1985-08-17,73,86,62,0.00,,
1985-08-18,67,75,,,,
1985-08-19,59,62,,,,
1985-08-20,57,59,52,,,
1985-08-21,62,69,58,0.31,,
1985-08-22,60,69,54,0.00,,
1985-08-23,61,70,,0.00,,
1985-08-24,60,72,45,0.00,,
1985-08-25,71,86,59,,,
1985-08-26,70,85,,0.00,,
1985-08-27,56,,54,,,
1985-08-28,60,67,53,0.00,,
1985-08-29,63,73,52,0.00,,
1985-08-30,61,71,50,0.00,,
1985-08-31,58,70,,0.00,,
1985-09-01,59,74,43,0.00,,
1985-09-02,62,71,,0.00,,
1985-09-03,61,71,42,,,
1985-09-04,59,,,,,
1985-09-05,52,61,,0.00,,
1985-09-06,50,55,41,0.00,,
1985-09-07,47,,43,,,
1985-09-08,49,51,45,,,
1985-09-09,50,56,,0.16,,
1985-09-10,51,,46,0.00,,
1985-09-11,52,55,49,,,
1985-09-12,52,57,48,,,
1985-09-13,49,58,,,,
1985-09-14,49,62,35,0.00,,
1985-09-15,55,62,48,0.00,,
1985-09-16,55,58,,0.00,,
1985-09-17,51,55,48,0.04,,
1985-09-18,51,59,,0.00,,
1985-09-19,51,62,41,0.00,,
1985-09-20,58,68,49,0.00,,
1985-09-21,57,63,50,0.00,,
1985-09-22,56,65,,0.12,,
1985-09-23,47,53,,0.00,,
1985-09-24,44,54,32,0.00,,
1985-09-25,47,51,,,,
1985-09-26,44,54,,0.00,,
1985-09-27,44,53,32,0.08,,
1985-09-28,51,57,46,0.00,,
1985-09-29,44,52,,,,
1985-09-30,41,52,,0.00,,
1985-10-01,50,65,31,0.00,,
1985-10-02,57,70,50,0.00,,
1985-10-03,53,68,40,0.00,,
1985-10-04,59,72,47,0.00,,
1985-10-05,60,73,53,0.00,,
1985-10-06,56,71,47,0.00,,
1985-10-07,53,67,43,0.00,,
1985-10-08,53,57,51,0.00,,
1985-10-09,51,56,,,,
1985-10-10,49,56,42,0.00,,
1985-10-11,46,52,43,0.00,,
1985-10-12,49,,,,,
1985-10-13,45,48,43,0.24,,
1985-10-14,45,49,,,,
1985-10-15,42,44,40,,,
1985-10-16,44,47,42,0.00,,
1985-10-17,43,49,,,,
1985-10-18,43,48,27,,,
1985-10-19,47,50,,,,
1985-10-20,45,52,40,0.00,,
1985-10-21,45,47,41,0.00,,
1985-10-22,44,46,,0.08,,
1985-10-23,40,47,35,0.00,,
1985-10-24,42,47,,0.00,,
1985-10-25,42,44,31,0.00,,
1985-10-26,41,47,,0.00,,
1985-10-27,36,40,33,,,
1985-10-28,38,40,34,0.00,,
1985-10-29,37,,35,,,
1985-10-30,37,42,,0.00,,
1985-10-31,34,37,28,,,
1985-11-01,36,37,34,,,
1985-11-02,37,,30,,,
1985-11-03,38,41,35,0.00,,
1985-11-04,36,44,,,,
1985-11-05,40,48,29,0.00,,
1985-11-06,42,46,40,,,
1985-11-07,36,39,32,,,
1985-11-08,40,44,,,,
1985-11-09,37,46,26,0.00,,
1985-11-10,49,54,45,,,
1985-11-11,39,,,0.09,,
1985-11-12,36,,,0.00,,
1985-11-13,36,38,35,0.00,,
1985-11-14,35,38,33,,,
1985-11-15,31,34,,,,
1985-11-16,27,31,,,,
1985-11-17,26,29,21,0.00,,
1985-11-18,21,24,,,,
1985-11-19,19,23,16,,,
1985-11-20,22,23,18,,,
1985-11-21,23,26,20,0.00,,
1985-11-22,26,29,25,0.00,,0.4
1985-11-23,27,29,26,0.00,,0.4
1985-11-24,27,29,25,0.00,,0.4
1985-11-25,31,32,,,,
1985-11-26,27,,,,,0.4
1985-11-27,24,27,19,0.00,,0.4
1985-11-28,25,28,23,0.00,,0.4
1985-11-29,28,30,27,,,0.8
1985-11-30,27,28,,,,0.8
1985-12-01,25,30,,,,1.2
1985-12-02,24,,19,0.00,,1.2
1985-12-03,33,,26,0.04,,3.1
1985-12-04,45,48,39,0.00,,
1985-12-05,46,47,,0.00,,
1985-12-06,42,48,37,0.00,,
1985-12-07,39,,35,0.00,,
1985-12-08,36,,,0.00,,
1985-12-09,30,,24,,,
1985-12-10,36,38,34,0.00,,
1985-12-11,36,,,,,
1985-12-12,28,,,0.00,,
1985-12-13,30,,22,0.00,,
1985-12-14,36,38,33,,,
1985-12-15,35,38,33,0.00,,
1985-12-16,33,,,0.00,,
1985-12-17,28,32,,0.00,,3.1
1985-12-18,12,,,,,2.8
1985-12-19,20,,,,,
1985-12-20,30,34,,,,3.5
1985-12-21,29,,16,,,4.3
1985-12-22,36,,,0.00,,3.5
1985-12-23,31,39,26,0.00,,2.0
1985-12-24,28,30,26,0.00,,1.6
1985-12-25,27,28,25,0.00,,1.6
1985-12-26,32,34,27,,,1.6
1985-12-27,32,35,,,,1.2
1985-12-28,23,25,,0.00,,
1985-12-29,23,24,,0.00,,
1985-12-30,17,,,,,
1985-12-31,7,15,,0.00,,6.7
1986-01-01,9,18,,0.00,,
1986-01-02,21,,14,,,6.7
1986-01-03,26,,22,0.00,,7.1
1986-01-04,30,33,25,0.00,,7.1
1986-01-05,25,,,0.00,,7.1
1986-01-06,22,27,15,0.00,,7.1
1986-01-07,27,30,19,,,7.1
1986-01-08,25,29,,,,7.1
1986-01-09,18,,15,,,7.5
1986-01-10,23,,19,,,7.9
1986-01-11,22,,19,0.01,,7.5
1986-01-12,33,33,24,0.00,,7.9
1986-01-13,33,35,,0.00,,
1986-01-14,33,34,,,,7.1
1986-01-15,33,35,33,,,7.9
1986-01-16,29,,,,,7.5
1986-01-17,21,25,,0.00,,7.5
1986-01-18,18,24,5,0.00,,7.5
1986-01-19,31,35,21,0.01,,
1986-01-20,35,40,,0.00,,7.1
1986-01-21,33,,29,,,7.5
1986-01-22,35,36,,,,7.1
1986-01-23,36,38,,,,
1986-01-24,37,38,,,,3.9
1986-01-25,33,,,,,3.1
1986-01-26,32,32,,,,6.3
1986-01-27,30,32,,,,10.6
1986-01-28,24,26,,,,11.8
1986-01-29,22,26,17,0.00,,11.8
1986-01-30,27,29,,0.00,,
1986-01-31,28,29,,,,11.8
1986-02-01,19,,,0.00,,11.8
1986-02-02,12,18,9,0.00,,11.4
1986-02-03,8,16,2,0.00,,11.0
1986-02-04,2,14,-7,0.00,,11.0
1986-02-05,5,15,-5,0.00,,10.6
1986-02-06,6,,,0.00,,11.0
1986-02-07,-7,-2,,0.00,,11.0
1986-02-08,5,,-14,,,11.4
1986-02-09,22,26,13,,,11.8
1986-02-10,13,23,,0.00,,
1986-02-11,12,27,0,0.00,,11.4
1986-02-12,12,24,2,0.00,,11.4
1986-02-13,6,19,-2,0.00,,11.4
1986-02-14,9,20,-4,,,11.0
1986-02-15,16,23,9,0.00,,11.0
1986-02-16,18,23,14,0.00,,11.0
1986-02-17,19,21,16,,,11.4
1986-02-18,23,26,20,,,11.8
1986-02-19,11,,7,,,12.2
1986-02-20,11,16,4,0.00,,11.8
1986-02-21,11,,8,,,12.2
1986-02-22,13,22,,,,12.6
1986-02-23,12,20,-1,0.00,,12.6
1986-02-24,9,20,-3,0.00,,12.6
1986-02-25,10,15,3,,,12.6
1986-02-26,7,14,0,,,12.2
1986-02-27,16,23,,0.00,,12.2
1986-02-28,17,23,,0.02,,12.6
1986-03-01,10,25,-7,0.00,,12.6
1986-03-02,10,28,-4,0.00,,12.6
1986-03-03,13,33,-8,0.00,,12.2
1986-03-04,23,,12,,,11.8
1986-03-05,32,37,24,,,12.2
1986-03-06,37,,35,,,10.2
1986-03-07,37,43,32,0.00,,7.5
1986-03-08,37,41,,,,
1986-03-09,34,37,30,0.00,,2.4
1986-03-10,32,35,29,0.00,,2.0
1986-03-11,33,35,30,,,1.6
1986-03-12,33,34,32,0.00,,1.6
1986-03-13,31,,,0.00,,1.6
1986-03-14,29,31,27,0.00,,1.2
1986-03-15,28,31,26,0.00,,
1986-03-16,31,38,22,0.00,,
1986-03-17,31,42,23,0.00,,
1986-03-18,33,45,20,,,
1986-03-19,35,46,27,0.00,,
1986-03-20,34,46,25,0.00,,
1986-03-21,31,42,,0.00,,
1986-03-22,34,41,26,,,
1986-03-23,36,44,30,0.00,,
1986-03-24,36,42,32,,,0.4
1986-03-25,40,47,,,,
1986-03-26,38,51,30,,,
1986-03-27,43,54,31,0.00,,
1986-03-28,50,59,,,,
1986-03-29,46,,,,,
1986-03-30,45,55,38,,,
1986-03-31,47,54,39,,,
1986-04-01,43,48,,,,
1986-04-02,38,45,33,,,
1986-04-03,39,48,29,0.00,,
1986-04-04,40,46,37,0.00,,
1986-04-05,40,45,32,,,
1986-04-06,39,42,37,,,
1986-04-07,41,44,37,,,
1986-04-08,51,65,41,0.00,,
1986-04-09,48,62,42,0.00,,
1986-04-10,39,,,,,
1986-04-11,27,,,,,0.8
1986-04-12,26,31,23,,,1.6
1986-04-13,29,37,23,,,1.2
1986-04-14,32,41,20,0.00,,
1986-04-15,36,45,,0.00,,
1986-04-16,39,53,24,0.00,,
1986-04-17,43,49,36,0.04,,
1986-04-18,52,64,37,0.00,,
1986-04-19,49,51,,,,
1986-04-20,39,,37,0.00,,
1986-04-21,43,50,36,,,
1986-04-22,52,65,36,0.00,,
1986-04-23,57,70,44,0.00,,
1986-04-24,61,74,47,0.00,,
1986-04-25,63,73,55,0.00,,
1986-04-26,60,72,49,0.00,,
1986-04-27,59,74,43,0.00,,
1986-04-28,61,75,43,0.00,,
1986-04-29,62,76,45,0.00,,
1986-04-30,62,77,47,0.00,,
1986-05-01,54,62,45,0.00,,
1986-05-02,51,64,36,0.00,,
1986-05-03,54,66,38,0.00,,
1986-05-04,51,63,37,0.00,,
1986-05-05,51,65,35,0.00,,
1986-05-06,53,66,,0.00,,
1986-05-07,52,67,33,0.00,,
1986-05-08,58,73,38,0.00,,
1986-05-09,54,59,49,,,
1986-05-10,54,60,48,0.00,,
1986-05-11,56,65,42,0.00,,
1986-05-12,54,59,,,,
1986-05-13,55,67,40,,,
1986-05-14,63,74,47,0.00,,
1986-05-15,63,75,56,0.00,,
1986-05-16,58,62,,,,
1986-05-17,55,64,44,0.00,,
1986-05-18,55,66,37,0.00,,
1986-05-19,61,72,55,0.02,,
1986-05-20,54,63,43,0.00,,
1986-05-21,57,71,38,,,
1986-05-22,56,71,44,,,
1986-05-23,56,69,41,,,
1986-05-24,64,78,41,,,
1986-05-25,56,,,,,
1986-05-26,60,72,45,,,
1986-05-27,66,79,52,,,
1986-05-28,65,81,51,,,
1986-05-29,50,52,47,,,
1986-05-30,53,59,48,0.04,,
1986-05-31,52,55,,,,
1986-06-01,55,60,49,,,
1986-06-02,53,56,50,,,
1986-06-03,53,60,46,,,
1986-06-04,57,69,41,,,
1986-06-05,63,72,49,,,
1986-06-06,51,,46,,,
1986-06-07,53,63,47,,,
1986-06-08,59,,48,,,
1986-06-09,58,66,47,0.00,,
1986-06-10,62,73,45,0.00,,
1986-06-11,68,81,61,0.35,,
1986-06-12,71,,62,,,
1986-06-13,71,80,60,,,
1986-06-14,65,75,57,0.00,,
1986-06-15,65,75,50,0.00,,
1986-06-16,69,77,,,,
1986-06-17,68,80,52,0.00,,
1986-06-18,69,83,52,0.00,,
1986-06-19,72,85,57,,,
1986-06-20,71,82,62,0.00,,
1986-06-21,60,65,,,,
1986-06-22,57,65,51,0.04,,
1986-06-23,53,63,,,,
1986-06-24,55,63,44,,,
1986-06-25,57,65,49,,,
1986-06-26,62,72,49,,,
1986-06-27,65,74,56,0.00,,
1986-06-28,64,79,50,,,
1986-06-29,65,75,53,,,
1986-06-30,65,76,52,0.00,,
1986-07-01,63,75,51,0.00,,
1986-07-02,67,81,49,0.00,,
1986-07-03,72,86,54,0.00,,
1986-07-04,72,87,52,,,
1986-07-05,69,80,59,0.00,,
1986-07-06,75,89,59,0.00,,
1986-07-07,67,76,,0.00,,
1986-07-08,59,61,,,,
1986-07-09,58,65,50,0.00,,
1986-07-10,55,63,,0.00,,
1986-07-11,54,62,47,,,
1986-07-12,53,64,46,,,
1986-07-13,56,64,49,0.00,,
1986-07-14,53,57,47,,,
1986-07-15,59,,48,0.04,,
1986-07-16,65,76,50,0.00,,
1986-07-17,67,78,,,,
1986-07-18,68,79,52,0.00,,
1986-07-19,67,79,51,0.00,,
1986-07-20,65,75,57,0.00,,
1986-07-21,56,64,,,,
1986-07-22,61,73,43,0.00,,
1986-07-23,65,76,,0.00,,
1986-07-24,67,81,58,,,
1986-07-25,55,60,49,,,
1986-07-26,58,,50,,,
1986-07-27,61,72,56,,,
1986-07-28,64,76,48,0.00,,
1986-07-29,68,80,,0.00,,
1986-07-30,69,81,55,0.00,,
1986-07-31,68,77,61,,,
1986-08-01,71,84,55,0.00,,
1986-08-02,65,72,,,,
1986-08-03,67,79,52,0.00,,
1986-08-04,70,84,52,0.00,,
1986-08-05,74,89,63,,,
1986-08-06,65,73,58,,,
1986-08-07,63,76,48,0.00,,
1986-08-08,66,80,55,0.16,,
1986-08-09,64,73,,0.00,,
1986-08-10,62,74,49,0.00,,
1986-08-11,58,66,48,,,
1986-08-12,64,73,51,,,
1986-08-13,60,63,,,,
1986-08-14,59,68,50,0.00,,
1986-08-15,58,70,49,0.00,,
1986-08-16,59,70,44,,,
1986-08-17,65,75,52,,,
1986-08-18,62,71,50,,,
1986-08-19,63,72,56,,,
1986-08-20,57,65,50,,,
1986-08-21,54,57,52,,,
1986-08-22,55,62,46,,,
1986-08-23,60,67,54,,,
1986-08-24,59,65,,,,
1986-08-25,53,64,41,,,
1986-08-26,54,65,39,0.00,,
1986-08-27,62,72,51,0.00,,
1986-08-28,62,69,,0.00,,
1986-08-29,61,69,,,,
1986-08-30,55,63,49,0.00,,
1986-08-31,53,59,49,,,
1986-09-01,52,57,50,0.24,,
1986-09-02,53,58,49,0.00,,
1986-09-03,55,60,51,0.04,,
1986-09-04,52,,,0.00,,
1986-09-05,52,61,46,0.12,,
1986-09-06,54,59,50,,,
1986-09-07,51,56,,0.02,,
1986-09-08,49,56,44,0.04,,
1986-09-09,51,,,0.00,,
1986-09-10,49,60,35,0.04,,
1986-09-11,50,60,,0.00,,
1986-09-12,48,56,37,0.00,,
1986-09-13,52,56,47,0.01,,
1986-09-14,50,59,35,0.00,,
1986-09-15,59,66,52,,,
1986-09-16,54,,,,,
1986-09-17,52,59,48,0.00,,
1986-09-18,49,52,,,,
1986-09-19,47,57,39,0.00,,
1986-09-20,50,55,41,,,
1986-09-21,54,58,51,0.04,,
1986-09-22,54,59,,0.00,,
1986-09-23,49,58,,0.00,,
1986-09-24,46,54,,0.00,,
1986-09-25,42,54,35,,,
1986-09-26,39,52,28,,,
1986-09-27,35,48,23,0.00,,
1986-09-28,38,,25,0.00,,
1986-09-29,49,57,37,0.04,,
1986-09-30,50,57,,0.00,,
1986-10-01,52,57,43,,,
1986-10-02,56,69,46,0.00,,
1986-10-03,51,,,0.00,,
1986-10-04,46,53,40,,,
1986-10-05,42,50,,0.02,,
1986-10-06,42,50,25,0.00,,
1986-10-07,50,,43,,,
1986-10-08,50,54,,,,
1986-10-09,42,49,30,0.00,,
1986-10-10,48,,40,,,
1986-10-11,54,64,45,0.00,,
1986-10-12,46,54,,0.00,,
1986-10-13,40,56,29,0.00,,
1986-10-14,46,61,34,0.00,,
1986-10-15,47,62,,0.00,,
1986-10-16,44,63,30,0.00,,
1986-10-17,45,58,31,0.00,,
1986-10-18,44,53,,0.00,,
1986-10-19,47,59,37,0.00,,
1986-10-20,42,47,,,,
1986-10-21,42,46,,,,
1986-10-22,43,47,40,,,
1986-10-23,49,51,45,,,
1986-10-24,41,45,37,,,
1986-10-25,38,49,33,0.00,,
1986-10-26,39,48,,0.00,,
1986-10-27,38,44,,0.00,,
1986-10-28,36,47,29,0.00,,
1986-10-29,35,40,27,0.00,,
1986-10-30,41,49,,,,
1986-10-31,36,45,27,0.00,,
1986-11-01,44,47,,,,
1986-11-02,44,50,39,0.12,,
1986-11-03,35,41,,0.00,,
1986-11-04,34,40,26,0.00,,
1986-11-05,39,43,,0.02,,
1986-11-06,39,46,35,0.00,,
1986-11-07,38,44,,0.00,,
1986-11-08,33,,27,0.00,,
1986-11-09,40,46,36,0.00,,
1986-11-10,37,,30,0.00,,
1986-11-11,40,46,35,,,
1986-11-12,42,48,36,0.00,,
1986-11-13,36,43,,0.00,,
1986-11-14,35,43,29,0.00,,
1986-11-15,33,40,,0.00,,
1986-11-16,35,,26,0.04,,
1986-11-17,41,,40,0.00,,
1986-11-18,45,48,42,,,
1986-11-19,43,46,41,0.00,,
1986-11-20,44,47,43,,,
1986-11-21,40,47,,0.00,,
1986-11-22,36,,30,3.15,,
1986-11-23,42,44,37,0.00,,
1986-11-24,42,43,,,,
1986-11-25,41,,39,0.00,,
1986-11-26,46,52,,0.00,,
1986-11-27,41,44,37,0.00,,
1986-11-28,35,,30,0.00,,
1986-11-29,37,40,,0.00,,
1986-11-30,35,38,32,0.00,,
1986-12-01,34,37,31,,,
1986-12-02,35,42,31,,,
1986-12-03,38,46,31,,,
1986-12-04,46,,,0.00,,
1986-12-05,49,50,,,,
1986-12-06,41,,,0.00,,
1986-12-07,33,39,,0.00,,
1986-12-08,25,30,20,0.00,,
1986-12-09,27,32,23,0.00,,
1986-12-10,28,36,24,0.00,,
1986-12-11,32,34,24,,,
1986-12-12,33,34,32,,,
1986-12-13,30,,,0.00,,
1986-12-14,25,27,22,,,
1986-12-15,29,32,26,0.00,,0.4
1986-12-16,31,32,,0.00,,0.4
1986-12-17,34,36,30,0.04,,2.0
1986-12-18,34,36,,0.02,,1.2
1986-12-19,33,,31,0.00,,1.2
1986-12-20,32,,,,,2.8
1986-12-21,27,29,,,,3.9
1986-12-22,21,24,17,,,3.9
1986-12-23,21,23,,,,5.5
1986-12-24,16,19,,0.02,,6.3
1986-12-25,12,14,10,0.00,,6.3
1986-12-26,11,13,,,,6.3
1986-12-27,7,,2,0.00,,6.3
1986-12-28,26,30,10,,,6.7
1986-12-29,29,35,25,0.04,,7.5
1986-12-30,31,,,0.00,,9.1
1986-12-31,25,27,23,,,9.8
1987-01-01,21,,,0.08,,10.2
1987-01-02,2,,,,,11.4
1987-01-03,4,,-13,,,11.4
1987-01-04,2,,,,,11.8
1987-01-05,3,,-20,,,11.8
1987-01-06,10,,,0.28,,13.4
1987-01-07,-9,,,,,14.6
1987-01-08,-11,-2,-26,,,14.6
1987-01-09,-2,,,0.00,,14.6
1987-01-10,-14,-9,-19,,,15.0
1987-01-11,-9,,-19,0.00,,15.0
1987-01-12,1,6,-10,0.01,,15.7
1987-01-13,-1,6,,0.12,,
1987-01-14,-9,-1,-18,0.00,,16.5
1987-01-15,1,12,-14,0.00,,
1987-01-16,-2,6,-8,0.00,,16.1
1987-01-17,-4,11,-12,0.00,,15.7
1987-01-18,-3,7,-16,0.00,,15.4
1987-01-19,9,14,-3,,,15.4
1987-01-20,2,8,-6,,,15.4
1987-01-21,5,,,,,15.4
1987-01-22,16,,3,,,15.0
1987-01-23,23,25,19,,,15.0
1987-01-24,15,,12,0.00,,15.0
1987-01-25,29,35,14,0.08,,13.0
1987-01-26,25,,,0.06,,16.9
1987-01-27,17,21,,0.02,,17.3
1987-01-28,21,26,,0.10,,18.5
1987-01-29,-4,10,,,,18.9
1987-01-30,-7,,-30,0.00,,18.9
1987-01-31,20,,6,0.02,,
1987-02-01,28,31,24,,,19.7
1987-02-02,26,32,,0.00,,19.7
1987-02-03,13,30,1,0.00,,18.9
1987-02-04,16,28,2,0.00,,18.5
1987-02-05,29,34,18,0.00,,18.1
1987-02-06,34,37,31,,,18.1
1987-02-07,33,37,,0.24,,15.7
1987-02-08,25,30,18,,,11.8
1987-02-09,22,,,0.02,,13.0
1987-02-10,26,33,10,0.00,,13.8
1987-02-11,33,36,31,0.04,,14.2
1987-02-12,34,36,31,,,11.8
1987-02-13,36,40,33,,,11.4
1987-02-14,35,36,33,,,10.2
1987-02-15,33,,33,0.00,,7.9
1987-02-16,33,33,33,,,5.9
1987-02-17,33,35,33,,,5.9
1987-02-18,32,33,31,0.00,,5.9
1987-02-19,33,34,31,,,6.3
1987-02-20,32,,,,,5.9
1987-02-21,32,33,31,,,5.9
1987-02-22,33,34,31,0.00,,5.5
1987-02-23,25,,,0.09,,6.3
1987-02-24,22,28,17,0.01,,7.1
1987-02-25,22,28,,,,7.9
1987-02-26,10,21,2,,,7.9
1987-02-27,11,,-8,0.00,,7.9
1987-02-28,20,29,12,0.00,,7.5
1987-03-01,13,17,4,0.00,,7.5
1987-03-02,0,,,,,7.5
1987-03-03,-1,6,-10,,,6.7
1987-03-04,7,16,-8,0.02,,7.1
1987-03-05,11,19,,0.02,,7.5
1987-03-06,8,17,-5,,,7.5
1987-03-07,20,27,11,0.10,,9.4
1987-03-08,22,,,0.00,,9.4
1987-03-09,23,31,14,0.00,,9.8
1987-03-10,21,31,13,0.00,,9.8
1987-03-11,14,24,2,0.00,,9.4
1987-03-12,18,31,-1,0.00,,8.7
1987-03-13,20,32,5,0.00,,8.3
1987-03-14,21,34,9,0.00,,7.1
1987-03-15,21,35,6,0.00,,6.3
1987-03-16,23,34,12,0.00,,5.1
1987-03-17,27,34,19,,,4.7
1987-03-18,31,36,27,0.00,,4.7
1987-03-19,32,38,29,0.08,,4.7
1987-03-20,33,37,26,0.00,,3.9
1987-03-21,33,36,,0.33,,7.9
1987-03-22,32,42,17,,,5.9
1987-03-23,34,41,27,,,4.7
1987-03-24,33,35,29,0.00,,3.9
1987-03-25,32,34,30,0.00,,3.5
1987-03-26,34,37,31,0.00,,3.5
1987-03-27,37,42,34,,,2.0
1987-03-28,43,48,35,0.08,,
1987-03-29,43,48,,0.08,,
1987-03-30,38,48,33,0.00,,
1987-03-31,36,40,34,,,
1987-04-01,36,39,,,,
1987-04-02,40,52,33,0.00,,
1987-04-03,38,46,33,0.00,,
1987-04-04,37,41,34,0.00,,
1987-04-05,42,52,35,0.00,,
1987-04-06,39,42,,0.16,,
1987-04-07,35,42,31,0.00,,
1987-04-08,45,57,31,,,
1987-04-09,42,50,,,,
1987-04-10,41,52,30,0.00,,
1987-04-11,42,50,32,0.00,,
1987-04-12,41,52,32,0.00,,
1987-04-13,42,54,29,0.00,,
1987-04-14,38,45,26,0.00,,
1987-04-15,41,,36,0.00,,
1987-04-16,44,49,40,0.00,,
1987-04-17,42,48,38,0.00,,
1987-04-18,38,45,,0.04,,
1987-04-19,35,46,25,0.00,,
1987-04-20,42,55,21,,,
1987-04-21,43,46,,0.16,,
1987-04-22,40,45,34,,,
1987-04-23,42,50,36,0.00,,
1987-04-24,50,59,42,0.00,,
1987-04-25,47,52,44,,,
1987-04-26,40,44,,0.04,,
1987-04-27,41,46,33,,,
1987-04-28,39,,32,,,
1987-04-29,54,70,38,0.00,,
1987-04-30,58,73,39,0.00,,
1987-05-01,59,74,42,0.00,,
1987-05-02,60,74,46,0.00,,
1987-05-03,58,70,46,0.00,,
1987-05-04,60,70,48,0.00,,
1987-05-05,58,69,44,0.00,,
1987-05-06,53,65,44,0.00,,
1987-05-07,45,,41,,,
1987-05-08,40,42,37,0.28,,
1987-05-09,47,57,37,,,
1987-05-10,56,71,41,0.00,,
1987-05-11,53,,45,0.00,,
1987-05-12,52,63,34,0.00,,
1987-05-13,59,68,53,,,
1987-05-14,51,,,,,
1987-05-15,47,58,38,,,
1987-05-16,52,59,41,,,
1987-05-17,51,,,0.08,,
1987-05-18,54,64,36,0.00,,
1987-05-19,57,63,51,0.24,,
1987-05-20,53,59,50,,,
1987-05-21,52,54,,,,
1987-05-22,56,67,46,0.00,,
1987-05-23,52,56,,,,
1987-05-24,54,64,43,0.00,,
1987-05-25,51,58,43,0.00,,
1987-05-26,50,62,35,0.00,,
1987-05-27,55,65,43,,,
1987-05-28,57,71,44,,,
1987-05-29,51,54,47,,,
1987-05-30,47,48,,0.00,,
1987-05-31,47,52,43,0.00,,
1987-06-01,48,,46,0.00,,
1987-06-02,50,59,38,,,
1987-06-03,51,60,44,,,
1987-06-04,54,65,37,0.00,,
1987-06-05,58,71,50,0.32,,
1987-06-06,56,59,,0.00,,
1987-06-07,61,74,42,0.00,,
1987-06-08,68,77,60,0.00,,
1987-06-09,61,68,53,,,
1987-06-10,60,66,56,0.06,,
1987-06-11,60,70,,0.00,,
1987-06-12,64,76,48,0.00,,
1987-06-13,64,74,53,,,
1987-06-14,66,81,52,,,
1987-06-15,68,76,58,0.00,,
1987-06-16,60,77,,1.02,,
1987-06-17,53,59,,,,
1987-06-18,53,64,37,0.00,,
1987-06-19,53,61,44,0.00,,
1987-06-20,57,70,40,0.00,,
1987-06-21,61,74,48,,,
1987-06-22,63,75,48,0.00,,
1987-06-23,62,76,49,,,
1987-06-24,60,67,53,0.04,,
1987-06-25,53,57,46,0.28,,
1987-06-26,59,69,42,,,
1987-06-27,62,68,,0.00,,
1987-06-28,57,66,,,,
1987-06-29,60,72,41,0.00,,
1987-06-30,70,78,65,,,
1987-07-01,76,87,64,0.00,,
1987-07-02,67,73,,0.00,,
1987-07-03,60,71,47,0.00,,
1987-07-04,60,69,47,0.00,,
1987-07-05,61,71,,0.00,,
1987-07-06,61,74,43,0.00,,
1987-07-07,67,80,46,0.00,,
1987-07-08,70,83,56,0.00,,
1987-07-09,63,,,0.16,,
1987-07-10,56,65,,0.06,,
1987-07-11,53,59,46,,,
1987-07-12,58,65,53,1.50,,
1987-07-13,59,,53,0.04,,
1987-07-14,55,,47,0.02,,
1987-07-15,59,69,45,0.00,,
1987-07-16,61,,46,0.00,,
1987-07-17,66,76,55,0.00,,
1987-07-18,67,76,59,0.00,,
1987-07-19,65,74,53,0.00,,
1987-07-20,67,78,60,,,
1987-07-21,67,75,,0.00,,
1987-07-22,69,78,58,0.00,,
1987-07-23,69,79,61,,,
1987-07-24,66,77,,0.00,,
1987-07-25,63,70,56,,,
1987-07-26,58,,,,,
1987-07-27,54,61,46,0.04,,
1987-07-28,56,66,50,0.36,,
1987-07-29,56,62,51,0.18,,
1987-07-30,59,69,49,,,
1987-07-31,58,62,53,,,
1987-08-01,60,68,51,,,
1987-08-02,58,65,,,,
1987-08-03,56,63,48,,,
1987-08-04,56,66,43,0.08,,
1987-08-05,53,64,44,0.00,,
1987-08-06,54,62,39,,,
1987-08-07,56,63,50,,,
1987-08-08,56,68,44,0.00,,
1987-08-09,58,69,48,,,
1987-08-10,57,62,51,0.20,,
1987-08-11,56,62,,,,
1987-08-12,52,55,49,0.20,,
1987-08-13,56,64,49,0.04,,
1987-08-14,58,68,49,0.00,,
1987-08-15,57,63,54,0.16,,
1987-08-16,53,58,,0.12,,
1987-08-17,51,63,44,0.00,,
1987-08-18,54,,46,,,
1987-08-19,59,,53,,,
1987-08-20,58,67,,,,
1987-08-21,60,72,46,0.00,,
1987-08-22,61,74,47,0.00,,
1987-08-23,62,,44,,,
1987-08-24,64,78,49,,,
1987-08-25,66,82,51,0.00,,
1987-08-26,66,78,54,0.00,,
1987-08-27,63,77,48,0.00,,
1987-08-28,61,68,,0.59,,
1987-08-29,56,62,,0.02,,
1987-08-30,54,63,47,,,
1987-08-31,54,62,,,,
1987-09-01,50,62,41,0.00,,
1987-09-02,51,65,35,0.00,,
1987-09-03,56,72,38,0.00,,
1987-09-04,53,63,,0.00,,
1987-09-05,52,65,39,0.00,,
1987-09-06,58,69,42,0.00,,
1987-09-07,62,68,56,0.01,,
1987-09-08,56,63,,,,
1987-09-09,51,62,42,0.00,,
1987-09-10,51,63,41,0.00,,
1987-09-11,56,63,,,,
1987-09-12,55,62,48,,,
1987-09-13,60,66,,0.43,,
1987-09-14,54,60,45,0.51,,
1987-09-15,54,,47,,,
1987-09-16,52,58,,0.00,,
1987-09-17,47,57,41,0.00,,
1987-09-18,50,61,36,,,
1987-09-19,53,58,,,,
1987-09-20,45,52,,,,
1987-09-21,48,55,,0.00,,
1987-09-22,48,59,31,0.00,,
1987-09-23,58,66,52,,,
1987-09-24,61,72,55,0.16,,
1987-09-25,54,59,,0.03,,
1987-09-26,51,61,42,,,
1987-09-27,47,57,38,,,
1987-09-28,44,51,39,0.12,,
1987-09-29,44,49,38,,,
1987-09-30,45,53,40,0.00,,
1987-10-01,42,50,,0.00,,
1987-10-02,42,55,32,0.00,,
1987-10-03,41,56,29,0.00,,
1987-10-04,41,57,,,,
1987-10-05,47,60,29,0.00,,
1987-10-06,52,65,40,0.00,,
1987-10-07,55,61,51,0.00,,
1987-10-08,54,63,46,0.00,,
1987-10-09,51,61,,0.05,,
1987-10-10,47,55,33,0.00,,
1987-10-11,54,63,47,0.00,,
1987-10-12,50,60,42,0.00,,
1987-10-13,46,53,40,,,
1987-10-14,47,48,45,0.08,,
1987-10-15,51,54,47,0.00,,
1987-10-16,54,63,48,0.00,,
1987-10-17,52,,,0.00,,
1987-10-18,48,58,,0.00,,
1987-10-19,44,53,36,0.00,,
1987-10-20,43,53,36,0.00,,
1987-10-21,42,53,35,0.00,,
1987-10-22,41,52,34,0.00,,
1987-10-23,44,53,35,0.00,,
1987-10-24,45,49,41,,,
1987-10-25,48,52,,,,
1987-10-26,42,46,39,0.00,,
1987-10-27,37,41,,0.00,,
1987-10-28,29,37,21,0.00,,
1987-10-29,31,,22,0.00,,
1987-10-30,28,42,22,,,
1987-10-31,30,44,24,0.00,,
1987-11-01,29,44,18,0.00,,
1987-11-02,32,41,25,0.00,,
1987-11-03,34,42,26,,,
1987-11-04,38,44,31,,,
1987-11-05,40,42,36,0.00,,
1987-11-06,42,45,40,0.00,,
1987-11-07,40,43,,,,
1987-11-08,40,42,,0.02,,
1987-11-09,28,37,,0.00,,
1987-11-10,22,35,14,0.00,,
1987-11-11,26,,13,,,
1987-11-12,36,,30,,,
1987-11-13,43,48,,0.08,,
1987-11-14,41,44,37,0.18,,
1987-11-15,41,43,,0.02,,
1987-11-16,37,43,33,,,
1987-11-17,44,46,37,0.12,,
1987-11-18,44,46,43,0.18,,
1987-11-19,37,,35,,,
1987-11-20,34,35,,,,
1987-11-21,38,41,34,,,
1987-11-22,35,,,0.04,,
1987-11-23,29,,,0.02,,
1987-11-24,29,,27,,,
1987-11-25,35,,30,0.16,,
1987-11-26,43,49,37,0.00,,
1987-11-27,42,46,,,,
1987-11-28,42,44,40,0.49,,
1987-11-29,40,42,,,,
1987-11-30,37,42,,0.00,,
1987-12-01,33,,32,0.00,,
1987-12-02,33,,,0.00,,
1987-12-03,35,36,31,,,
1987-12-04,34,,,,,
1987-12-05,29,,24,0.00,,
1987-12-06,30,31,28,0.00,,
1987-12-07,28,32,,0.10,,0.8
1987-12-08,21,26,-3,,,0.8
1987-12-09,27,31,21,0.00,,0.8
1987-12-10,28,,26,0.08,,1.6
1987-12-11,31,35,,0.08,,3.9
1987-12-12,25,29,21,,,3.5
1987-12-13,26,30,20,,,3.5
1987-12-14,19,24,,0.00,,3.5
1987-12-15,21,,15,,,3.5
1987-12-16,25,,22,,,3.5
1987-12-17,25,26,,0.00,,3.1
1987-12-18,29,,23,,,3.1
1987-12-19,39,42,33,0.33,,1.6
1987-12-20,38,39,37,0.03,,
1987-12-21,40,42,38,0.20,,
1987-12-22,32,,,0.00,,
1987-12-23,22,,21,,,2.0
1987-12-24,21,,19,0.01,,2.4
1987-12-25,25,,22,0.00,,2.4
1987-12-26,30,,26,,,2.4
1987-12-27,39,44,33,0.16,,1.2
1987-12-28,41,,,0.16,,
1987-12-29,37,,32,0.16,,
1987-12-30,46,49,,0.55,,
1987-12-31,40,,,0.03,,
1988-01-01,37,,33,,,
1988-01-02,42,,,0.10,,
1988-01-03,45,47,,,,
1988-01-04,41,47,,0.00,,
1988-01-05,41,43,38,0.16,,
1988-01-06,44,52,38,,,
1988-01-07,42,45,,0.00,,
1988-01-08,38,41,35,,,
1988-01-09,36,38,,,,
1988-01-10,34,,32,0.00,,
1988-01-11,34,,33,0.00,,
1988-01-12,35,36,33,0.00,,
1988-01-13,33,,,0.00,,
1988-01-14,29,35,23,0.00,,
1988-01-15,29,34,26,0.00,,
1988-01-16,27,33,20,,,
1988-01-17,32,,31,0.04,,0.4
1988-01-18,28,31,,0.20,,2.4
1988-01-19,25,26,23,0.00,,2.4
1988-01-20,26,28,,0.00,,2.4
1988-01-21,24,25,23,0.00,,2.4
1988-01-22,27,,22,0.00,,2.4
1988-01-23,24,28,,,,2.4
1988-01-24,19,20,17,0.04,,3.1
1988-01-25,17,20,11,0.01,,3.1
1988-01-26,18,20,,,,3.5
1988-01-27,13,,,0.01,,3.5
1988-01-28,13,18,11,0.04,,3.9
1988-01-29,16,19,13,,,3.9
1988-01-30,20,21,19,0.09,,4.3
1988-01-31,15,,12,,,4.3
1988-02-01,15,17,11,,,5.1
1988-02-02,25,29,16,,,5.1
1988-02-03,33,36,27,0.01,,7.1
1988-02-04,35,40,31,0.00,,6.7
1988-02-05,34,,31,,,4.7
1988-02-06,34,39,28,,,4.3
1988-02-07,35,,31,0.02,,2.8
1988-02-08,34,,,0.09,,2.8
1988-02-09,34,36,31,0.01,,2.4
1988-02-10,33,37,,0.00,,1.6
1988-02-11,33,39,28,0.01,,1.6
1988-02-12,33,39,,0.02,,1.6
1988-02-13,34,36,26,0.09,,0.4
1988-02-14,32,35,30,,,
1988-02-15,32,33,,0.00,,
1988-02-16,29,32,,0.00,,
1988-02-17,32,37,27,,,
1988-02-18,33,35,,0.01,,0.4
1988-02-19,26,,,0.02,,0.4
1988-02-20,17,20,,0.01,,0.4
1988-02-21,17,28,3,,,0.4
1988-02-22,26,,23,0.08,,2.0
1988-02-23,29,32,26,0.04,,2.4
1988-02-24,31,32,,0.16,,4.7
1988-02-25,29,35,,,,
1988-02-26,31,,28,0.04,,5.9
1988-02-27,30,38,,0.00,,7.1
1988-02-28,26,27,18,0.00,,6.3
1988-02-29,29,32,26,0.12,,7.9
1988-03-01,29,36,20,,,8.7
1988-03-02,28,32,23,0.00,,7.9
1988-03-03,26,31,,0.02,,7.9
1988-03-04,20,33,3,0.00,,7.5
1988-03-05,29,38,19,0.00,,7.1
1988-03-06,30,33,21,0.20,,6.7
1988-03-07,31,35,26,0.00,,9.4
1988-03-08,30,31,29,0.02,,8.3
1988-03-09,30,33,28,0.04,,8.7
1988-03-10,27,32,,0.00,,8.3
1988-03-11,26,31,17,,,8.3
1988-03-12,27,32,,0.12,,8.7
1988-03-13,26,31,,0.01,,9.4
1988-03-14,24,29,19,0.12,,10.2
1988-03-15,27,33,17,0.05,,11.8
1988-03-16,34,39,,,,
1988-03-17,35,36,,0.39,,10.6
1988-03-18,29,32,28,,,8.7
1988-03-19,27,29,,0.03,,9.1
1988-03-20,27,30,,0.00,,9.8
1988-03-21,28,36,19,,,9.8
1988-03-22,26,33,,0.01,,9.4
1988-03-23,28,33,17,0.08,,9.1
1988-03-24,33,33,,0.71,,7.9
1988-03-25,36,42,31,0.12,,9.4
1988-03-26,34,38,29,,,8.7
1988-03-27,35,36,33,0.20,,7.9
1988-03-28,35,44,29,0.00,,5.1
1988-03-29,36,44,28,,,4.7
1988-03-30,36,44,26,0.00,,3.1
1988-03-31,43,54,,0.00,,
1988-04-01,44,48,,,,
1988-04-02,42,46,40,0.35,,
1988-04-03,43,46,39,,,
1988-04-04,43,51,,0.04,,
1988-04-05,42,54,35,,,
1988-04-06,42,56,29,0.00,,
1988-04-07,47,59,,,,
1988-04-08,49,59,34,,,
1988-04-09,40,,,,,
1988-04-10,36,44,29,,,
1988-04-11,41,51,34,0.04,,
1988-04-12,41,48,35,,,
1988-04-13,44,57,,,,
1988-04-14,34,44,29,,,0.4
1988-04-15,35,47,26,0.00,,
1988-04-16,42,55,23,0.00,,
1988-04-17,47,59,31,0.00,,
1988-04-18,49,67,36,0.00,,
1988-04-19,50,59,41,0.00,,
1988-04-20,56,71,41,0.00,,
1988-04-21,54,63,,0.00,,
1988-04-22,48,59,,0.00,,
1988-04-23,35,40,,0.01,,
1988-04-24,31,36,26,0.03,,0.4
1988-04-25,33,42,26,,,
1988-04-26,35,43,22,,,
1988-04-27,33,39,26,0.00,,
1988-04-28,37,47,,0.00,,
1988-04-29,44,57,25,0.00,,
1988-04-30,50,63,34,0.00,,
1988-05-01,58,72,41,0.00,,
1988-05-02,59,73,,,,
1988-05-03,62,74,46,0.00,,
1988-05-04,57,65,,0.04,,
1988-05-05,58,67,45,,,
1988-05-06,54,62,44,,,
1988-05-07,53,,45,0.00,,
1988-05-08,54,62,43,0.00,,
1988-05-09,51,59,38,0.00,,
1988-05-10,44,48,38,,,
1988-05-11,56,69,42,,,
1988-05-12,55,67,39,0.00,,
1988-05-13,55,69,39,0.00,,
1988-05-14,59,72,41,0.00,,
1988-05-15,60,74,41,0.00,,
1988-05-16,62,76,43,0.00,,
1988-05-17,58,69,44,0.00,,
1988-05-18,62,72,49,,,
1988-05-19,55,64,44,0.00,,
1988-05-20,58,72,52,0.63,,
1988-05-21,57,64,,,,
1988-05-22,49,51,47,,,
1988-05-23,56,,48,0.12,,
1988-05-24,61,71,54,,,
1988-05-25,64,73,54,,,
1988-05-26,66,75,,0.00,,
1988-05-27,65,74,54,0.00,,
1988-05-28,63,75,,0.00,,
1988-05-29,65,78,48,,,
1988-05-30,66,77,57,0.08,,
1988-05-31,62,70,,,,
1988-06-01,57,68,46,0.05,,
1988-06-02,56,63,50,0.16,,
1988-06-03,58,67,,0.00,,
1988-06-04,60,72,44,0.00,,
1988-06-05,62,,49,0.00,,
1988-06-06,67,76,,,,
1988-06-07,67,79,56,0.01,,
1988-06-08,67,73,,0.00,,
1988-06-09,66,,54,,,
1988-06-10,64,72,58,,,
1988-06-11,63,,,,,
1988-06-12,56,62,50,,,
1988-06-13,59,67,52,0.00,,
1988-06-14,58,71,44,0.00,,
1988-06-15,53,64,44,0.00,,
1988-06-16,57,65,48,,,
1988-06-17,59,62,56,0.16,,
1988-06-18,60,66,55,0.00,,
1988-06-19,57,65,49,,,
1988-06-20,60,70,50,0.00,,
1988-06-21,56,58,53,0.83,,
1988-06-22,59,62,56,0.35,,
1988-06-23,58,62,56,0.16,,
1988-06-24,58,63,54,0.08,,
1988-06-25,62,71,,0.00,,
1988-06-26,64,72,,,,
1988-06-27,67,76,49,0.00,,
1988-06-28,69,79,58,,,
1988-06-29,68,75,61,,,
1988-06-30,69,78,58,,,
1988-07-01,72,82,58,0.00,,
1988-07-02,70,82,,,,
1988-07-03,66,73,,0.01,,
1988-07-04,69,79,55,0.00,,
1988-07-05,71,,57,,,
1988-07-06,70,82,60,,,
1988-07-07,65,75,56,,,
1988-07-08,65,74,,,,
1988-07-09,64,,,,,
1988-07-10,60,65,50,0.12,,
1988-07-11,63,73,51,0.00,,
1988-07-12,65,78,52,0.00,,
1988-07-13,67,78,,,,
1988-07-14,69,82,,,,
1988-07-15,63,,,,,
1988-07-16,62,69,54,,,
1988-07-17,61,,,0.98,,
1988-07-18,62,71,53,0.00,,
1988-07-19,59,70,51,0.67,,
1988-07-20,63,73,55,,,
1988-07-21,65,76,56,,,
1988-07-22,66,76,53,0.00,,
1988-07-23,70,81,57,,,
1988-07-24,73,83,62,0.00,,
1988-07-25,69,80,,,,
1988-07-26,64,,,,,
1988-07-27,66,80,,0.00,,
1988-07-28,60,66,,0.16,,
1988-07-29,62,73,,,,
1988-07-30,62,69,,0.08,,
1988-07-31,60,71,44,,,
1988-08-01,64,72,,0.00,,
1988-08-02,61,69,50,,,
1988-08-03,58,65,,0.24,,
1988-08-04,56,66,,,,
1988-08-05,56,,48,,,
1988-08-06,60,70,49,0.00,,
1988-08-07,61,71,54,0.00,,
1988-08-08,60,71,51,0.00,,
1988-08-09,61,72,49,0.00,,
1988-08-10,63,74,49,,,
1988-08-11,66,77,47,0.00,,
1988-08-12,65,74,56,,,
1988-08-13,67,78,58,,,
1988-08-14,60,70,51,0.00,,
1988-08-15,66,81,49,0.00,,
1988-08-16,65,72,,0.00,,
1988-08-17,61,68,53,0.00,,
1988-08-18,59,66,,0.00,,
1988-08-19,59,69,45,0.00,,
1988-08-20,67,81,54,0.00,,
1988-08-21,62,65,,,,
1988-08-22,64,72,53,,,
1988-08-23,60,66,56,0.32,,
1988-08-24,57,,,0.83,,
1988-08-25,58,,48,0.00,,
1988-08-26,57,67,50,,,
1988-08-27,56,65,47,0.00,,
1988-08-28,60,69,53,0.00,,
1988-08-29,61,74,47,0.00,,
1988-08-30,60,67,,,,
1988-08-31,55,67,,0.00,,
1988-09-01,58,70,44,0.00,,
1988-09-02,63,,51,,,
1988-09-03,59,65,,,,
1988-09-04,56,68,48,0.00,,
1988-09-05,52,65,44,0.01,,
1988-09-06,54,62,43,,,
1988-09-07,57,61,54,0.00,,
1988-09-08,56,65,,0.00,,
1988-09-09,53,63,41,0.00,,
1988-09-10,54,64,38,,,
1988-09-11,58,,43,0.00,,
1988-09-12,56,62,,0.02,,
1988-09-13,50,61,,,,
1988-09-14,49,61,36,0.00,,
1988-09-15,54,61,,,,
1988-09-16,51,55,42,0.33,,
1988-09-17,52,58,,0.39,,
1988-09-18,52,62,44,0.04,,
1988-09-19,53,,43,0.09,,
1988-09-20,56,60,53,0.00,,
1988-09-21,55,58,53,,,
1988-09-22,54,58,51,,,
1988-09-23,56,61,49,,,
1988-09-24,56,63,,,,
1988-09-25,53,59,,0.02,,
1988-09-26,52,60,42,,,
1988-09-27,57,62,,,,
1988-09-28,61,71,48,0.00,,
1988-09-29,61,72,55,,,
1988-09-30,52,,,0.17,,
1988-10-01,48,56,44,,,
1988-10-02,43,,33,0.00,,
1988-10-03,42,58,31,0.00,,
1988-10-04,49,63,37,0.00,,
1988-10-05,51,63,,,,
1988-10-06,51,61,40,0.00,,
1988-10-07,50,55,,0.16,,
1988-10-08,49,55,43,0.01,,
1988-10-09,51,57,45,0.00,,
1988-10-10,55,65,48,,,
1988-10-11,49,58,,0.08,,
1988-10-12,50,61,36,0.00,,
1988-10-13,52,60,45,0.00,,
1988-10-14,51,64,42,0.00,,
1988-10-15,52,63,,0.00,,
1988-10-16,51,,42,0.00,,
1988-10-17,46,56,39,0.00,,
1988-10-18,42,49,36,0.00,,
1988-10-19,39,47,33,0.00,,
1988-10-20,39,51,30,0.00,,
1988-10-21,34,48,,0.00,,
1988-10-22,32,47,20,0.00,,
1988-10-23,34,,20,0.00,,
1988-10-24,40,,,0.12,,
1988-10-25,28,36,,0.00,,
1988-10-26,25,38,14,0.00,,
1988-10-27,35,,24,,,
1988-10-28,45,52,39,0.00,,
1988-10-29,41,47,,,,
1988-10-30,30,36,,0.01,,
1988-10-31,27,35,,0.00,,
1988-11-01,26,33,16,,,
1988-11-02,38,42,31,0.26,,
1988-11-03,28,32,,,,
1988-11-04,28,38,14,0.00,,
1988-11-05,30,38,,0.00,,
1988-11-06,27,34,,0.00,,
1988-11-07,34,38,32,,,0.4
1988-11-08,31,35,,0.00,,
1988-11-09,22,,,0.00,,
1988-11-10,18,27,9,0.00,,
1988-11-11,22,,15,0.00,,
1988-11-12,31,34,24,,,
1988-11-13,36,37,33,0.16,,
1988-11-14,36,38,32,0.24,,0.4
1988-11-15,36,,,0.00,,
1988-11-16,32,34,,,,
1988-11-17,34,,29,0.02,,
1988-11-18,40,,37,0.05,,
1988-11-19,32,,,0.28,,
1988-11-20,25,30,,0.00,,
1988-11-21,24,27,,,,
1988-11-22,20,22,,,,
1988-11-23,22,27,15,,,
1988-11-24,29,,23,0.01,,1.2
1988-11-25,37,39,32,0.06,,
1988-11-26,39,40,37,,,
1988-11-27,31,,,0.08,,0.4
1988-11-28,28,,23,,,0.4
1988-11-29,34,36,,0.24,,
1988-11-30,24,,,,,
1988-12-01,11,19,,0.00,,2.0
1988-12-02,9,18,4,0.00,,2.0
1988-12-03,14,,7,0.00,,2.0
1988-12-04,19,23,11,,,2.0
1988-12-05,32,36,23,0.08,,2.4
1988-12-06,35,,,0.08,,1.2
1988-12-07,32,,,,,1.6
1988-12-08,30,32,,,,3.5
1988-12-09,32,36,27,0.08,,4.7
1988-12-10,28,,,0.00,,3.1
1988-12-11,33,38,23,,,3.1
1988-12-12,33,39,,0.02,,2.4
1988-12-13,23,,,0.01,,2.4
1988-12-14,29,,,0.06,,2.8
1988-12-15,20,23,,0.02,,3.9
1988-12-16,16,,14,,,3.9
1988-12-17,20,22,17,0.00,,3.9
1988-12-18,31,35,22,0.00,,3.9
1988-12-19,34,36,29,0.16,,3.9
1988-12-20,27,,,0.02,,3.5
1988-12-21,24,,16,0.02,,3.5
1988-12-22,37,,29,,,3.9
1988-12-23,41,42,38,0.04,,1.6
1988-12-24,39,42,,0.47,,
1988-12-25,30,,,0.04,,0.8
1988-12-26,35,,28,0.09,,1.2
1988-12-27,44,45,39,0.06,,
1988-12-28,36,,,0.00,,
1988-12-29,40,46,33,,,
1988-12-30,44,44,,,,
1988-12-31,38,,,,,
1989-01-01,31,33,,0.00,,
1989-01-02,28,30,26,,,
1989-01-03,33,35,29,0.00,,
1989-01-04,30,,24,,,
1989-01-05,31,,30,,,
1989-01-06,33,33,32,0.13,,0.4
1989-01-07,33,,31,0.05,,1.2
1989-01-08,31,33,,0.02,,3.5
1989-01-09,35,,27,,,3.1
1989-01-10,41,42,,,,
1989-01-11,37,,,0.12,,
1989-01-12,34,38,,0.00,,
1989-01-13,34,38,30,,,
1989-01-14,36,38,,,,
1989-01-15,40,,37,0.10,,
1989-01-16,47,50,40,,,
1989-01-17,43,,,0.00,,
1989-01-18,37,40,,,,
1989-01-19,39,41,34,0.10,,
1989-01-20,39,41,,0.00,,
1989-01-21,33,35,31,0.00,,
1989-01-22,34,39,31,0.00,,
1989-01-23,35,39,,0.00,,
1989-01-24,35,37,30,0.04,,
1989-01-25,39,40,37,0.01,,
1989-01-26,37,40,,0.00,,
1989-01-27,30,,28,0.00,,
1989-01-28,31,37,25,0.00,,
1989-01-29,31,33,27,0.00,,
1989-01-30,33,,30,,,
1989-01-31,40,44,35,0.02,,
1989-02-01,40,42,36,0.01,,
1989-02-02,39,,,,,
1989-02-03,33,,,,,
1989-02-04,31,32,,0.00,,
1989-02-05,33,39,29,,,
1989-02-06,38,,34,,,
1989-02-07,46,,41,,,
1989-02-08,45,46,,0.00,,
1989-02-09,35,42,,0.00,,
1989-02-10,31,38,24,0.00,,
1989-02-11,32,39,25,0.00,,
1989-02-12,35,39,32,0.00,,
1989-02-13,36,40,33,0.01,,
1989-02-14,32,38,27,0.00,,
1989-02-15,33,36,,0.06,,0.4
1989-02-16,34,,31,0.24,,
1989-02-17,30,35,,0.05,,0.4
1989-02-18,27,36,20,0.00,,0.4
1989-02-19,33,,23,0.36,,
1989-02-20,40,,37,0.00,,
1989-02-21,37,,,,,
1989-02-22,33,38,,0.00,,
1989-02-23,33,41,24,0.00,,
1989-02-24,40,44,35,0.04,,
1989-02-25,49,57,39,0.00,,
1989-02-26,53,,47,,,
1989-02-27,40,,,,,
1989-02-28,36,,31,,,
1989-03-01,36,44,31,0.06,,
1989-03-02,38,,32,,,
1989-03-03,38,44,32,0.00,,
1989-03-04,38,42,33,,,
1989-03-05,37,40,33,0.00,,
1989-03-06,34,38,,0.00,,
1989-03-07,37,39,35,0.00,,
1989-03-08,35,40,32,0.00,,
1989-03-09,34,38,,0.04,,
1989-03-10,34,41,28,0.00,,
1989-03-11,36,42,30,0.00,,
1989-03-12,34,,,0.20,,
1989-03-13,37,,34,,,
1989-03-14,39,47,,0.02,,
1989-03-15,38,46,31,0.00,,
1989-03-16,39,46,,,,
1989-03-17,48,58,29,,,
1989-03-18,39,,,,,
1989-03-19,38,47,24,0.00,,
1989-03-20,43,54,37,0.00,,
1989-03-21,48,58,36,,,
1989-03-22,42,48,37,,,
1989-03-23,44,50,36,,,
1989-03-24,41,48,31,,,
1989-03-25,41,46,38,0.10,,
1989-03-26,39,41,,0.06,,
1989-03-27,39,48,30,0.00,,
1989-03-28,47,59,,0.00,,
1989-03-29,47,54,,,,
1989-03-30,43,,31,0.00,,
1989-03-31,44,,40,,,
1989-04-01,38,,,0.16,,
1989-04-02,28,33,26,,,
1989-04-03,29,36,,0.04,,1.2
1989-04-04,31,39,20,0.00,,
1989-04-05,38,47,29,0.00,,
1989-04-06,42,47,38,0.00,,
1989-04-07,44,49,41,0.17,,
1989-04-08,48,60,34,0.00,,
1989-04-09,51,62,42,,,
1989-04-10,47,52,,,,
1989-04-11,51,,39,0.00,,
1989-04-12,60,70,48,0.00,,
1989-04-13,61,71,47,0.00,,
1989-04-14,58,69,49,0.00,,
1989-04-15,56,70,40,0.00,,
1989-04-16,40,,,0.00,,
1989-04-17,36,42,,,,
1989-04-18,44,52,34,,,
1989-04-19,40,47,,0.00,,
1989-04-20,47,59,28,0.00,,
1989-04-21,53,66,,0.00,,
1989-04-22,53,65,43,0.18,,
1989-04-23,45,,,,,
1989-04-24,42,54,27,0.00,,
1989-04-25,48,62,31,0.00,,
1989-04-26,55,66,38,0.00,,
1989-04-27,64,75,52,,,
1989-04-28,66,75,57,0.02,,
1989-04-29,55,,,0.01,,
1989-04-30,48,50,45,,,
1989-05-01,52,57,47,0.00,,
1989-05-02,56,64,49,0.00,,
1989-05-03,55,66,42,0.00,,
1989-05-04,54,,45,0.00,,
1989-05-05,53,63,46,0.00,,
1989-05-06,45,52,40,0.00,,
1989-05-07,46,54,,0.08,,
1989-05-08,52,62,47,,,
1989-05-09,48,59,37,0.00,,
1989-05-10,56,72,44,,,
1989-05-11,50,56,42,0.35,,
1989-05-12,52,64,38,0.48,,
1989-05-13,58,68,45,0.00,,
1989-05-14,59,66,49,0.00,,
1989-05-15,54,63,43,0.00,,
1989-05-16,54,68,40,0.00,,
1989-05-17,57,71,39,0.00,,
1989-05-18,54,69,42,0.00,,
1989-05-19,56,73,39,0.00,,
1989-05-20,61,75,41,0.00,,
1989-05-21,57,64,50,0.00,,
1989-05-22,51,61,43,,,
1989-05-23,53,67,33,,,
1989-05-24,60,72,47,0.00,,
1989-05-25,63,74,45,0.00,,
1989-05-26,61,76,46,,,
1989-05-27,62,74,46,0.00,,
1989-05-28,64,73,50,,,
1989-05-29,61,74,45,0.00,,
1989-05-30,64,,48,,,
1989-05-31,54,65,,0.01,,
1989-06-01,55,65,36,0.00,,
1989-06-02,65,80,53,,,
1989-06-03,66,79,54,,,
1989-06-04,60,67,49,0.10,,
1989-06-05,57,63,,0.39,,
1989-06-06,58,72,45,,,
1989-06-07,60,73,,0.03,,
1989-06-08,58,66,47,,,
1989-06-09,57,67,44,,,
1989-06-10,59,67,53,,,
1989-06-11,59,68,48,0.00,,
1989-06-12,59,67,,,,
1989-06-13,64,74,54,,,
1989-06-14,54,62,47,0.00,,
1989-06-15,53,62,39,0.00,,
1989-06-16,50,52,,,,
1989-06-17,55,59,51,0.02,,
1989-06-18,59,67,49,,,
1989-06-19,58,66,53,0.00,,
1989-06-20,55,64,47,,,
1989-06-21,58,,,,,
1989-06-22,63,73,53,,,
1989-06-23,68,78,55,,,
1989-06-24,67,73,59,0.00,,
1989-06-25,62,72,50,0.00,,
1989-06-26,62,74,46,0.00,,
1989-06-27,66,78,,0.00,,
1989-06-28,69,84,51,,,
1989-06-29,64,71,59,,,
1989-06-30,62,71,55,0.00,,
1989-07-01,62,70,,0.00,,
1989-07-02,62,76,45,,,
1989-07-03,66,77,51,0.00,,
1989-07-04,66,79,50,,,
1989-07-05,70,,56,0.00,,
1989-07-06,72,85,55,0.00,,
1989-07-07,72,,54,0.00,,
1989-07-08,74,90,50,0.00,,
1989-07-09,78,92,65,0.00,,
1989-07-10,75,85,64,,,
1989-07-11,70,80,61,0.20,,
1989-07-12,71,,64,,,
1989-07-13,68,76,58,,,
1989-07-14,63,74,55,0.00,,
1989-07-15,56,65,47,,,
1989-07-16,54,59,,0.25,,
1989-07-17,53,,48,,,
1989-07-18,54,59,49,0.04,,
1989-07-19,53,59,48,0.31,,
1989-07-20,56,62,51,0.28,,
1989-07-21,58,63,53,,,
1989-07-22,58,67,50,0.00,,
1989-07-23,61,74,42,0.00,,
1989-07-24,62,73,47,0.00,,
1989-07-25,63,74,50,0.00,,
1989-07-26,63,75,48,0.00,,
1989-07-27,65,78,48,0.00,,
1989-07-28,65,79,52,,,
1989-07-29,66,,54,0.00,,
1989-07-30,66,78,54,,,
1989-07-31,63,,55,,,
1989-08-01,60,69,,,,
1989-08-02,59,69,44,0.00,,
1989-08-03,56,60,49,0.00,,
1989-08-04,56,65,,0.20,,
1989-08-05,54,58,49,,,
1989-08-06,54,61,,,,
1989-08-07,57,71,43,0.00,,
1989-08-08,65,74,47,,,
1989-08-09,61,65,,,,
1989-08-10,59,68,53,0.16,,
1989-08-11,63,76,46,0.00,,
1989-08-12,66,75,56,,,
1989-08-13,67,77,53,,,
1989-08-14,66,75,57,0.00,,
1989-08-15,72,85,58,0.00,,
1989-08-16,77,91,60,0.00,,
1989-08-17,78,90,61,,,
1989-08-18,66,75,,0.02,,
1989-08-19,62,77,49,0.00,,
1989-08-20,64,80,48,0.00,,
1989-08-21,71,83,55,0.00,,
1989-08-22,71,83,58,0.00,,
1989-08-23,62,75,48,0.00,,
1989-08-24,62,70,47,0.00,,
1989-08-25,58,68,,0.28,,
1989-08-26,54,64,47,,,
1989-08-27,56,68,44,0.00,,
1989-08-28,58,64,50,0.35,,
1989-08-29,58,65,,,,
1989-08-30,54,,50,0.08,,
1989-08-31,52,53,49,0.00,,
1989-09-01,54,58,49,0.00,,
1989-09-02,55,56,54,0.00,,
1989-09-03,58,63,54,,,
1989-09-04,58,,55,0.02,,
1989-09-05,55,64,48,0.00,,
1989-09-06,52,63,39,0.00,,
1989-09-07,57,69,40,0.00,,
1989-09-08,57,69,45,0.00,,
1989-09-09,56,69,43,0.00,,
1989-09-10,59,67,,0.00,,
1989-09-11,56,,,0.00,,
1989-09-12,47,59,37,0.00,,
1989-09-13,48,63,32,0.00,,
1989-09-14,54,65,37,0.00,,
1989-09-15,55,62,,0.01,,
1989-09-16,53,63,45,0.00,,
1989-09-17,58,69,45,,,
1989-09-18,65,75,51,0.00,,
1989-09-19,65,80,48,0.00,,
1989-09-20,66,,56,,,
1989-09-21,54,66,,0.00,,
1989-09-22,55,71,41,0.00,,
1989-09-23,58,72,42,0.00,,
1989-09-24,55,72,43,0.00,,
1989-09-25,55,73,39,0.00,,
1989-09-26,55,70,42,0.00,,
1989-09-27,57,71,48,0.00,,
1989-09-28,54,69,42,0.00,,
1989-09-29,50,53,42,,,
1989-09-30,45,51,42,0.24,,
1989-10-01,43,,37,,,
1989-10-02,45,51,41,0.55,,
1989-10-03,40,44,36,0.31,,
1989-10-04,44,50,36,0.00,,
1989-10-05,49,54,45,,,
1989-10-06,47,,42,,,
1989-10-07,47,48,42,,,
1989-10-08,48,49,,0.04,,
1989-10-09,47,49,44,,,
1989-10-10,46,48,45,0.26,,
1989-10-11,43,45,42,0.06,,
1989-10-12,43,46,,0.10,,
1989-10-13,49,53,39,0.24,,
1989-10-14,53,55,,0.02,,
1989-10-15,47,50,,,,
1989-10-16,42,44,,0.00,,
1989-10-17,48,56,40,0.20,,
1989-10-18,49,54,,0.06,,
1989-10-19,45,56,34,0.00,,
1989-10-20,46,53,38,,,
1989-10-21,52,58,45,0.01,,
1989-10-22,58,68,52,,,
1989-10-23,57,67,50,0.00,,
1989-10-24,54,63,48,,,
1989-10-25,52,58,44,0.00,,
1989-10-26,55,63,50,0.00,,
1989-10-27,47,,,0.00,,
1989-10-28,44,55,29,0.00,,
1989-10-29,53,60,46,0.00,,
1989-10-30,51,53,48,0.24,,
1989-10-31,49,53,,0.47,,
1989-11-01,47,48,46,0.20,,
1989-11-02,45,47,,0.00,,
1989-11-03,37,40,36,,,
1989-11-04,45,51,37,0.00,,
1989-11-05,49,,,0.45,,
1989-11-06,44,49,38,,,
1989-11-07,44,,,,,
1989-11-08,41,,,0.02,,
1989-11-09,40,41,,0.01,,
1989-11-10,42,45,38,,,
1989-11-11,38,45,,0.00,,
1989-11-12,35,39,29,0.00,,
1989-11-13,33,,,0.00,,
1989-11-14,36,,31,0.01,,
1989-11-15,40,44,,0.24,,
1989-11-16,32,35,,0.02,,
1989-11-17,30,,22,0.00,,
1989-11-18,31,,,,,
1989-11-19,20,31,15,0.00,,
1989-11-20,22,35,13,0.00,,
1989-11-21,25,,19,,,
1989-11-22,30,,24,0.21,,
1989-11-23,29,31,,0.02,,3.9
1989-11-24,25,28,22,0.00,,4.3
1989-11-25,20,23,,,,3.9
1989-11-26,13,,0,0.00,,3.9
1989-11-27,26,28,19,0.08,,5.5
1989-11-28,22,,,0.39,,8.7
1989-11-29,15,,2,0.01,,8.7
1989-11-30,32,,24,,,9.8
1989-12-01,34,,,,,
1989-12-02,36,37,34,,,4.7
1989-12-03,31,,28,,,
1989-12-04,36,40,32,0.00,,
1989-12-05,28,31,,0.01,,
1989-12-06,27,,20,0.00,,
1989-12-07,32,,,0.02,,
1989-12-08,26,32,18,0.24,,0.4
1989-12-09,9,,,,,3.9
1989-12-10,12,,3,,,3.9
1989-12-11,24,,16,0.12,,
1989-12-12,27,,,0.12,,6.7
1989-12-13,29,34,20,0.08,,6.7
1989-12-14,31,34,,0.30,,8.3
1989-12-15,40,43,29,0.43,,5.9
1989-12-16,21,,,,,3.1
1989-12-17,37,,20,0.08,,2.4
1989-12-18,43,48,,,,
1989-12-19,45,52,38,,,
1989-12-20,36,,,,,
1989-12-21,40,48,28,0.39,,
1989-12-22,45,49,,0.00,,
1989-12-23,43,47,,0.43,,
1989-12-24,37,,,0.04,,
1989-12-25,34,36,33,0.00,,
1989-12-26,32,33,,0.00,,
1989-12-27,31,34,27,0.00,,
1989-12-28,30,,25,0.00,,
1989-12-29,30,31,29,0.00,,
1989-12-30,29,32,,0.00,,
1989-12-31,26,27,24,0.00,,
1990-01-01,27,28,26,,,
1990-01-02,29,29,28,0.08,,
1990-01-03,23,,,0.00,,0.8
1990-01-04,13,,8,,,0.8
1990-01-05,17,,8,0.00,,0.8
1990-01-06,28,,19,0.00,,0.8
1990-01-07,29,32,,,,
1990-01-08,25,,16,,,0.8
1990-01-09,34,36,29,,,1.2
1990-01-10,36,37,32,,,0.4
1990-01-11,37,39,,0.04,,
1990-01-12,41,,38,0.06,,
1990-01-13,40,,,0.02,,
1990-01-14,35,36,34,0.04,,
1990-01-15,34,,31,0.01,,
1990-01-16,42,48,34,0.10,,
1990-01-17,43,46,39,0.02,,
1990-01-18,40,42,38,,,
1990-01-19,36,,35,,,
1990-01-20,36,37,,,,
1990-01-21,38,,36,,,
1990-01-22,34,,,0.00,,
1990-01-23,38,42,31,0.03,,
1990-01-24,40,45,36,,,
1990-01-25,36,40,33,,,
1990-01-26,44,49,33,,,
1990-01-27,37,41,32,,,
1990-01-28,36,42,30,0.00,,
1990-01-29,38,40,37,,,
1990-01-30,33,,27,0.00,,
1990-01-31,38,,34,0.00,,
1990-02-01,40,43,38,0.00,,
1990-02-02,38,,37,,,
1990-02-03,40,,35,,,
1990-02-04,41,45,36,,,
1990-02-05,40,43,37,0.00,,
1990-02-06,38,51,28,0.00,,
1990-02-07,40,51,32,,,
1990-02-08,46,56,37,0.00,,
1990-02-09,41,,,,,
1990-02-10,37,,35,,,
1990-02-11,37,44,29,0.00,,
1990-02-12,36,43,34,,,
1990-02-13,33,,30,,,
1990-02-14,31,,,,,0.4
1990-02-15,32,33,30,0.00,,0.4
1990-02-16,31,35,28,0.00,,
1990-02-17,32,36,26,0.02,,0.4
1990-02-18,35,38,33,0.01,,
1990-02-19,36,42,,,,
1990-02-20,40,,28,0.00,,
1990-02-21,52,62,,0.00,,
1990-02-22,46,51,41,0.00,,
1990-02-23,47,56,38,0.00,,
1990-02-24,45,56,35,0.00,,
1990-02-25,49,59,41,0.00,,
1990-02-26,49,54,44,0.00,,
1990-02-27,38,43,,0.28,,
1990-02-28,36,41,32,0.16,,0.8
1990-03-01,34,,,0.20,,
1990-03-02,34,38,32,0.06,,1.2
1990-03-03,30,33,,0.08,,0.8
1990-03-04,33,,25,,,1.2
1990-03-05,40,,36,0.06,,
1990-03-06,39,44,,0.43,,
1990-03-07,38,44,33,0.00,,
1990-03-08,47,52,36,0.01,,
1990-03-09,47,55,,,,
1990-03-10,35,40,,0.01,,
1990-03-11,40,,29,0.10,,0.4
1990-03-12,45,49,41,,,
1990-03-13,37,42,,0.02,,
1990-03-14,29,38,23,0.00,,
1990-03-15,34,42,22,0.00,,
1990-03-16,42,54,27,0.00,,
1990-03-17,49,,39,0.00,,
1990-03-18,48,65,29,0.00,,
1990-03-19,47,68,29,0.00,,
1990-03-20,51,,36,,,
1990-03-21,47,54,36,,,
1990-03-22,54,59,,,,
1990-03-23,44,,40,,,
1990-03-24,48,57,,0.00,,
1990-03-25,43,48,,,,
1990-03-26,38,46,,,,
1990-03-27,38,49,25,,,
1990-03-28,41,48,33,0.00,,
1990-03-29,47,58,40,0.00,,
1990-03-30,44,56,32,0.00,,
1990-03-31,49,,,0.00,,
1990-04-01,49,64,35,0.00,,
1990-04-02,53,69,,0.00,,
1990-04-03,57,68,42,0.00,,
1990-04-04,48,,,0.08,,
1990-04-05,40,49,30,0.00,,
1990-04-06,37,46,28,,,
1990-04-07,41,47,36,0.02,,
1990-04-08,35,42,29,0.00,,
1990-04-09,34,47,25,0.00,,
1990-04-10,36,50,20,0.00,,
1990-04-11,38,53,20,0.00,,
1990-04-12,42,57,25,0.00,,
1990-04-13,46,59,27,0.00,,
1990-04-14,48,62,31,0.00,,
1990-04-15,48,62,29,0.00,,
1990-04-16,48,54,44,,,
1990-04-17,49,57,37,,,
1990-04-18,52,63,46,0.12,,
1990-04-19,54,65,42,,,
1990-04-20,55,,44,,,
1990-04-21,55,63,44,0.00,,
1990-04-22,53,62,44,,,
1990-04-23,51,61,41,0.00,,
1990-04-24,50,54,48,0.05,,
1990-04-25,50,58,,,,
1990-04-26,49,56,,,,
1990-04-27,47,62,31,,,
1990-04-28,39,44,31,0.08,,
1990-04-29,47,60,35,0.00,,
1990-04-30,45,52,31,,,
1990-05-01,57,67,48,,,
1990-05-02,54,61,43,0.00,,
1990-05-03,58,72,42,0.00,,
1990-05-04,63,77,45,0.00,,
1990-05-05,59,70,46,0.00,,
1990-05-06,61,75,,0.00,,
1990-05-07,62,,43,,,
1990-05-08,60,71,40,0.00,,
1990-05-09,57,75,36,0.00,,
1990-05-10,59,77,43,0.00,,
1990-05-11,60,,42,,,
1990-05-12,62,76,52,0.01,,
1990-05-13,58,65,55,1.02,,
1990-05-14,59,71,54,,,
1990-05-15,54,64,47,,,
1990-05-16,55,64,40,0.00,,
1990-05-17,59,66,52,,,
1990-05-18,49,53,,0.01,,
1990-05-19,44,53,37,,,
1990-05-20,44,,,0.00,,
1990-05-21,47,62,30,0.00,,
1990-05-22,54,68,36,0.00,,
1990-05-23,55,67,41,0.00,,
1990-05-24,58,73,38,,,
1990-05-25,57,,48,,,
1990-05-26,51,59,41,,,
1990-05-27,49,59,36,,,
1990-05-28,49,58,,0.00,,
1990-05-29,44,51,37,0.13,,
1990-05-30,46,53,38,,,
1990-05-31,46,61,39,0.02,,
1990-06-01,55,66,34,,,
1990-06-02,56,70,37,0.00,,
1990-06-03,58,71,41,,,
1990-06-04,59,68,,,,
1990-06-05,55,61,48,,,
1990-06-06,56,65,,0.16,,
1990-06-07,58,71,43,,,
1990-06-08,61,72,49,,,
1990-06-09,62,75,53,,,
1990-06-10,53,,,0.87,,
1990-06-11,56,66,47,,,
1990-06-12,61,73,48,,,
1990-06-13,60,70,49,,,
1990-06-14,58,66,48,0.00,,
1990-06-15,57,64,49,0.24,,
1990-06-16,55,65,42,0.00,,
1990-06-17,59,71,41,0.00,,
1990-06-18,58,66,,0.00,,
1990-06-19,60,74,,,,
1990-06-20,67,77,52,,,
1990-06-21,70,82,52,0.00,,
1990-06-22,69,78,61,0.00,,
1990-06-23,64,75,52,,,
1990-06-24,58,65,52,1.06,,
1990-06-25,56,60,50,0.02,,
1990-06-26,61,71,52,,,
1990-06-27,64,77,46,0.00,,
1990-06-28,70,83,49,0.00,,
1990-06-29,70,,,,,
1990-06-30,70,83,57,,,
1990-07-01,67,76,60,,,
1990-07-02,66,73,,,,
1990-07-03,58,61,30,0.12,,
1990-07-04,62,68,53,,,
1990-07-05,63,69,,,,
1990-07-06,61,69,56,,,
1990-07-07,58,60,55,,,
1990-07-08,58,62,51,0.01,,
1990-07-09,61,72,46,0.00,,
1990-07-10,63,,,,,
1990-07-11,61,69,55,0.00,,
1990-07-12,60,69,51,0.00,,
1990-07-13,60,70,44,0.00,,
1990-07-14,55,,45,,,
1990-07-15,56,65,50,,,
1990-07-16,60,73,50,0.06,,
1990-07-17,60,70,53,,,
1990-07-18,58,64,54,0.35,,
1990-07-19,60,67,55,0.02,,
1990-07-20,58,61,54,0.39,,
1990-07-21,62,,53,,,
1990-07-22,61,71,53,,,
1990-07-23,60,67,52,0.16,,
1990-07-24,54,60,48,0.24,,
1990-07-25,58,65,47,,,
1990-07-26,62,74,49,0.00,,
1990-07-27,62,72,53,,,
1990-07-28,62,73,47,0.00,,
1990-07-29,66,78,54,0.00,,
1990-07-30,64,74,,,,
1990-07-31,65,79,51,0.00,,
1990-08-01,66,75,58,0.08,,
1990-08-02,64,72,56,0.00,,
1990-08-03,65,76,55,0.00,,
1990-08-04,66,80,52,0.00,,
1990-08-05,67,82,49,0.00,,
1990-08-06,64,80,57,,,
1990-08-07,61,67,55,0.18,,
1990-08-08,58,62,55,0.71,,
1990-08-09,58,65,49,,,
1990-08-10,61,,54,,,
1990-08-11,59,65,,0.13,,
1990-08-12,57,66,41,,,
1990-08-13,66,78,53,0.00,,
1990-08-14,68,79,57,,,
1990-08-15,72,81,57,,,
1990-08-16,69,79,60,,,
1990-08-17,66,81,55,,,
1990-08-18,60,69,,0.17,,
1990-08-19,57,71,47,0.00,,
1990-08-20,59,69,44,0.00,,
1990-08-21,57,62,,,,
1990-08-22,52,61,40,,,
1990-08-23,57,62,52,,,
1990-08-24,57,68,48,0.00,,
1990-08-25,60,73,46,0.00,,
1990-08-26,60,69,49,0.00,,
1990-08-27,54,67,,0.00,,
1990-08-28,56,70,41,0.00,,
1990-08-29,57,72,41,0.00,,
1990-08-30,60,76,44,0.00,,
1990-08-31,63,78,45,0.00,,
1990-09-01,64,74,56,0.02,,
1990-09-02,61,64,,0.43,,
1990-09-03,54,,,,,
1990-09-04,48,54,43,,,
1990-09-05,49,59,35,0.00,,
1990-09-06,53,60,43,,,
1990-09-07,54,,,,,
1990-09-08,52,,46,0.55,,
1990-09-09,54,62,48,0.51,,
1990-09-10,52,56,51,0.63,,
1990-09-11,53,59,49,0.16,,
1990-09-12,48,,,0.31,,
1990-09-13,46,55,,,,
1990-09-14,52,59,38,0.26,,
1990-09-15,50,57,,0.26,,
1990-09-16,50,56,46,0.10,,
1990-09-17,48,50,45,,,
1990-09-18,48,55,,0.00,,
1990-09-19,49,56,33,0.00,,
1990-09-20,50,54,,,,
1990-09-21,48,59,40,,,
1990-09-22,47,52,41,0.08,,
1990-09-23,50,58,,0.00,,
1990-09-24,48,52,36,,,
1990-09-25,51,59,,0.08,,
1990-09-26,47,49,43,0.08,,
1990-09-27,45,52,,,,
1990-09-28,45,52,35,,,
1990-09-29,51,,44,0.08,,
1990-09-30,53,55,51,0.02,,
1990-10-01,55,64,50,,,
1990-10-02,44,54,,0.00,,
1990-10-03,44,56,31,0.00,,
1990-10-04,50,64,38,0.00,,
1990-10-05,50,56,46,0.08,,
1990-10-06,52,58,45,0.31,,
1990-10-07,60,67,53,,,
1990-10-08,51,53,48,,,
1990-10-09,46,53,40,,,
1990-10-10,50,56,41,0.00,,
1990-10-11,55,61,50,0.00,,
1990-10-12,51,57,,,,
1990-10-13,45,57,31,0.00,,
1990-10-14,50,59,36,0.00,,
1990-10-15,49,59,41,0.00,,
1990-10-16,53,62,42,,,
1990-10-17,55,67,44,0.00,,
1990-10-18,52,68,43,0.00,,
1990-10-19,50,60,38,0.00,,
1990-10-20,47,,,0.02,,
1990-10-21,35,39,30,0.00,,
1990-10-22,34,42,,0.00,,
1990-10-23,36,49,27,0.00,,
1990-10-24,36,46,26,0.00,,
1990-10-25,36,39,29,0.00,,
1990-10-26,36,48,28,0.00,,
1990-10-27,38,48,28,0.00,,
1990-10-28,40,47,32,0.00,,
1990-10-29,43,44,41,0.02,,
1990-10-30,45,51,42,0.94,,
1990-10-31,45,50,39,,,
1990-11-01,46,51,41,,,
1990-11-02,45,47,,0.00,,
1990-11-03,42,45,39,0.09,,
1990-11-04,37,41,33,0.00,,
1990-11-05,39,41,36,,,
1990-11-06,37,41,34,0.05,,
1990-11-07,41,43,39,0.05,,
1990-11-08,40,43,,,,
1990-11-09,39,46,29,,,
1990-11-10,38,,,0.00,,
1990-11-11,33,36,29,0.00,,
1990-11-12,36,38,33,0.00,,
1990-11-13,36,38,,,,
1990-11-14,36,40,32,0.00,,
1990-11-15,39,42,35,,,
1990-11-16,46,49,40,,,
1990-11-17,45,48,42,0.87,,
1990-11-18,40,43,,,,
1990-11-19,40,42,36,,,
1990-11-20,38,41,,0.06,,
1990-11-21,41,45,33,0.39,,
1990-11-22,36,,34,,,
1990-11-23,34,35,33,0.12,,
1990-11-24,37,,34,0.20,,
1990-11-25,42,44,,0.24,,
1990-11-26,44,,37,,,
1990-11-27,40,,14,,,
1990-11-28,36,,,,,
1990-11-29,33,36,32,0.04,,
1990-11-30,33,36,,0.04,,
1990-12-01,26,30,,,,
1990-12-02,25,32,17,0.00,,
1990-12-03,32,35,27,0.00,,
1990-12-04,36,38,34,0.12,,
1990-12-05,34,35,33,0.00,,
1990-12-06,31,33,29,,,
1990-12-07,28,32,,0.00,,
1990-12-08,30,33,25,0.00,,
1990-12-09,32,33,30,,,0.8
1990-12-10,31,32,30,,,0.8
1990-12-11,35,40,31,,,0.8
1990-12-12,35,,33,0.00,,
1990-12-13,35,,,0.35,,
1990-12-14,34,34,33,0.02,,
1990-12-15,34,35,33,0.00,,
1990-12-16,30,,,0.00,,
1990-12-17,25,,,0.00,,
1990-12-18,25,28,20,0.00,,
1990-12-19,26,,24,,,
1990-12-20,29,31,,0.03,,0.8
1990-12-21,31,31,28,0.01,,1.2
1990-12-22,31,33,,0.08,,1.6
1990-12-23,21,,,0.00,,1.6
1990-12-24,24,29,8,0.00,,1.6
1990-12-25,22,27,,0.00,,1.6
1990-12-26,23,29,16,0.00,,1.2
1990-12-27,32,,24,,,1.2
1990-12-28,34,36,29,,,1.2
1990-12-29,31,34,27,,,0.8
1990-12-30,37,43,33,0.14,,1.2
1990-12-31,34,36,32,0.00,,
1991-01-01,31,,27,,,
1991-01-02,33,34,,0.00,,1.2
1991-01-03,38,43,31,0.24,,
1991-01-04,35,,31,,,
1991-01-05,37,38,,0.01,,
1991-01-06,34,,30,,,
1991-01-07,38,,,0.00,,
1991-01-08,38,42,32,,,
1991-01-09,40,45,,0.00,,
1991-01-10,44,,38,0.04,,
1991-01-11,43,,,0.04,,
1991-01-12,40,42,37,,,
1991-01-13,33,37,,0.00,,
1991-01-14,25,30,17,0.00,,
1991-01-15,28,31,,,,0.4
1991-01-16,24,28,21,0.00,,0.4
1991-01-17,29,35,26,0.00,,0.4
1991-01-18,24,30,,,,0.4
1991-01-19,17,,12,0.00,,0.4
1991-01-20,19,22,17,0.00,,0.4
1991-01-21,26,30,18,0.00,,0.4
1991-01-22,31,33,29,,,0.4
1991-01-23,30,,28,,,
1991-01-24,34,37,31,,,
1991-01-25,31,,27,,,
1991-01-26,36,38,,,,
1991-01-27,29,32,,0.00,,
1991-01-28,28,33,21,,,
1991-01-29,31,32,,0.05,,1.6
1991-01-30,8,,,,,2.0
1991-01-31,-1,8,,0.00,,2.0
1991-02-01,-1,11,-12,0.00,,1.6
1991-02-02,15,20,-1,,,1.6
1991-02-03,18,22,10,,,1.2
1991-02-04,18,20,15,0.00,,1.6
1991-02-05,9,,,0.02,,2.0
1991-02-06,8,16,1,,,2.0
1991-02-07,13,22,5,0.00,,1.6
1991-02-08,18,21,11,0.00,,2.0
1991-02-09,21,,19,,,2.0
1991-02-10,22,26,20,,,2.4
1991-02-11,30,36,22,0.14,,2.8
1991-02-12,24,,20,,,3.9
1991-02-13,26,29,22,0.39,,5.1
1991-02-14,24,26,,0.20,,9.4
1991-02-15,21,23,,0.03,,10.6
1991-02-16,19,25,15,0.00,,11.8
1991-02-17,25,29,20,0.02,,11.8
1991-02-18,27,29,,0.29,,13.8
1991-02-19,23,27,15,,,14.2
1991-02-20,31,,23,,,13.4
1991-02-21,26,36,17,0.00,,12.6
1991-02-22,23,31,17,0.00,,11.0
1991-02-23,30,41,22,0.00,,11.0
1991-02-24,38,40,31,0.02,,8.7
1991-02-25,40,46,37,0.00,,6.3
1991-02-26,35,,,0.14,,3.1
1991-02-27,31,33,30,0.03,,3.1
1991-02-28,34,36,30,,,3.1
1991-03-01,31,33,,,,3.1
1991-03-02,30,32,29,,,2.0
1991-03-03,29,35,22,0.00,,1.6
1991-03-04,32,39,26,,,1.6
1991-03-05,34,38,32,0.16,,1.6
1991-03-06,29,38,22,0.00,,1.6
1991-03-07,31,36,,0.00,,
1991-03-08,30,36,24,0.00,,
1991-03-09,32,34,29,0.00,,
1991-03-10,34,37,,0.00,,
1991-03-11,34,36,29,0.00,,
1991-03-12,38,47,30,0.00,,
1991-03-13,40,44,32,0.00,,
1991-03-14,37,47,,,,
1991-03-15,44,58,35,0.00,,1.2
1991-03-16,42,48,37,0.00,,
1991-03-17,38,44,34,,,
1991-03-18,40,50,35,,,
1991-03-19,36,41,33,0.00,,
1991-03-20,43,46,37,,,
1991-03-21,46,,38,,,
1991-03-22,51,,,0.00,,
1991-03-23,40,46,,0.21,,
1991-03-24,41,51,29,0.00,,
1991-03-25,38,41,,,,
1991-03-26,38,,32,0.00,,
1991-03-27,32,36,,0.00,,
1991-03-28,33,38,26,0.00,,
1991-03-29,36,43,26,0.00,,
1991-03-30,35,48,24,0.00,,
1991-03-31,38,46,,0.01,,
1991-04-01,40,46,21,0.00,,
1991-04-02,47,54,41,0.00,,
1991-04-03,52,59,45,,,
1991-04-04,53,64,,0.00,,
1991-04-05,48,60,38,0.00,,
1991-04-06,43,53,36,,,
1991-04-07,44,57,29,0.00,,
1991-04-08,47,53,43,,,
1991-04-09,43,54,37,0.16,,
1991-04-10,41,50,29,,,
1991-04-11,51,62,42,0.04,,
1991-04-12,52,64,36,0.00,,
1991-04-13,51,,36,0.00,,
1991-04-14,50,64,35,0.00,,
1991-04-15,50,61,34,,,
1991-04-16,43,,,,,
1991-04-17,36,,29,,,
1991-04-18,39,47,30,0.00,,
1991-04-19,37,38,34,0.10,,
1991-04-20,36,41,,0.16,,
1991-04-21,34,42,26,0.00,,
1991-04-22,33,42,21,,,
1991-04-23,35,45,,0.00,,
1991-04-24,39,50,24,,,
1991-04-25,41,51,28,0.00,,
1991-04-26,42,54,,0.00,,
1991-04-27,44,56,28,,,
1991-04-28,50,61,37,0.00,,
1991-04-29,46,50,,,,
1991-04-30,49,58,,,,
1991-05-01,48,62,31,0.00,,
1991-05-02,53,68,33,,,
1991-05-03,55,68,44,0.91,,
1991-05-04,55,64,45,,,
1991-05-05,48,51,43,,,
1991-05-06,50,59,38,0.00,,
1991-05-07,49,60,37,,,
1991-05-08,50,60,39,,,
1991-05-09,54,64,43,,,
1991-05-10,48,59,33,0.00,,
1991-05-11,55,68,36,0.00,,
1991-05-12,59,71,45,,,
1991-05-13,52,60,47,,,
1991-05-14,53,59,37,,,
1991-05-15,48,54,,,,
1991-05-16,47,57,31,0.00,,
1991-05-17,51,60,33,,,
1991-05-18,57,67,46,0.16,,
1991-05-19,54,60,47,0.41,,
1991-05-20,54,64,43,,,
1991-05-21,51,58,,0.16,,
1991-05-22,51,60,41,,,
1991-05-23,46,52,,0.12,,
1991-05-24,43,52,,0.24,,
1991-05-25,42,51,31,0.00,,
1991-05-26,48,58,32,0.00,,
1991-05-27,51,61,38,0.00,,
1991-05-28,51,59,39,0.00,,
1991-05-29,54,65,41,0.00,,
1991-05-30,53,62,40,0.00,,
1991-05-31,51,60,37,0.00,,
1991-06-01,56,68,36,0.00,,
1991-06-02,49,,,,,
1991-06-03,54,66,32,0.00,,
1991-06-04,56,63,,,,
1991-06-05,54,63,43,0.00,,
1991-06-06,53,63,,0.00,,
1991-06-07,56,68,40,0.00,,
1991-06-08,56,63,,,,
1991-06-09,55,65,44,,,
1991-06-10,59,70,39,,,
1991-06-11,59,70,50,,,
1991-06-12,55,63,,,,
1991-06-13,59,72,41,,,
1991-06-14,54,60,,0.49,,
1991-06-15,58,68,43,,,
1991-06-16,67,80,50,,,
1991-06-17,63,70,55,,,
1991-06-18,66,83,,1.10,,
1991-06-19,59,68,44,0.00,,
1991-06-20,58,64,,0.00,,
1991-06-21,59,72,44,0.00,,
1991-06-22,64,75,46,0.00,,
1991-06-23,67,80,49,0.00,,
1991-06-24,70,81,53,0.00,,
1991-06-25,59,66,,0.20,,
1991-06-26,62,73,41,0.00,,
1991-06-27,65,69,,0.04,,
1991-06-28,62,68,,0.59,,
1991-06-29,55,60,48,0.00,,
1991-06-30,55,62,,0.00,,
1991-07-01,58,70,41,0.00,,
1991-07-02,62,73,48,0.00,,
1991-07-03,69,76,61,,,
1991-07-04,72,81,64,0.00,,
1991-07-05,69,78,59,0.00,,
1991-07-06,66,76,54,0.00,,
1991-07-07,69,81,56,0.00,,
1991-07-08,73,86,55,0.00,,
1991-07-09,74,86,56,0.00,,
1991-07-10,69,76,,,,
1991-07-11,63,74,49,0.00,,
1991-07-12,62,,51,,,
1991-07-13,71,83,51,,,
1991-07-14,67,76,57,,,
1991-07-15,63,70,58,,,
1991-07-16,65,72,54,0.00,,
1991-07-17,64,71,55,0.00,,
1991-07-18,58,64,50,0.00,,
1991-07-19,59,69,46,,,
1991-07-20,62,69,54,,,
1991-07-21,62,72,54,,,
1991-07-22,61,,52,,,
1991-07-23,60,65,55,0.00,,
1991-07-24,58,67,48,0.00,,
1991-07-25,58,69,45,,,
1991-07-26,62,67,57,,,
1991-07-27,65,72,56,,,
1991-07-28,65,77,51,0.00,,
1991-07-29,66,76,51,0.00,,
1991-07-30,65,76,54,0.00,,
1991-07-31,65,72,56,0.20,,
1991-08-01,69,76,57,,,
1991-08-02,70,81,63,,,
1991-08-03,69,79,61,,,
1991-08-04,71,84,63,0.75,,
1991-08-05,71,81,60,0.00,,
1991-08-06,71,82,60,,,
1991-08-07,73,85,,0.00,,
1991-08-08,76,88,63,0.00,,
1991-08-09,69,,,,,
1991-08-10,64,71,56,,,
1991-08-11,64,69,56,,,
1991-08-12,61,71,56,0.39,,
1991-08-13,60,69,52,0.00,,
1991-08-14,58,67,,,,
1991-08-15,58,72,40,0.00,,
1991-08-16,60,74,43,0.00,,
1991-08-17,65,74,54,0.12,,
1991-08-18,60,66,,0.16,,
1991-08-19,56,,50,,,
1991-08-20,58,63,,0.31,,
1991-08-21,56,67,44,,,
1991-08-22,59,69,49,0.00,,
1991-08-23,60,74,45,0.00,,
1991-08-24,60,76,47,0.00,,
1991-08-25,59,68,,0.35,,
1991-08-26,56,65,50,,,
1991-08-27,59,67,52,0.00,,
1991-08-28,60,69,55,0.24,,
1991-08-29,60,71,52,0.00,,
1991-08-30,57,65,52,0.24,,
1991-08-31,58,70,48,0.00,,
1991-09-01,58,71,44,0.00,,
1991-09-02,60,73,45,0.00,,
1991-09-03,64,77,47,0.00,,
1991-09-04,64,78,49,0.00,,
1991-09-05,58,67,51,,,
1991-09-06,48,53,,0.12,,
1991-09-07,43,52,38,0.21,,
1991-09-08,47,,37,0.04,,
1991-09-09,49,60,43,0.08,,
1991-09-10,56,62,42,0.00,,
1991-09-11,58,67,,,,
1991-09-12,50,61,44,,,
1991-09-13,49,62,33,0.00,,
1991-09-14,52,65,35,0.00,,
1991-09-15,59,72,,,,
1991-09-16,62,68,57,0.20,,
1991-09-17,61,,52,,,
1991-09-18,57,61,,0.08,,
1991-09-19,56,63,52,0.02,,
1991-09-20,54,62,,,,
1991-09-21,53,63,43,,,
1991-09-22,50,64,37,0.00,,
1991-09-23,55,58,44,,,
1991-09-24,55,64,44,0.00,,
1991-09-25,58,67,50,0.00,,
1991-09-26,60,71,,0.00,,
1991-09-27,62,68,,,,
1991-09-28,54,59,,0.00,,
1991-09-29,51,63,38,0.00,,
1991-09-30,66,77,54,0.00,,
1991-10-01,58,,,,,
1991-10-02,50,59,,,,
1991-10-03,47,56,,0.01,,
1991-10-04,43,59,31,0.00,,
1991-10-05,49,60,38,0.00,,
1991-10-06,51,64,38,0.00,,
1991-10-07,55,69,41,0.00,,
1991-10-08,54,69,40,,,
1991-10-09,56,66,,,,
1991-10-10,53,67,43,0.00,,
1991-10-11,50,62,38,0.00,,
1991-10-12,49,60,38,0.00,,
1991-10-13,48,56,40,,,
1991-10-14,54,,47,,,
1991-10-15,54,,45,,,
1991-10-16,49,63,40,0.00,,
1991-10-17,53,64,43,,,
1991-10-18,50,,,,,
1991-10-19,46,49,,,,
1991-10-20,41,50,29,0.00,,
1991-10-21,40,44,33,0.00,,
1991-10-22,39,42,36,,,
1991-10-23,37,41,33,0.08,,
1991-10-24,34,40,30,,,
1991-10-25,31,34,,0.00,,
1991-10-26,30,37,25,,,
1991-10-27,33,36,29,0.00,,
1991-10-28,32,34,,0.31,,0.4
1991-10-29,30,33,,,,
1991-10-30,33,36,,0.00,,
1991-10-31,28,32,19,0.00,,
1991-11-01,27,31,,0.00,,
1991-11-02,29,38,19,,,
1991-11-03,38,42,35,,,
1991-11-04,42,,35,,,
1991-11-05,43,46,,,,
1991-11-06,39,,,,,
1991-11-07,38,,32,,,
1991-11-08,45,48,36,0.28,,
1991-11-09,44,46,,0.28,,
1991-11-10,36,42,,,,
1991-11-11,36,38,31,,,
1991-11-12,37,40,35,0.24,,
1991-11-13,40,44,32,0.00,,
1991-11-14,45,52,37,0.00,,
1991-11-15,41,45,38,0.28,,
1991-11-16,38,44,34,,,
1991-11-17,44,,33,0.22,,
1991-11-18,45,,,0.24,,
1991-11-19,38,40,,0.01,,
1991-11-20,36,39,29,,,
1991-11-21,33,,,0.43,,0.4
1991-11-22,31,32,28,0.00,,0.4
1991-11-23,31,35,26,,,0.4
1991-11-24,36,,33,0.08,,
1991-11-25,38,38,36,,,
1991-11-26,41,43,38,0.00,,
1991-11-27,40,42,39,0.03,,
1991-11-28,39,40,38,0.02,,
1991-11-29,38,40,,0.01,,
1991-11-30,38,41,37,,,
1991-12-01,33,,,0.00,,
1991-12-02,30,,23,,,
1991-12-03,33,,,,,
1991-12-04,32,,29,0.10,,0.4
1991-12-05,31,,,,,0.4
1991-12-06,25,28,,0.12,,0.4
1991-12-07,12,,,0.00,,2.0
1991-12-08,0,12,,0.00,,2.0
1991-12-09,8,15,,,,
1991-12-10,26,33,,0.00,,2.0
1991-12-11,33,34,,0.00,,1.6
1991-12-12,29,32,,0.00,,1.6
1991-12-13,27,,15,,,1.6
1991-12-14,36,40,31,0.04,,1.2
1991-12-15,38,41,,0.12,,
1991-12-16,31,34,,,,
1991-12-17,26,,22,0.00,,
1991-12-18,28,,,,,
1991-12-19,35,36,31,,,
1991-12-20,33,38,30,0.43,,1.6
1991-12-21,32,34,29,0.00,,1.6
1991-12-22,26,32,,0.00,,1.2
1991-12-23,32,,18,,,1.2
1991-12-24,37,,,0.08,,
1991-12-25,29,,,0.05,,
1991-12-26,25,28,23,,,0.4
1991-12-27,26,27,,0.24,,3.5
1991-12-28,21,,19,,,6.3
1991-12-29,33,,21,0.05,,6.3
1991-12-30,35,,,0.01,,4.3
1991-12-31,30,,,,,
1992-01-01,23,,11,,,1.6
1992-01-02,37,,30,0.24,,1.2
1992-01-03,40,42,,0.02,,
1992-01-04,37,40,34,,,
1992-01-05,36,,,,,
1992-01-06,29,31,,0.00,,
1992-01-07,33,40,25,,,
1992-01-08,35,,,0.00,,
1992-01-09,40,,32,,,
1992-01-10,32,,,,,
1992-01-11,28,33,23,0.00,,
1992-01-12,35,38,30,0.00,,
1992-01-13,32,,30,,,
1992-01-14,30,,26,,,
1992-01-15,38,40,33,,,
1992-01-16,38,39,36,,,
1992-01-17,31,,,0.09,,
1992-01-18,24,30,,0.00,,
1992-01-19,21,24,15,,,
1992-01-20,15,19,10,,,
1992-01-21,10,20,3,0.00,,
1992-01-22,15,27,1,0.00,,
1992-01-23,23,28,,0.00,,
1992-01-24,17,24,8,0.00,,
1992-01-25,19,21,17,0.00,,
1992-01-26,20,28,13,0.00,,
1992-01-27,28,31,18,,,
1992-01-28,31,,27,,,
1992-01-29,35,38,32,,,
1992-01-30,33,36,29,0.00,,
1992-01-31,34,35,32,0.00,,
1992-02-01,29,34,20,0.00,,
1992-02-02,32,,30,0.03,,
1992-02-03,32,33,,0.04,,
1992-02-04,33,34,31,0.12,,1.6
1992-02-05,31,33,,0.01,,3.9
1992-02-06,27,32,24,,,3.9
1992-02-07,26,,17,0.00,,3.9
1992-02-08,34,36,30,0.09,,3.1
1992-02-09,33,34,,,,1.6
1992-02-10,33,,32,0.00,,
1992-02-11,35,,34,0.08,,
1992-02-12,35,37,33,0.00,,
1992-02-13,36,39,33,0.00,,
1992-02-14,40,42,,0.35,,
1992-02-15,38,,36,,,
1992-02-16,37,,,0.20,,
1992-02-17,24,,,,,2.4
1992-02-18,24,27,17,0.01,,2.8
1992-02-19,24,28,,0.02,,2.4
1992-02-20,22,30,8,,,2.0
1992-02-21,24,,,0.04,,3.1
1992-02-22,18,,0,,,3.1
1992-02-23,35,,27,,,3.1
1992-02-24,36,41,,,,1.6
1992-02-25,35,42,26,0.00,,
1992-02-26,36,39,,,,
1992-02-27,37,47,28,0.00,,
1992-02-28,37,38,36,,,
1992-02-29,38,40,32,0.00,,
1992-03-01,42,51,34,,,
1992-03-02,44,56,32,0.00,,
1992-03-03,38,,,,,
1992-03-04,38,42,,0.01,,
1992-03-05,34,36,,,,
1992-03-06,34,39,27,0.00,,
1992-03-07,35,44,26,0.00,,
1992-03-08,34,45,26,0.00,,
1992-03-09,34,49,20,0.00,,
1992-03-10,34,50,21,0.00,,
1992-03-11,39,50,28,,,
1992-03-12,36,42,29,,,
1992-03-13,40,44,35,0.47,,
1992-03-14,34,,,,,
1992-03-15,29,36,,0.08,,0.8
1992-03-16,27,,20,,,0.8
1992-03-17,32,42,25,,,1.6
1992-03-18,32,45,18,0.00,,
1992-03-19,33,47,19,0.00,,
1992-03-20,37,48,25,0.00,,
1992-03-21,42,52,31,0.00,,
1992-03-22,39,44,34,0.01,,
1992-03-23,38,45,,,,
1992-03-24,38,,30,0.32,,
1992-03-25,48,59,38,0.04,,
1992-03-26,39,41,,0.08,,
1992-03-27,45,54,35,0.09,,
1992-03-28,36,42,,,,
1992-03-29,33,39,25,0.04,,
1992-03-30,33,37,29,0.04,,
1992-03-31,36,46,19,0.00,,
1992-04-01,47,58,35,0.00,,
1992-04-02,49,54,44,,,
1992-04-03,46,50,43,0.47,,
1992-04-04,40,49,34,0.31,,
1992-04-05,44,51,36,0.00,,
1992-04-06,41,45,36,0.45,,
1992-04-07,40,48,26,,,
1992-04-08,39,45,29,0.00,,
1992-04-09,36,40,32,,,
1992-04-10,33,38,,,,
1992-04-11,37,49,19,,,
1992-04-12,44,47,41,,,
1992-04-13,49,59,36,,,
1992-04-14,44,52,35,0.05,,
1992-04-15,47,59,32,,,
1992-04-16,49,55,43,,,
1992-04-17,40,43,,0.08,,
1992-04-18,37,45,29,,,
1992-04-19,44,50,35,0.04,,
1992-04-20,40,45,,0.12,,
1992-04-21,36,45,31,0.09,,
1992-04-22,36,42,29,0.00,,
1992-04-23,35,43,24,,,
1992-04-24,38,47,,0.00,,
1992-04-25,41,56,23,0.00,,
1992-04-26,54,64,43,,,
1992-04-27,49,57,39,,,
1992-04-28,53,60,46,,,
1992-04-29,51,59,40,,,
1992-04-30,49,53,,,,
1992-05-01,52,59,43,,,
1992-05-02,63,74,50,0.00,,
1992-05-03,59,71,49,0.00,,
1992-05-04,51,60,43,0.00,,
1992-05-05,51,58,38,0.00,,
1992-05-06,54,63,36,0.00,,
1992-05-07,51,57,43,,,
1992-05-08,56,62,50,0.14,,
1992-05-09,49,55,,,,
1992-05-10,47,60,,,,
1992-05-11,47,58,33,,,
1992-05-12,49,58,41,,,
1992-05-13,53,60,45,0.04,,
1992-05-14,54,63,43,0.00,,
1992-05-15,55,65,37,0.00,,
1992-05-16,58,70,36,0.00,,
1992-05-17,53,59,45,0.00,,
1992-05-18,50,55,45,,,
1992-05-19,53,69,37,0.00,,
1992-05-20,62,75,43,0.00,,
1992-05-21,63,77,45,0.00,,
1992-05-22,64,77,47,0.00,,
1992-05-23,55,64,46,0.00,,
1992-05-24,53,64,37,0.00,,
1992-05-25,53,65,33,0.00,,
1992-05-26,54,58,45,,,
1992-05-27,52,58,,0.55,,
1992-05-28,56,68,41,,,
1992-05-29,57,63,49,0.03,,
1992-05-30,59,67,49,,,
1992-05-31,63,74,46,0.00,,
1992-06-01,63,78,47,0.00,,
1992-06-02,65,78,45,0.00,,
1992-06-03,64,75,46,0.00,,
1992-06-04,65,75,53,0.00,,
1992-06-05,62,73,46,0.00,,
1992-06-06,60,73,42,0.00,,
1992-06-07,59,72,43,0.00,,
1992-06-08,62,74,44,0.00,,
1992-06-09,54,59,49,0.43,,
1992-06-10,54,61,45,0.32,,
1992-06-11,56,63,50,0.44,,
1992-06-12,63,73,54,0.01,,
1992-06-13,62,73,54,,,
1992-06-14,63,72,57,0.20,,
1992-06-15,64,75,,0.00,,
1992-06-16,66,78,50,0.00,,
1992-06-17,60,68,54,,,
1992-06-18,60,72,43,0.00,,
1992-06-19,67,78,47,0.00,,
1992-06-20,71,83,56,0.00,,
1992-06-21,68,79,52,0.00,,
1992-06-22,62,74,49,0.00,,
1992-06-23,61,73,43,0.00,,
1992-06-24,56,59,51,0.43,,
1992-06-25,59,68,,,,
1992-06-26,56,66,42,0.00,,
1992-06-27,62,74,42,0.00,,
1992-06-28,65,78,45,0.00,,
1992-06-29,68,80,49,0.00,,
1992-06-30,66,80,47,0.00,,
1992-07-01,68,83,48,0.00,,
1992-07-02,70,85,50,0.00,,
1992-07-03,64,73,,,,
1992-07-04,62,72,44,0.00,,
1992-07-05,63,75,49,0.00,,
1992-07-06,60,72,47,,,
1992-07-07,63,74,55,0.16,,
1992-07-08,59,69,50,0.00,,
1992-07-09,60,75,40,,,
1992-07-10,65,80,42,0.00,,
1992-07-11,67,78,54,,,
1992-07-12,69,82,56,,,
1992-07-13,68,82,57,0.63,,
1992-07-14,69,79,57,,,
1992-07-15,62,69,,0.35,,
1992-07-16,60,69,46,0.00,,
1992-07-17,64,76,45,0.00,,
1992-07-18,61,71,47,,,
1992-07-19,64,74,56,,,
1992-07-20,66,79,49,0.00,,
1992-07-21,73,86,59,0.00,,
1992-07-22,71,89,,0.00,,
1992-07-23,67,77,61,,,
1992-07-24,66,75,54,,,
1992-07-25,69,83,54,0.00,,
1992-07-26,66,85,52,,,
1992-07-27,67,77,54,0.00,,
1992-07-28,62,69,56,0.03,,
1992-07-29,60,71,49,0.00,,
1992-07-30,62,77,44,0.00,,
1992-07-31,69,82,52,,,
1992-08-01,64,78,50,0.00,,
1992-08-02,68,84,52,,,
1992-08-03,70,85,58,0.00,,
1992-08-04,71,89,57,,,
1992-08-05,65,74,,,,
1992-08-06,66,80,47,0.00,,
1992-08-07,72,86,54,0.00,,
1992-08-08,65,82,49,0.00,,
1992-08-09,73,88,55,0.00,,
1992-08-10,79,93,66,0.00,,
1992-08-11,71,79,,,,
1992-08-12,61,78,49,0.00,,
1992-08-13,68,81,53,,,
1992-08-14,65,74,52,0.02,,
1992-08-15,62,69,,0.04,,
1992-08-16,59,72,44,0.00,,
1992-08-17,62,73,44,,,
1992-08-18,62,70,,,,
1992-08-19,60,71,49,0.00,,
1992-08-20,56,72,40,0.00,,
1992-08-21,60,72,43,,,
1992-08-22,65,77,49,0.00,,
1992-08-23,60,73,,,,
1992-08-24,59,71,47,0.01,,
1992-08-25,63,74,49,,,
1992-08-26,67,,58,0.00,,
1992-08-27,65,74,56,0.18,,
1992-08-28,67,85,51,0.00,,
1992-08-29,80,95,60,0.00,,
1992-08-30,76,92,59,0.00,,
1992-08-31,68,,60,,,
1992-09-01,71,86,,,,
1992-09-02,53,58,50,0.63,,
1992-09-03,55,63,46,0.04,,
1992-09-04,58,62,,,,
1992-09-05,52,54,46,,,
1992-09-06,51,,48,,,
1992-09-07,53,55,49,,,
1992-09-08,55,,44,0.04,,
1992-09-09,54,61,46,0.20,,
1992-09-10,51,64,37,0.00,,
1992-09-11,50,66,36,0.00,,
1992-09-12,54,67,40,0.00,,
1992-09-13,54,67,42,0.00,,
1992-09-14,55,65,42,,,
1992-09-15,54,56,,0.35,,
1992-09-16,52,59,42,,,
1992-09-17,55,60,52,,,
1992-09-18,54,56,49,,,
1992-09-19,57,63,52,,,
1992-09-20,50,62,,0.00,,
1992-09-21,48,58,40,,,
1992-09-22,50,64,39,0.00,,
1992-09-23,49,62,36,0.00,,
1992-09-24,50,62,38,0.00,,
1992-09-25,49,64,33,0.00,,
1992-09-26,52,64,36,0.00,,
1992-09-27,51,66,33,0.00,,
1992-09-28,48,61,36,0.00,,
1992-09-29,48,56,35,,,
1992-09-30,50,56,44,,,
1992-10-01,50,54,46,0.02,,
1992-10-02,46,54,,,,
1992-10-03,41,49,33,,,
1992-10-04,39,49,28,0.00,,
1992-10-05,45,56,32,0.00,,
1992-10-06,50,,48,,,
1992-10-07,49,,,0.02,,
1992-10-08,46,53,36,0.00,,
1992-10-09,49,52,45,,,
1992-10-10,42,47,38,,,
1992-10-11,40,44,35,,,
1992-10-12,35,39,30,,,
1992-10-13,32,41,26,,,
1992-10-14,36,45,28,0.00,,
1992-10-15,43,51,33,0.00,,
1992-10-16,42,48,35,,,
1992-10-17,42,49,36,,,
1992-10-18,39,44,36,0.35,,
1992-10-19,42,,,0.16,,
1992-10-20,37,46,27,,,
1992-10-21,38,49,26,0.00,,
1992-10-22,38,41,31,1.18,,
1992-10-23,36,,33,,,
1992-10-24,38,42,33,,,
1992-10-25,36,41,,0.31,,
1992-10-26,35,42,26,,,
1992-10-27,36,38,33,,,
1992-10-28,37,,32,,,
1992-10-29,42,,38,0.12,,
1992-10-30,41,44,,0.02,,
1992-10-31,34,38,27,,,
1992-11-01,31,35,25,0.00,,
1992-11-02,37,44,30,0.00,,
1992-11-03,45,49,35,0.00,,
1992-11-04,40,45,35,0.00,,
1992-11-05,40,43,36,0.04,,
1992-11-06,40,43,33,0.00,,
1992-11-07,49,53,39,0.55,,
1992-11-08,36,,,0.39,,
1992-11-09,33,41,,0.00,,
1992-11-10,31,39,20,0.00,,
1992-11-11,32,33,30,0.35,,
1992-11-12,37,42,30,,,
1992-11-13,34,,,0.00,,
1992-11-14,35,36,29,,,
1992-11-15,34,36,30,0.00,,
1992-11-16,33,35,30,,,
1992-11-17,36,39,32,,,
1992-11-18,38,41,35,0.04,,
1992-11-19,39,41,37,,,
1992-11-20,38,38,36,0.12,,
1992-11-21,35,38,,0.06,,
1992-11-22,35,37,32,0.08,,
1992-11-23,31,,28,,,
1992-11-24,31,34,26,,,
1992-11-25,37,40,32,0.10,,
1992-11-26,42,46,37,0.31,,
1992-11-27,41,43,,0.12,,
1992-11-28,36,40,,,,
1992-11-29,32,33,28,,,
1992-11-30,30,,,,,1.2
1992-12-01,31,,24,0.00,,0.8
1992-12-02,35,38,,,,
1992-12-03,38,44,28,,,
1992-12-04,41,45,39,0.20,,
1992-12-05,42,,38,,,
1992-12-06,39,,,0.47,,
1992-12-07,35,36,33,0.22,,
1992-12-08,39,41,35,0.10,,
1992-12-09,35,38,,,,
1992-12-10,29,,,,,
1992-12-11,30,32,28,0.00,,
1992-12-12,33,33,31,0.30,,
1992-12-13,33,34,,,,0.8
1992-12-14,31,33,,,,1.2
1992-12-15,38,41,31,0.02,,0.8
1992-12-16,34,,32,0.00,,
1992-12-17,33,35,33,,,
1992-12-18,33,,,,,
1992-12-19,32,33,,0.00,,
1992-12-20,30,,28,,,
1992-12-21,30,33,,0.00,,0.4
1992-12-22,22,27,18,,,0.4
1992-12-23,17,20,,0.00,,0.4
1992-12-24,13,24,8,0.00,,0.4
1992-12-25,18,23,8,0.00,,0.4
1992-12-26,18,,,0.00,,0.4
1992-12-27,26,30,9,0.04,,0.4
1992-12-28,22,,14,0.00,,0.8
1992-12-29,33,35,27,0.04,,0.8
1992-12-30,29,34,,0.00,,0.8
1992-12-31,20,,18,,,0.8
1993-01-01,13,,,,,0.8
1993-01-02,3,10,-1,,,0.8
1993-01-03,5,13,-3,0.00,,0.8
1993-01-04,10,17,3,,,0.8
1993-01-05,17,19,,0.00,,0.8
1993-01-06,25,,13,,,0.8
1993-01-07,33,,32,0.31,,0.8
1993-01-08,33,,,,,1.6
1993-01-09,33,35,31,,,1.6
1993-01-10,35,,30,0.10,,1.6
1993-01-11,40,,37,0.02,,
1993-01-12,41,45,,0.32,,
1993-01-13,37,39,35,0.02,,
1993-01-14,42,51,34,0.00,,
1993-01-15,37,40,,,,
1993-01-16,42,47,33,,,
1993-01-17,48,51,,,,
1993-01-18,41,44,,,,
1993-01-19,35,38,,0.00,,
1993-01-20,38,,33,0.04,,
1993-01-21,42,46,38,,,
1993-01-22,44,51,39,0.24,,
1993-01-23,37,,,0.08,,
1993-01-24,38,45,32,0.30,,0.4
1993-01-25,36,,,0.06,,
1993-01-26,30,32,,0.08,,0.4
1993-01-27,26,,22,0.12,,3.5
1993-01-28,26,30,23,0.02,,3.5
1993-01-29,20,,13,0.02,,3.5
1993-01-30,19,24,14,,,3.5
1993-01-31,20,26,14,0.00,,3.1
1993-02-01,29,34,18,0.00,,2.8
1993-02-02,26,,,0.00,,2.4
1993-02-03,27,,21,0.00,,2.4
1993-02-04,33,41,30,0.00,,2.0
1993-02-05,34,35,,,,
1993-02-06,31,,28,,,
1993-02-07,29,35,,0.00,,
1993-02-08,27,,20,,,
1993-02-09,32,35,30,,,
1993-02-10,31,33,30,0.00,,
1993-02-11,30,34,,,,
1993-02-12,30,38,24,0.00,,
1993-02-13,32,33,29,0.00,,
1993-02-14,33,35,,0.00,,
1993-02-15,24,34,,0.00,,
1993-02-16,19,27,9,0.00,,
1993-02-17,29,,23,0.24,,
1993-02-18,28,36,20,,,3.1
1993-02-19,32,34,29,0.28,,3.5
1993-02-20,30,,,0.08,,5.5
1993-02-21,27,34,19,0.04,,5.9
1993-02-22,24,,,0.01,,7.1
1993-02-23,25,,,,,7.1
1993-02-24,33,35,31,0.08,,7.5
1993-02-25,28,,,0.01,,6.7
1993-02-26,22,27,14,0.00,,8.3
1993-02-27,21,29,14,0.00,,7.5
1993-02-28,27,34,14,0.00,,7.1
1993-03-01,29,33,26,0.00,,7.1
1993-03-02,23,,,0.00,,7.1
1993-03-03,18,24,6,,,6.3
1993-03-04,16,25,9,,,6.3
1993-03-05,12,26,1,0.00,,6.3
1993-03-06,18,29,5,0.00,,5.9
1993-03-07,22,33,6,0.00,,5.5
1993-03-08,23,30,15,0.00,,5.1
1993-03-09,22,33,8,0.00,,5.1
1993-03-10,27,37,18,0.00,,4.7
1993-03-11,29,35,,0.00,,3.9
1993-03-12,29,38,20,,,3.9
1993-03-13,32,38,24,,,3.1
1993-03-14,35,46,,0.00,,3.1
1993-03-15,32,41,21,0.00,,2.4
1993-03-16,41,49,31,0.00,,2.0
1993-03-17,41,44,37,0.24,,
1993-03-18,46,49,41,0.04,,
1993-03-19,38,,,0.08,,
1993-03-20,40,45,33,0.43,,0.8
1993-03-21,43,50,,,,
1993-03-22,47,53,,0.00,,
1993-03-23,45,59,,0.22,,
1993-03-24,38,45,32,0.00,,
1993-03-25,35,43,29,,,
1993-03-26,34,42,,0.00,,
1993-03-27,31,39,24,0.00,,
1993-03-28,33,36,28,,,
1993-03-29,35,38,32,0.39,,0.8
1993-03-30,34,36,32,0.00,,
1993-03-31,34,37,,0.04,,
1993-04-01,37,45,27,0.00,,
1993-04-02,39,42,36,,,
1993-04-03,40,42,37,0.01,,
1993-04-04,42,47,37,,,
1993-04-05,46,54,,0.00,,
1993-04-06,45,52,35,,,
1993-04-07,43,49,36,0.08,,
1993-04-08,42,45,38,,,
1993-04-09,35,,,0.00,,
1993-04-10,32,34,31,,,
1993-04-11,35,38,32,0.00,,
1993-04-12,35,43,,0.00,,
1993-04-13,38,47,27,,,
1993-04-14,40,51,29,0.00,,
1993-04-15,38,50,26,0.00,,
1993-04-16,42,50,30,0.00,,
1993-04-17,45,54,35,0.00,,
1993-04-18,45,51,37,,,
1993-04-19,41,47,,0.30,,
1993-04-20,37,42,32,,,
1993-04-21,38,50,23,0.00,,
1993-04-22,51,66,37,0.00,,
1993-04-23,53,75,37,0.00,,
1993-04-24,62,77,42,0.00,,
1993-04-25,60,78,44,,,
1993-04-26,63,79,44,0.00,,
1993-04-27,63,80,46,0.00,,
1993-04-28,62,77,45,0.00,,
1993-04-29,63,78,45,0.00,,
1993-04-30,61,79,50,,,
1993-05-01,55,68,44,,,
1993-05-02,54,65,39,0.00,,
1993-05-03,59,70,49,0.00,,
1993-05-04,58,70,40,0.00,,
1993-05-05,58,75,44,0.04,,
1993-05-06,64,77,45,0.00,,
1993-05-07,62,77,49,,,
1993-05-08,60,74,48,,,
1993-05-09,60,72,44,,,
1993-05-10,62,74,42,0.00,,
1993-05-11,61,77,42,0.00,,
1993-05-12,60,78,44,,,
1993-05-13,62,77,45,0.00,,
1993-05-14,62,73,45,0.00,,
1993-05-15,59,73,47,,,
1993-05-16,60,73,49,,,
1993-05-17,58,69,44,0.00,,
1993-05-18,60,72,50,,,
1993-05-19,63,75,54,0.08,,
1993-05-20,66,78,53,,,
1993-05-21,67,80,52,0.00,,
1993-05-22,67,78,53,,,
1993-05-23,60,71,51,,,
1993-05-24,62,78,46,0.00,,
1993-05-25,61,75,47,,,
1993-05-26,49,55,42,,,
1993-05-27,50,62,34,0.00,,
1993-05-28,56,65,41,0.00,,
1993-05-29,55,58,,0.24,,
1993-05-30,55,64,,,,
1993-05-31,56,69,40,,,
1993-06-01,58,66,46,,,
1993-06-02,59,69,47,,,
1993-06-03,65,76,47,0.00,,
1993-06-04,61,71,53,0.00,,
1993-06-05,59,72,41,0.00,,
1993-06-06,62,75,41,0.00,,
1993-06-07,61,74,48,0.00,,
1993-06-08,57,67,46,0.00,,
1993-06-09,58,70,42,0.00,,
1993-06-10,60,77,38,,,
1993-06-11,68,81,49,0.00,,
1993-06-12,67,80,55,0.00,,
1993-06-13,55,58,,1.20,,
1993-06-14,56,62,,,,
1993-06-15,53,65,42,,,
1993-06-16,54,63,46,,,
1993-06-17,56,65,42,,,
1993-06-18,56,65,48,,,
1993-06-19,58,67,49,,,
1993-06-20,60,68,,0.04,,
1993-06-21,59,70,,0.00,,
1993-06-22,57,67,45,0.00,,
1993-06-23,57,62,49,,,
1993-06-24,57,67,47,,,
1993-06-25,50,53,46,0.35,,
1993-06-26,51,56,45,0.04,,
1993-06-27,58,66,50,0.04,,
1993-06-28,57,65,45,0.12,,
1993-06-29,57,69,52,0.16,,
1993-06-30,56,65,48,0.08,,
1993-07-01,60,,46,,,
1993-07-02,60,68,54,0.04,,
1993-07-03,65,80,48,0.00,,
1993-07-04,61,65,57,0.05,,
1993-07-05,64,74,54,0.00,,
1993-07-06,53,58,,1.22,,
1993-07-07,51,60,45,0.16,,
1993-07-08,54,63,45,0.04,,
1993-07-09,57,68,46,0.02,,
1993-07-10,65,78,47,0.00,,
1993-07-11,69,80,54,0.00,,
1993-07-12,55,,51,,,
1993-07-13,53,58,,0.24,,
1993-07-14,52,56,47,0.63,,
1993-07-15,57,64,51,,,
1993-07-16,60,68,50,0.00,,
1993-07-17,63,72,49,0.00,,
1993-07-18,63,74,55,0.00,,
1993-07-19,61,72,49,,,
1993-07-20,62,70,51,,,
1993-07-21,63,70,56,,,
1993-07-22,61,69,53,0.00,,
1993-07-23,56,61,52,,,
1993-07-24,57,,51,,,
1993-07-25,66,77,54,0.00,,
1993-07-26,63,71,,,,
1993-07-27,60,70,48,0.02,,
1993-07-28,58,,51,0.63,,
1993-07-29,59,65,55,0.31,,
1993-07-30,60,72,52,0.00,,
1993-07-31,66,78,49,0.00,,
1993-08-01,62,68,,,,
1993-08-02,59,71,46,0.00,,
1993-08-03,63,77,47,,,
1993-08-04,69,82,57,,,
1993-08-05,68,77,59,0.00,,
1993-08-06,67,78,58,0.16,,
1993-08-07,59,63,53,,,
1993-08-08,60,69,54,0.00,,
1993-08-09,62,73,48,0.00,,
1993-08-10,65,76,50,,,
1993-08-11,59,64,,0.44,,
1993-08-12,58,71,41,0.00,,
1993-08-13,64,77,52,0.00,,
1993-08-14,57,70,43,,,
1993-08-15,63,77,43,,,
1993-08-16,74,88,57,0.00,,
1993-08-17,63,72,,,,
1993-08-18,55,65,47,0.00,,
1993-08-19,55,67,44,,,
1993-08-20,57,67,42,0.00,,
1993-08-21,58,67,48,0.00,,
1993-08-22,58,67,52,0.00,,
1993-08-23,57,66,51,0.16,,
1993-08-24,55,65,,0.00,,
1993-08-25,55,,43,0.00,,
1993-08-26,54,,45,,,
1993-08-27,52,60,,0.04,,
1993-08-28,51,,38,0.00,,
1993-08-29,52,63,38,,,
1993-08-30,52,61,38,,,
1993-08-31,53,60,50,0.08,,
1993-09-01,54,59,50,0.04,,
1993-09-02,54,62,,0.00,,
1993-09-03,52,56,42,,,
1993-09-04,54,60,50,0.16,,
1993-09-05,50,58,,0.04,,
1993-09-06,51,60,41,,,
1993-09-07,50,,,0.00,,
1993-09-08,48,61,31,0.00,,
1993-09-09,48,51,,0.87,,
1993-09-10,47,57,,0.00,,
1993-09-11,52,55,,,,
1993-09-12,54,60,45,,,
1993-09-13,53,58,49,0.43,,
1993-09-14,52,58,48,0.20,,
1993-09-15,53,58,49,0.28,,
1993-09-16,55,66,48,0.17,,
1993-09-17,51,54,,0.05,,
1993-09-18,48,50,45,0.06,,
1993-09-19,46,54,42,3.98,,
1993-09-20,46,57,,0.00,,
1993-09-21,46,59,30,0.00,,
1993-09-22,55,65,45,0.04,,
1993-09-23,61,,51,,,
1993-09-24,54,,,0.00,,
1993-09-25,53,64,43,0.00,,
1993-09-26,55,64,49,,,
1993-09-27,53,56,,0.22,,
1993-09-28,45,,,,,
1993-09-29,41,48,33,0.00,,
1993-09-30,33,,26,,,
1993-10-01,35,47,20,0.00,,
1993-10-02,40,53,30,0.00,,
1993-10-03,47,55,37,0.00,,
1993-10-04,49,52,45,0.00,,
1993-10-05,51,55,45,0.01,,
1993-10-06,50,58,45,0.00,,
1993-10-07,51,,41,4.17,,
1993-10-08,55,66,46,0.00,,
1993-10-09,58,67,49,0.00,,
1993-10-10,53,59,,,,
1993-10-11,51,61,36,,,
1993-10-12,56,64,49,0.00,,
1993-10-13,56,62,,0.00,,
1993-10-14,59,70,46,0.00,,
1993-10-15,55,62,,,,
1993-10-16,44,50,41,3.98,,
1993-10-17,43,48,38,0.00,,
1993-10-18,35,45,,,,
1993-10-19,32,47,20,0.00,,
1993-10-20,32,41,19,0.00,,
1993-10-21,41,47,33,0.00,,
1993-10-22,45,46,,,,
1993-10-23,40,,,,,
1993-10-24,40,43,37,0.00,,
1993-10-25,38,41,,,,
1993-10-26,40,47,34,0.00,,
1993-10-27,40,44,,0.01,,
1993-10-28,42,45,29,,,
1993-10-29,35,44,29,,,
1993-10-30,33,44,,0.00,,
1993-10-31,36,44,23,0.00,,
1993-11-01,36,46,,0.00,,
1993-11-02,31,40,23,0.00,,
1993-11-03,33,39,29,0.00,,
1993-11-04,37,39,31,0.00,,
1993-11-05,40,42,37,,,
1993-11-06,41,44,,0.00,,
1993-11-07,39,39,37,0.16,,
1993-11-08,38,40,,0.18,,
1993-11-09,34,,,0.02,,
1993-11-10,24,,,0.01,,
1993-11-11,17,23,10,0.00,,
1993-11-12,21,29,16,0.00,,
1993-11-13,21,25,17,0.00,,
1993-11-14,24,28,15,0.00,,
1993-11-15,26,,23,,,
1993-11-16,25,,24,0.00,,1.6
1993-11-17,14,25,,0.00,,1.2
1993-11-18,14,26,2,0.00,,1.2
1993-11-19,22,26,11,0.00,,1.2
1993-11-20,17,20,,0.00,,1.6
1993-11-21,15,,6,,,1.6
1993-11-22,24,,20,,,1.6
1993-11-23,26,,24,,,1.6
1993-11-24,27,,,0.00,,1.6
1993-11-25,22,24,18,,,1.6
1993-11-26,18,23,,0.00,,1.2
1993-11-27,14,,7,,,1.2
1993-11-28,18,22,14,0.00,,1.2
1993-11-29,18,22,15,0.00,,1.2
1993-11-30,17,21,12,0.00,,1.2
1993-12-01,20,23,,,,1.2
1993-12-02,17,,12,0.00,,1.2
1993-12-03,32,,20,0.35,,1.6
1993-12-04,39,41,36,0.14,,
1993-12-05,39,42,36,,,
1993-12-06,40,43,37,0.00,,
1993-12-07,36,39,,,,
1993-12-08,35,,30,0.08,,0.4
1993-12-09,35,,30,0.12,,0.4
1993-12-10,36,40,,0.31,,
1993-12-11,34,37,28,0.16,,
1993-12-12,35,36,32,0.05,,
1993-12-13,32,,31,0.00,,
1993-12-14,37,42,30,0.20,,1.6
1993-12-15,31,,28,0.08,,0.8
1993-12-16,35,37,32,,,0.8
1993-12-17,35,38,,,,
1993-12-18,36,38,,0.02,,
1993-12-19,37,,29,0.00,,
1993-12-20,39,,,0.35,,
1993-12-21,30,33,,0.00,,
1993-12-22,28,,24,,,
1993-12-23,32,36,27,,,2.0
1993-12-24,31,36,28,,,1.6
1993-12-25,33,35,28,0.04,,1.2
1993-12-26,33,38,,,,0.8
1993-12-27,32,36,27,,,0.8
1993-12-28,33,35,32,0.08,,0.4
1993-12-29,33,34,31,0.02,,
1993-12-30,34,35,32,,,
1993-12-31,39,42,33,0.20,,
1994-01-01,38,,,0.06,,
1994-01-02,33,34,,,,
1994-01-03,31,32,29,,,
1994-01-04,32,,29,0.06,,3.5
1994-01-05,34,,32,,,2.0
1994-01-06,35,39,32,,,1.6
1994-01-07,35,38,31,0.00,,1.2
1994-01-08,40,46,34,0.00,,
1994-01-09,33,35,,0.00,,
1994-01-10,33,33,31,,,
1994-01-11,35,38,33,0.00,,
1994-01-12,37,38,36,,,
1994-01-13,40,46,36,,,
1994-01-14,40,45,,0.08,,
1994-01-15,37,,34,,,
1994-01-16,35,,33,0.12,,
1994-01-17,31,,,0.00,,
1994-01-18,25,,20,,,
1994-01-19,32,33,25,0.16,,1.2
1994-01-20,32,33,29,0.20,,2.4
1994-01-21,31,,,0.00,,3.1
1994-01-22,34,,29,0.02,,3.1
1994-01-23,37,38,33,,,0.8
1994-01-24,35,36,34,0.00,,
1994-01-25,33,35,31,0.00,,
1994-01-26,34,37,30,0.12,,0.8
1994-01-27,36,,33,0.04,,
1994-01-28,38,42,,,,
1994-01-29,29,,,,,
1994-01-30,25,,18,0.08,,
1994-01-31,34,35,27,0.05,,0.8
1994-02-01,31,,,,,
1994-02-02,31,34,27,,,
1994-02-03,33,34,,0.10,,0.8
1994-02-04,26,,,0.04,,2.0
1994-02-05,18,,,,,2.0
1994-02-06,20,25,9,,,2.0
1994-02-07,24,27,22,0.05,,2.0
1994-02-08,21,24,18,0.08,,3.9
1994-02-09,26,,22,,,4.7
1994-02-10,27,38,,,,5.5
1994-02-11,22,28,,0.00,,5.1
1994-02-12,4,9,,,,5.1
1994-02-13,2,12,-7,0.00,,
1994-02-14,8,23,-9,0.00,,4.7
1994-02-15,7,24,-2,,,4.3
1994-02-16,11,26,-3,0.00,,3.9
1994-02-17,13,26,-1,0.00,,3.9
1994-02-18,21,28,9,,,3.9
1994-02-19,26,29,23,0.04,,3.9
1994-02-20,30,33,25,0.20,,4.7
1994-02-21,29,32,26,,,5.9
1994-02-22,27,28,25,,,5.9
1994-02-23,27,33,,,,6.3
1994-02-24,26,30,,,,
1994-02-25,23,33,6,0.00,,7.1
1994-02-26,25,31,,,,7.1
1994-02-27,27,31,18,0.00,,7.1
1994-02-28,35,,26,0.00,,7.1
1994-03-01,28,,,0.00,,5.1
1994-03-02,24,,23,,,5.5
1994-03-03,25,29,22,,,5.9
1994-03-04,28,33,24,,,6.7
1994-03-05,24,31,,0.00,,6.7
1994-03-06,24,34,7,,,6.3
1994-03-07,36,44,30,,,6.3
1994-03-08,37,39,35,0.16,,3.5
1994-03-09,38,40,34,,,2.0
1994-03-10,41,45,,0.00,,
1994-03-11,36,45,,,,
1994-03-12,41,52,27,0.00,,
1994-03-13,41,45,36,0.10,,
1994-03-14,38,44,33,0.16,,
1994-03-15,39,45,,0.12,,
1994-03-16,35,,29,0.08,,
1994-03-17,35,40,32,0.09,,
1994-03-18,33,40,29,0.24,,2.4
1994-03-19,35,42,27,0.20,,1.6
1994-03-20,33,37,,0.01,,
1994-03-21,30,36,22,0.00,,
1994-03-22,30,40,24,,,
1994-03-23,38,,27,0.00,,
1994-03-24,47,54,,0.47,,
1994-03-25,41,46,39,,,
1994-03-26,40,45,,0.63,,
1994-03-27,31,36,27,0.00,,
1994-03-28,30,36,26,0.00,,
1994-03-29,36,44,20,,,
1994-03-30,44,55,,,,
1994-03-31,46,60,26,,,
1994-04-01,57,70,44,0.00,,
1994-04-02,48,,,0.20,,
1994-04-03,41,44,,0.79,,
1994-04-04,41,50,33,0.20,,
1994-04-05,44,52,36,0.00,,
1994-04-06,41,47,30,0.52,,
1994-04-07,44,50,,0.55,,
1994-04-08,37,47,,,,
1994-04-09,40,55,26,,,
1994-04-10,45,55,34,0.00,,
1994-04-11,51,59,43,0.00,,
1994-04-12,52,61,45,,,
1994-04-13,51,58,,1.02,,
1994-04-14,47,54,40,0.00,,
1994-04-15,48,56,42,0.00,,
1994-04-16,42,47,,0.00,,
1994-04-17,47,60,28,,,
1994-04-18,41,,,0.35,,
1994-04-19,37,,,,,
1994-04-20,42,52,27,0.00,,
1994-04-21,47,62,31,0.00,,
1994-04-22,52,65,36,0.00,,
1994-04-23,50,63,35,0.00,,
1994-04-24,47,52,37,,,
1994-04-25,49,55,44,0.24,,
1994-04-26,52,57,46,0.08,,
1994-04-27,53,58,50,0.12,,
1994-04-28,56,68,45,0.00,,
1994-04-29,57,70,40,0.00,,
1994-04-30,60,67,51,0.00,,
1994-05-01,49,,,0.32,,
1994-05-02,42,52,31,3.23,,
1994-05-03,41,51,31,0.00,,
1994-05-04,42,54,27,0.00,,
1994-05-05,47,59,27,0.00,,
1994-05-06,52,63,31,0.00,,
1994-05-07,50,62,33,0.00,,
1994-05-08,56,67,39,0.00,,
1994-05-09,50,61,40,0.00,,
1994-05-10,50,65,40,,,
1994-05-11,52,61,40,,,
1994-05-12,55,67,42,,,
1994-05-13,55,70,38,,,
1994-05-14,57,70,40,0.00,,
1994-05-15,59,73,44,0.24,,
1994-05-16,58,66,52,,,
1994-05-17,59,71,42,0.00,,
1994-05-18,66,,54,1.18,,
1994-05-19,62,73,55,0.00,,
1994-05-20,59,68,51,,,
1994-05-21,48,,,,,
1994-05-22,47,53,42,,,
1994-05-23,56,68,46,,,
1994-05-24,57,64,,,,
1994-05-25,56,67,44,0.00,,
1994-05-26,60,70,48,,,
1994-05-27,51,,,0.98,,
1994-05-28,47,58,36,0.00,,
1994-05-29,49,61,35,,,
1994-05-30,46,54,38,,,
1994-05-31,48,58,41,0.13,,
1994-06-01,52,62,43,,,
1994-06-02,57,67,41,0.00,,
1994-06-03,59,70,,0.63,,
1994-06-04,58,68,51,,,
1994-06-05,57,65,44,,,
1994-06-06,55,,,1.97,,
1994-06-07,55,65,45,0.00,,
1994-06-08,60,70,,,,
1994-06-09,63,76,,0.00,,
1994-06-10,53,58,47,0.08,,
1994-06-11,60,70,50,0.00,,
1994-06-12,60,68,49,,,
1994-06-13,55,63,44,,,
1994-06-14,57,67,42,0.00,,
1994-06-15,57,63,34,0.00,,
1994-06-16,50,61,42,,,
1994-06-17,50,57,41,,,
1994-06-18,52,62,38,,,
1994-06-19,54,,49,0.12,,
1994-06-20,57,62,,,,
1994-06-21,58,71,44,0.00,,
1994-06-22,61,72,,,,
1994-06-23,56,61,,0.12,,
1994-06-24,54,60,47,,,
1994-06-25,59,71,48,0.00,,
1994-06-26,65,81,43,0.00,,
1994-06-27,70,81,53,0.00,,
1994-06-28,67,79,52,0.00,,
1994-06-29,69,82,52,0.00,,
1994-06-30,66,80,53,,,
1994-07-01,60,,48,0.00,,
1994-07-02,60,71,47,0.00,,
1994-07-03,60,74,45,0.00,,
1994-07-04,66,78,49,0.00,,
1994-07-05,64,74,49,0.00,,
1994-07-06,60,74,45,,,
1994-07-07,62,,45,,,
1994-07-08,60,76,51,,,
1994-07-09,57,67,45,0.08,,
1994-07-10,67,81,49,,,
1994-07-11,70,83,53,,,
1994-07-12,69,87,53,0.00,,
1994-07-13,74,,56,0.00,,
1994-07-14,74,87,60,0.00,,
1994-07-15,73,87,54,0.00,,
1994-07-16,74,89,53,0.00,,
1994-07-17,71,80,51,0.00,,
1994-07-18,65,,,0.00,,
1994-07-19,62,71,51,0.00,,
1994-07-20,61,75,49,0.00,,
1994-07-21,66,81,45,0.00,,
1994-07-22,65,,51,,,
1994-07-23,68,83,51,0.00,,
1994-07-24,70,85,51,0.00,,
1994-07-25,71,87,52,0.00,,
1994-07-26,73,89,55,0.00,,
1994-07-27,77,91,55,0.00,,
1994-07-28,75,93,56,0.00,,
1994-07-29,76,94,56,0.00,,
1994-07-30,77,94,,0.00,,
1994-07-31,78,96,58,0.00,,
1994-08-01,76,95,58,0.00,,
1994-08-02,78,92,61,0.00,,
1994-08-03,71,81,61,,,
1994-08-04,74,,60,0.00,,
1994-08-05,75,90,57,0.00,,
1994-08-06,76,92,56,0.00,,
1994-08-07,74,,63,0.00,,
1994-08-08,64,69,56,,,
1994-08-09,65,76,54,,,
1994-08-10,68,78,60,,,
1994-08-11,65,78,49,0.00,,
1994-08-12,64,75,50,0.00,,
1994-08-13,62,73,53,,,
1994-08-14,58,64,,,,
1994-08-15,53,60,45,,,
1994-08-16,62,73,52,,,
1994-08-17,59,71,50,0.00,,
1994-08-18,58,71,49,,,
1994-08-19,55,60,52,0.12,,
1994-08-20,55,63,50,0.20,,
1994-08-21,58,65,51,0.28,,
1994-08-22,56,67,44,0.00,,
1994-08-23,57,,41,0.00,,
1994-08-24,60,72,49,0.00,,
1994-08-25,60,,,0.00,,
1994-08-26,60,72,52,0.00,,
1994-08-27,62,75,44,0.00,,
1994-08-28,65,71,51,0.00,,
1994-08-29,58,69,49,,,
1994-08-30,57,67,48,0.00,,
1994-08-31,56,70,43,0.00,,
1994-09-01,61,73,43,0.00,,
1994-09-02,60,64,,,,
1994-09-03,65,78,51,0.00,,
1994-09-04,60,67,52,0.35,,
1994-09-05,61,72,45,0.00,,
1994-09-06,59,67,,0.08,,
1994-09-07,52,57,43,,,
1994-09-08,59,68,51,0.00,,
1994-09-09,65,80,56,,,
1994-09-10,57,68,45,0.63,,
1994-09-11,55,62,47,0.00,,
1994-09-12,58,70,,0.00,,
1994-09-13,64,75,57,0.12,,
1994-09-14,63,68,55,2.80,,
1994-09-15,69,81,62,0.00,,
1994-09-16,59,67,,0.00,,
1994-09-17,54,65,44,0.05,,
1994-09-18,52,60,,,,
1994-09-19,51,63,36,0.00,,
1994-09-20,51,,43,,,
1994-09-21,57,64,50,0.03,,
1994-09-22,54,55,51,0.24,,
1994-09-23,55,61,,,,
1994-09-24,56,67,37,,,
1994-09-25,55,69,39,0.00,,
1994-09-26,58,67,,0.00,,
1994-09-27,54,59,45,0.00,,
1994-09-28,53,58,,,,
1994-09-29,51,61,40,0.00,,
1994-09-30,53,59,48,,,
1994-10-01,53,59,,,,
1994-10-02,41,50,32,0.00,,
1994-10-03,52,63,33,0.00,,
1994-10-04,44,,,,,
1994-10-05,37,47,27,,,
1994-10-06,33,38,26,0.00,,
1994-10-07,39,51,28,,,
1994-10-08,47,54,42,0.00,,
1994-10-09,47,53,,1.22,,
1994-10-10,42,,38,0.79,,
1994-10-11,47,53,43,,,
1994-10-12,46,55,36,0.00,,
1994-10-13,48,55,43,0.00,,
1994-10-14,48,53,,,,
1994-10-15,48,59,42,0.00,,
1994-10-16,47,52,,,,
1994-10-17,36,42,,0.12,,
1994-10-18,33,42,25,,,
1994-10-19,31,44,22,0.00,,
1994-10-20,29,41,19,0.00,,
1994-10-21,32,42,24,0.00,,
1994-10-22,35,45,26,0.00,,
1994-10-23,40,48,32,0.00,,
1994-10-24,43,,34,0.00,,
1994-10-25,45,48,43,,,
1994-10-26,45,52,,0.32,,
1994-10-27,44,47,37,,,
1994-10-28,44,52,36,0.00,,
1994-10-29,41,47,,0.00,,
1994-10-30,40,,29,,,
1994-10-31,51,56,42,0.41,,
1994-11-01,54,59,,,,
1994-11-02,45,48,42,,,
1994-11-03,40,47,,0.00,,
1994-11-04,31,40,22,0.00,,
1994-11-05,31,40,24,0.00,,
1994-11-06,32,41,26,0.00,,
1994-11-07,33,46,24,0.00,,
1994-11-08,36,45,24,,,
1994-11-09,41,42,39,0.04,,
1994-11-10,36,,,0.00,,
1994-11-11,30,32,,,,
1994-11-12,23,30,,0.00,,
1994-11-13,19,30,10,0.00,,
1994-11-14,21,,9,0.00,,
1994-11-15,43,48,29,0.59,,
1994-11-16,44,47,41,0.01,,
1994-11-17,41,44,,0.06,,
1994-11-18,38,40,35,,,
1994-11-19,35,38,,0.02,,
1994-11-20,31,,19,,,
1994-11-21,45,49,36,0.37,,
1994-11-22,40,43,35,,,
1994-11-23,39,40,,0.00,,
1994-11-24,38,45,32,,,
1994-11-25,37,,,0.12,,
1994-11-26,30,,,0.00,,
1994-11-27,29,34,16,,,
1994-11-28,38,44,32,0.00,,
1994-11-29,40,42,,,,
1994-11-30,33,36,,,,
1994-12-01,25,31,,,,
1994-12-02,26,31,15,0.00,,
1994-12-03,30,32,,0.00,,
1994-12-04,27,,24,,,
1994-12-05,34,36,29,0.08,,
1994-12-06,40,42,35,0.33,,
1994-12-07,36,,33,0.01,,
1994-12-08,31,33,28,0.00,,
1994-12-09,35,,32,,,
1994-12-10,39,41,,,,
1994-12-11,38,,33,0.45,,
1994-12-12,49,52,44,0.35,,
1994-12-13,40,,,0.31,,
1994-12-14,35,,,0.21,,
1994-12-15,32,34,29,0.04,,
1994-12-16,30,33,29,0.01,,
1994-12-17,30,31,27,0.08,,0.8
1994-12-18,28,29,26,,,0.8
1994-12-19,24,25,22,0.00,,0.8
1994-12-20,20,22,18,,,0.8
1994-12-21,19,22,15,0.00,,0.8
1994-12-22,20,24,,,,0.8
1994-12-23,20,25,15,0.00,,0.8
1994-12-24,19,27,,0.00,,0.8
1994-12-25,16,18,11,0.00,,0.8
1994-12-26,18,,15,0.00,,0.8
1994-12-27,31,,20,0.01,,0.8
1994-12-28,35,38,,,,
1994-12-29,43,49,30,0.06,,
1994-12-30,42,45,,0.04,,
1994-12-31,37,,36,,,
1995-01-01,35,,,0.06,,
1995-01-02,31,32,30,0.00,,
1995-01-03,28,32,,0.12,,2.8
1995-01-04,20,24,,0.00,,2.8
1995-01-05,8,18,2,0.00,,2.8
1995-01-06,17,,5,,,2.8
1995-01-07,24,27,21,,,2.8
1995-01-08,25,27,24,0.00,,2.4
1995-01-09,27,28,26,,,2.0
1995-01-10,28,,25,0.12,,1.6
1995-01-11,30,,,0.04,,3.9
1995-01-12,27,28,24,0.01,,4.3
1995-01-13,26,29,24,0.01,,4.3
1995-01-14,22,26,,,,4.7
1995-01-15,24,,15,,,3.9
1995-01-16,31,34,,,,4.3
1995-01-17,20,,14,0.00,,3.9
1995-01-18,18,22,,,,3.5
1995-01-19,14,21,7,,,3.9
1995-01-20,17,20,,,,3.9
1995-01-21,12,,6,0.00,,3.9
1995-01-22,21,27,16,0.00,,3.9
1995-01-23,35,40,24,0.20,,3.5
1995-01-24,36,39,34,0.00,,1.6
1995-01-25,36,38,34,0.02,,0.8
1995-01-26,35,44,32,0.01,,0.8
1995-01-27,38,44,,0.04,,
1995-01-28,33,,29,,,
1995-01-29,39,,32,0.20,,
1995-01-30,38,42,,0.31,,
1995-01-31,28,,,0.00,,
1995-02-01,29,37,14,,,
1995-02-02,39,41,,0.10,,
1995-02-03,31,36,,,,
1995-02-04,32,36,28,,,
1995-02-05,36,38,34,0.08,,
1995-02-06,35,39,30,,,
1995-02-07,42,47,,0.31,,
1995-02-08,32,36,,,,
1995-02-09,29,33,,0.02,,0.8
1995-02-10,28,,24,,,1.2
1995-02-11,27,,17,,,0.8
1995-02-12,37,42,,0.12,,0.8
1995-02-13,40,49,36,0.00,,
1995-02-14,41,51,34,0.00,,
1995-02-15,42,47,39,,,
1995-02-16,43,47,,0.16,,
1995-02-17,40,48,35,,,
1995-02-18,39,46,,,,
1995-02-19,36,44,,0.00,,
1995-02-20,38,45,33,0.51,,
1995-02-21,39,42,37,,,
1995-02-22,40,,,0.12,,
1995-02-23,38,46,28,0.00,,
1995-02-24,37,43,,,,
1995-02-25,33,37,29,,,
1995-02-26,32,36,29,,,
1995-02-27,32,37,29,,,
1995-02-28,35,,29,,,
1995-03-01,45,48,41,0.01,,
1995-03-02,45,53,40,0.02,,
1995-03-03,40,47,29,,,
1995-03-04,42,48,,,,
1995-03-05,41,50,33,,,
1995-03-06,42,53,37,0.02,,
1995-03-07,39,41,,0.20,,
1995-03-08,34,36,33,0.20,,
1995-03-09,34,40,,,,
1995-03-10,32,42,22,0.00,,
1995-03-11,34,38,30,,,
1995-03-12,36,,,0.02,,
1995-03-13,26,,,0.00,,
1995-03-14,22,27,16,0.00,,
1995-03-15,28,33,23,0.00,,
1995-03-16,31,36,27,0.00,,0.4
1995-03-17,36,43,30,0.00,,
1995-03-18,40,51,34,0.18,,
1995-03-19,40,48,32,0.06,,
1995-03-20,37,45,33,,,
1995-03-21,36,41,34,0.05,,
1995-03-22,36,41,32,0.00,,
1995-03-23,35,38,33,0.02,,
1995-03-24,41,49,36,0.01,,
1995-03-25,42,50,,,,
1995-03-26,34,40,,0.08,,
1995-03-27,36,45,31,0.28,,
1995-03-28,28,33,26,0.01,,0.4
1995-03-29,30,38,,,,0.4
1995-03-30,30,38,18,,,0.4
1995-03-31,32,43,26,0.00,,
1995-04-01,31,38,20,,,
1995-04-02,38,44,32,,,
1995-04-03,40,47,35,0.18,,
1995-04-04,40,45,,0.24,,
1995-04-05,36,47,,0.00,,
1995-04-06,39,46,28,0.12,,
1995-04-07,40,44,38,0.16,,
1995-04-08,36,40,,0.51,,
1995-04-09,34,42,,0.12,,
1995-04-10,32,39,,0.04,,
1995-04-11,34,45,21,,,
1995-04-12,33,34,33,0.28,,
1995-04-13,39,49,32,,,0.8
1995-04-14,48,59,,,,
1995-04-15,46,61,30,0.00,,
1995-04-16,44,57,31,0.00,,
1995-04-17,38,45,31,,,
1995-04-18,42,51,30,0.00,,
1995-04-19,51,62,42,0.00,,
1995-04-20,57,72,39,0.00,,
1995-04-21,52,67,41,0.00,,
1995-04-22,62,76,45,0.00,,
1995-04-23,62,76,47,0.00,,
1995-04-24,60,74,47,,,
1995-04-25,61,,45,0.00,,
1995-04-26,59,73,44,0.00,,
1995-04-27,56,67,47,0.20,,
1995-04-28,48,59,40,0.08,,
1995-04-29,41,44,,,,
1995-04-30,44,55,30,0.00,,
1995-05-01,42,49,34,0.00,,
1995-05-02,38,47,27,0.00,,
1995-05-03,43,55,25,0.00,,
1995-05-04,51,63,45,,,
1995-05-05,52,63,42,0.00,,
1995-05-06,52,62,42,,,
1995-05-07,49,58,42,0.16,,
1995-05-08,47,56,42,,,
1995-05-09,48,58,43,0.20,,
1995-05-10,44,53,,,,
1995-05-11,44,54,32,,,
1995-05-12,52,64,31,0.00,,
1995-05-13,55,60,,0.14,,
1995-05-14,47,59,,,,
1995-05-15,44,53,,,,
1995-05-16,47,59,28,0.00,,
1995-05-17,57,69,40,0.00,,
1995-05-18,60,70,53,,,
1995-05-19,59,69,,0.16,,
1995-05-20,48,52,45,0.08,,
1995-05-21,52,62,48,0.02,,
1995-05-22,49,58,,0.00,,
1995-05-23,51,64,32,0.00,,
1995-05-24,59,69,47,,,
1995-05-25,60,66,56,0.67,,
1995-05-26,59,67,,0.00,,
1995-05-27,67,79,47,0.00,,
1995-05-28,69,81,53,0.00,,
1995-05-29,70,85,53,,,
1995-05-30,67,82,57,,,
1995-05-31,68,80,54,0.00,,
1995-06-01,70,82,56,0.00,,
1995-06-02,73,83,58,0.00,,
1995-06-03,64,75,,0.02,,
1995-06-04,57,61,50,0.04,,
1995-06-05,61,71,52,,,
1995-06-06,62,73,45,0.00,,
1995-06-07,62,72,47,,,
1995-06-08,67,78,54,,,
1995-06-09,70,81,54,0.00,,
1995-06-10,66,76,59,,,
1995-06-11,70,81,57,0.00,,
1995-06-12,67,77,58,,,
1995-06-13,71,80,59,0.28,,
1995-06-14,62,67,,0.63,,
1995-06-15,61,69,55,0.00,,
1995-06-16,63,72,54,,,
1995-06-17,59,71,51,,,
1995-06-18,59,68,51,,,
1995-06-19,60,67,52,0.00,,
1995-06-20,60,71,43,0.00,,
1995-06-21,56,66,47,0.01,,
1995-06-22,54,61,,0.79,,
1995-06-23,52,58,48,0.79,,
1995-06-24,55,60,51,0.16,,
1995-06-25,62,71,56,0.51,,
1995-06-26,65,72,56,0.02,,
1995-06-27,70,79,63,0.00,,
1995-06-28,62,71,54,0.00,,
1995-06-29,64,76,49,0.00,,
1995-06-30,66,75,55,0.00,,
1995-07-01,63,78,,,,
1995-07-02,57,68,45,0.00,,
1995-07-03,64,79,46,,,
1995-07-04,64,74,,0.20,,
1995-07-05,58,65,50,0.00,,
1995-07-06,55,67,40,0.00,,
1995-07-07,63,77,48,,,
1995-07-08,68,83,53,0.00,,
1995-07-09,74,87,58,0.00,,
1995-07-10,70,83,59,,,
1995-07-11,65,74,,,,
1995-07-12,63,74,49,0.00,,
1995-07-13,66,79,50,0.00,,
1995-07-14,71,85,52,0.00,,
1995-07-15,72,85,61,,,
1995-07-16,71,82,60,,,
1995-07-17,67,75,,,,
1995-07-18,64,76,54,,,
1995-07-19,63,72,56,0.28,,
1995-07-20,64,74,53,0.00,,
1995-07-21,67,81,51,0.00,,
1995-07-22,76,87,60,0.00,,
1995-07-23,61,,,,,
1995-07-24,58,68,44,0.00,,
1995-07-25,60,75,46,,,
1995-07-26,61,70,52,0.00,,
1995-07-27,62,75,48,0.00,,
1995-07-28,65,77,48,0.00,,
1995-07-29,69,81,52,0.00,,
1995-07-30,70,82,51,0.00,,
1995-07-31,68,81,,0.00,,
1995-08-01,65,72,57,0.00,,
1995-08-02,63,74,55,,,
1995-08-03,64,77,54,0.00,,
1995-08-04,66,78,49,,,
1995-08-05,63,72,,0.00,,
1995-08-06,61,75,44,0.00,,
1995-08-07,65,80,44,0.00,,
1995-08-08,63,71,,0.00,,
1995-08-09,56,69,43,0.00,,
1995-08-10,59,75,38,0.00,,
1995-08-11,62,69,,,,
1995-08-12,58,70,47,0.00,,
1995-08-13,63,80,44,0.00,,
1995-08-14,69,85,45,0.00,,
1995-08-15,61,,,0.43,,
1995-08-16,60,67,,0.02,,
1995-08-17,64,76,52,0.00,,
1995-08-18,67,81,51,0.00,,
1995-08-19,68,83,51,0.00,,
1995-08-20,70,,53,,,
1995-08-21,69,,58,0.00,,
1995-08-22,62,77,46,0.00,,
1995-08-23,65,83,44,0.00,,
1995-08-24,70,88,52,0.00,,
1995-08-25,67,76,,0.00,,
1995-08-26,64,76,51,,,
1995-08-27,58,68,,0.00,,
1995-08-28,56,68,41,,,
1995-08-29,56,61,,0.75,,
1995-08-30,53,,50,,,
1995-08-31,52,56,50,0.55,,
1995-09-01,53,60,44,0.28,,
1995-09-02,56,60,52,0.35,,
1995-09-03,54,,53,1.89,,
1995-09-04,59,69,53,0.16,,
1995-09-05,56,60,,0.35,,
1995-09-06,57,62,53,,,
1995-09-07,59,68,,,,
1995-09-08,59,71,47,0.00,,
1995-09-09,61,65,56,,,
1995-09-10,58,65,,0.00,,
1995-09-11,59,69,47,,,
1995-09-12,63,74,53,,,
1995-09-13,60,71,52,,,
1995-09-14,65,77,54,,,
1995-09-15,67,77,57,,,
1995-09-16,56,,,0.08,,
1995-09-17,47,53,44,0.20,,
1995-09-18,45,56,35,0.00,,
1995-09-19,44,60,31,0.00,,
1995-09-20,49,59,33,,,
1995-09-21,51,55,48,0.43,,
1995-09-22,48,59,,,,
1995-09-23,48,60,34,0.00,,
1995-09-24,54,64,44,0.00,,
1995-09-25,55,66,46,0.00,,
1995-09-26,55,66,45,0.00,,
1995-09-27,53,,51,0.35,,
1995-09-28,50,54,,0.12,,
1995-09-29,45,54,,,,
1995-09-30,40,45,31,0.00,,
1995-10-01,44,49,36,0.00,,
1995-10-02,45,50,38,,,
1995-10-03,48,60,,0.00,,
1995-10-04,50,62,39,0.00,,
1995-10-05,54,65,43,0.00,,
1995-10-06,55,68,44,0.00,,
1995-10-07,56,67,48,0.00,,
1995-10-08,59,64,53,,,
1995-10-09,60,68,57,0.00,,
1995-10-10,59,72,50,0.00,,
1995-10-11,56,74,45,0.00,,
1995-10-12,55,74,40,0.00,,
1995-10-13,52,55,42,,,
1995-10-14,55,58,52,,,
1995-10-15,52,60,45,0.00,,
1995-10-16,47,57,42,0.00,,
1995-10-17,47,60,37,0.00,,
1995-10-18,50,59,41,,,
1995-10-19,51,55,47,0.00,,
1995-10-20,49,55,,0.08,,
1995-10-21,42,51,,,,
1995-10-22,37,48,,0.00,,
1995-10-23,36,49,25,0.00,,
1995-10-24,38,53,28,0.00,,
1995-10-25,35,54,23,0.00,,
1995-10-26,36,54,23,0.00,,
1995-10-27,40,56,25,0.00,,
1995-10-28,42,47,35,,,
1995-10-29,42,45,40,0.00,,
1995-10-30,42,48,,0.00,,
1995-10-31,42,46,37,0.00,,
1995-11-01,42,45,39,0.67,,
1995-11-02,35,,,0.06,,
1995-11-03,32,35,,0.08,,
1995-11-04,30,33,27,0.00,,
1995-11-05,30,33,24,,,
1995-11-06,29,,19,,,
1995-11-07,33,,30,0.14,,
1995-11-08,28,29,,,,
1995-11-09,24,33,20,0.00,,
1995-11-10,25,36,11,0.00,,
1995-11-11,37,42,32,,,
1995-11-12,32,36,30,,,
1995-11-13,35,42,31,0.00,,
1995-11-14,31,38,24,0.00,,
1995-11-15,37,41,31,,,
1995-11-16,42,45,38,,,
1995-11-17,43,50,,0.20,,
1995-11-18,30,32,27,0.02,,
1995-11-19,30,32,24,0.02,,
1995-11-20,27,,,,,0.8
1995-11-21,23,26,14,0.00,,0.8
1995-11-22,23,23,22,0.00,,0.8
1995-11-23,20,21,18,0.00,,0.8
1995-11-24,28,32,18,,,0.8
1995-11-25,33,36,,0.00,,0.4
1995-11-26,26,33,23,0.00,,
1995-11-27,26,31,18,0.00,,
1995-11-28,29,33,25,,,
1995-11-29,24,,,0.00,,
1995-11-30,25,28,22,,,
1995-12-01,29,32,26,0.00,,
1995-12-02,28,29,25,0.00,,
1995-12-03,28,31,,0.00,,
1995-12-04,20,,,0.00,,
1995-12-05,14,17,11,0.00,,
1995-12-06,15,18,11,0.00,,
1995-12-07,17,23,11,,,
1995-12-08,19,29,13,0.00,,
1995-12-09,24,27,16,0.00,,
1995-12-10,22,,13,,,
1995-12-11,33,34,28,0.12,,0.8
1995-12-12,29,32,,0.04,,1.2
1995-12-13,22,23,21,0.00,,1.2
1995-12-14,22,26,,0.00,,1.2
1995-12-15,19,25,6,,,1.2
1995-12-16,27,29,24,0.02,,1.2
1995-12-17,25,,,0.00,,1.6
1995-12-18,26,,21,,,1.6
1995-12-19,29,30,27,0.04,,1.6
1995-12-20,27,30,,0.08,,2.0
1995-12-21,20,25,15,,,2.0
1995-12-22,12,,,0.00,,2.0
1995-12-23,30,39,13,0.24,,5.1
1995-12-24,30,,,0.12,,
1995-12-25,15,23,6,,,
1995-12-26,22,27,,0.12,,2.0
1995-12-27,2,12,-4,0.00,,2.4
1995-12-28,2,14,,0.00,,2.0
1995-12-29,2,,-8,0.00,,2.0
1995-12-30,5,14,-3,0.00,,1.6
1995-12-31,7,13,0,,,1.2
1996-01-01,10,,3,,,1.2
1996-01-02,20,,16,0.02,,1.6
1996-01-03,21,23,19,0.10,,3.1
1996-01-04,21,23,19,0.00,,3.5
1996-01-05,23,25,21,0.00,,3.5
1996-01-06,23,26,,,,3.5
1996-01-07,15,18,12,0.00,,3.5
1996-01-08,21,,15,,,3.5
1996-01-09,24,,19,0.12,,3.5
1996-01-10,29,,26,,,3.1
1996-01-11,33,35,31,,,3.1
1996-01-12,34,36,,0.00,,3.1
1996-01-13,31,32,30,0.00,,2.4
1996-01-14,23,,,,,1.6
1996-01-15,11,19,,0.00,,1.6
1996-01-16,12,25,0,0.00,,1.6
1996-01-17,15,25,6,0.00,,1.6
1996-01-18,23,26,13,0.04,,2.0
1996-01-19,17,,14,0.00,,2.0
1996-01-20,20,24,10,0.00,,2.0
1996-01-21,20,22,,,,2.0
1996-01-22,16,22,,0.02,,2.8
1996-01-23,8,16,-4,,,3.5
1996-01-24,6,10,0,0.00,,3.5
1996-01-25,2,9,-3,,,3.5
1996-01-26,0,9,,,,3.5
1996-01-27,0,13,-11,0.00,,3.5
1996-01-28,8,23,-8,0.00,,3.5
1996-01-29,20,28,-2,,,3.1
1996-01-30,27,31,,,,3.1
1996-01-31,25,31,,,,3.1
1996-02-01,19,28,6,0.00,,3.1
1996-02-02,17,25,12,0.00,,3.1
1996-02-03,15,18,8,,,2.8
1996-02-04,18,,12,0.04,,4.3
1996-02-05,18,23,,,,4.3
1996-02-06,12,23,0,,,4.3
1996-02-07,8,17,-2,0.00,,4.3
1996-02-08,4,12,-5,,,4.7
1996-02-09,4,16,-7,0.00,,4.3
1996-02-10,5,15,-3,0.00,,4.3
1996-02-11,7,,2,,,4.3
1996-02-12,17,22,10,0.04,,4.7
1996-02-13,19,21,17,0.00,,5.5
1996-02-14,19,22,17,0.01,,5.9
1996-02-15,20,,17,0.00,,6.7
1996-02-16,29,35,20,0.14,,8.7
1996-02-17,33,36,,0.12,,9.1
1996-02-18,24,29,14,,,8.3
1996-02-19,31,34,23,0.16,,9.4
1996-02-20,31,35,27,,,9.8
1996-02-21,32,,,,,9.8
1996-02-22,30,,,0.43,,11.8
1996-02-23,27,30,,0.12,,14.6
1996-02-24,24,27,17,0.04,,15.4
1996-02-25,24,27,,0.24,,18.5
1996-02-26,27,34,13,,,19.7
1996-02-27,22,29,15,0.00,,18.1
1996-02-28,14,25,0,0.00,,17.3
1996-02-29,15,26,-1,0.00,,16.9
1996-03-01,26,,20,,,17.7
1996-03-02,23,,,0.04,,18.5
1996-03-03,19,22,15,0.01,,18.1
1996-03-04,19,24,13,0.00,,18.9
1996-03-05,25,31,17,0.04,,18.9
1996-03-06,29,32,26,0.00,,20.5
1996-03-07,24,31,,,,19.3
1996-03-08,20,31,6,0.00,,18.5
1996-03-09,20,31,0,0.00,,17.3
1996-03-10,26,33,,0.00,,16.9
1996-03-11,22,,15,,,16.1
1996-03-12,24,28,,0.04,,16.9
1996-03-13,26,29,21,0.00,,16.9
1996-03-14,27,,23,0.08,,16.5
1996-03-15,30,32,28,0.20,,19.3
1996-03-16,30,32,28,,,19.3
1996-03-17,27,36,19,0.00,,18.9
1996-03-18,26,39,13,0.00,,17.7
1996-03-19,24,39,12,0.00,,16.9
1996-03-20,24,36,11,0.00,,16.1
1996-03-21,30,37,19,,,11.8
1996-03-22,31,38,22,0.00,,13.8
1996-03-23,31,38,,0.00,,12.6
1996-03-24,29,,18,,,11.8
1996-03-25,32,41,24,0.00,,11.4
1996-03-26,30,41,18,0.00,,11.0
1996-03-27,32,36,,0.14,,11.0
1996-03-28,28,39,13,0.00,,11.4
1996-03-29,30,38,15,,,11.0
1996-03-30,33,42,23,0.00,,10.6
1996-03-31,32,36,28,0.16,,8.7
1996-04-01,30,32,28,0.51,,10.2
1996-04-02,33,40,26,0.00,,18.1
1996-04-03,35,40,31,,,11.8
1996-04-04,38,45,34,,,11.0
1996-04-05,43,52,35,0.00,,9.4
1996-04-06,41,53,32,0.00,,7.1
1996-04-07,41,53,27,0.00,,4.3
1996-04-08,42,53,30,0.00,,
1996-04-09,40,52,28,,,
1996-04-10,40,53,24,0.00,,
1996-04-11,42,54,29,0.00,,
1996-04-12,32,,,0.35,,
1996-04-13,31,38,27,0.28,,7.1
1996-04-14,32,34,27,0.51,,5.1
1996-04-15,41,49,32,,,5.5
1996-04-16,44,55,32,0.00,,2.0
1996-04-17,45,56,28,0.00,,
1996-04-18,44,59,30,0.00,,
1996-04-19,47,64,29,0.00,,
1996-04-20,53,69,29,0.00,,
1996-04-21,55,72,33,0.00,,
1996-04-22,62,,38,,,
1996-04-23,59,76,39,0.00,,
1996-04-24,63,78,41,0.00,,
1996-04-25,53,60,,0.00,,
1996-04-26,52,64,35,,,
1996-04-27,45,52,,,,
1996-04-28,50,64,29,0.00,,
1996-04-29,53,60,,,,
1996-04-30,45,47,,,,
1996-05-01,52,65,40,0.79,,
1996-05-02,63,76,49,,,
1996-05-03,62,76,49,0.00,,
1996-05-04,56,69,47,,,
1996-05-05,48,54,,,,
1996-05-06,48,57,31,0.00,,
1996-05-07,55,65,45,,,
1996-05-08,58,71,42,0.00,,
1996-05-09,64,80,54,0.02,,
1996-05-10,65,,51,,,
1996-05-11,66,83,52,0.00,,
1996-05-12,65,83,50,,,
1996-05-13,71,84,52,0.00,,
1996-05-14,71,80,60,0.00,,
1996-05-15,67,80,58,,,
1996-05-16,58,69,49,,,
1996-05-17,57,71,42,0.00,,
1996-05-18,65,74,55,,,
1996-05-19,65,75,54,,,
1996-05-20,64,71,55,1.42,,
1996-05-21,50,,,0.00,,
1996-05-22,51,63,41,0.00,,
1996-05-23,49,60,44,,,
1996-05-24,53,63,42,,,
1996-05-25,58,71,46,,,
1996-05-26,54,62,,0.51,,
1996-05-27,55,65,42,0.00,,
1996-05-28,56,59,,0.47,,
1996-05-29,53,62,,,,
1996-05-30,57,67,42,0.00,,
1996-05-31,58,69,45,0.00,,
1996-06-01,63,74,,0.00,,
1996-06-02,64,77,47,0.00,,
1996-06-03,64,79,47,0.00,,
1996-06-04,62,76,47,,,
1996-06-05,60,70,47,0.00,,
1996-06-06,60,74,43,0.00,,
1996-06-07,66,80,46,0.00,,
1996-06-08,69,83,52,0.00,,
1996-06-09,73,88,54,,,
1996-06-10,71,85,58,0.00,,
1996-06-11,66,77,55,0.00,,
1996-06-12,70,82,53,0.00,,
1996-06-13,58,,,0.01,,
1996-06-14,52,59,47,0.35,,
1996-06-15,52,63,43,,,
1996-06-16,54,62,46,0.00,,
1996-06-17,58,67,49,0.00,,
1996-06-18,63,76,44,0.00,,
1996-06-19,58,64,,,,
1996-06-20,54,62,49,0.04,,
1996-06-21,59,68,47,,,
1996-06-22,58,63,55,0.12,,
1996-06-23,57,67,,0.59,,
1996-06-24,53,62,,0.12,,
1996-06-25,56,63,47,,,
1996-06-26,56,67,42,,,
1996-06-27,57,67,42,0.00,,
1996-06-28,56,63,48,0.04,,
1996-06-29,58,68,51,0.00,,
1996-06-30,59,66,52,,,
1996-07-01,56,63,49,0.04,,
1996-07-02,56,67,49,0.51,,
1996-07-03,58,68,50,,,
1996-07-04,63,74,43,0.00,,
1996-07-05,70,78,58,,,
1996-07-06,68,78,,,,
1996-07-07,61,69,47,0.00,,
1996-07-08,65,76,56,0.30,,
1996-07-09,63,,,,,
1996-07-10,59,67,,0.00,,
1996-07-11,60,69,46,0.00,,
1996-07-12,59,65,56,0.20,,
1996-07-13,60,67,54,,,
1996-07-14,68,79,55,0.00,,
1996-07-15,64,72,56,0.00,,
1996-07-16,55,61,52,,,
1996-07-17,54,62,,0.04,,
1996-07-18,52,59,45,0.04,,
1996-07-19,54,61,48,0.05,,
1996-07-20,57,65,51,,,
1996-07-21,54,64,45,,,
1996-07-22,57,66,46,,,
1996-07-23,56,69,46,0.00,,
1996-07-24,58,72,40,0.00,,
1996-07-25,57,62,47,,,
1996-07-26,66,77,56,,,
1996-07-27,63,74,56,0.00,,
1996-07-28,64,78,47,0.00,,
1996-07-29,65,74,53,,,
1996-07-30,62,71,53,0.02,,
1996-07-31,64,73,,0.00,,
1996-08-01,65,76,52,,,
1996-08-02,68,83,54,,,
1996-08-03,63,69,57,0.12,,
1996-08-04,59,64,51,,,
1996-08-05,58,63,54,,,
1996-08-06,61,68,55,0.04,,
1996-08-07,61,74,53,0.31,,
1996-08-08,56,66,48,0.00,,
1996-08-09,55,70,44,0.00,,
1996-08-10,62,76,46,0.00,,
1996-08-11,63,76,50,0.00,,
1996-08-12,65,76,52,0.00,,
1996-08-13,66,77,55,,,
1996-08-14,61,67,59,0.28,,
1996-08-15,63,73,58,0.12,,
1996-08-16,62,73,51,,,
1996-08-17,66,79,,,,
1996-08-18,66,82,50,0.00,,
1996-08-19,67,,51,0.00,,
1996-08-20,67,82,52,0.00,,
1996-08-21,68,82,52,,,
1996-08-22,70,76,60,,,
1996-08-23,68,81,58,0.00,,
1996-08-24,67,80,53,0.00,,
1996-08-25,66,78,53,0.00,,
1996-08-26,63,69,53,0.00,,
1996-08-27,65,73,56,0.28,,
1996-08-28,64,76,54,,,
1996-08-29,65,76,54,0.00,,
1996-08-30,63,74,52,0.00,,
1996-08-31,63,78,48,0.00,,
1996-09-01,62,76,52,0.00,,
1996-09-02,64,79,50,0.00,,
1996-09-03,67,81,55,0.00,,
1996-09-04,62,72,54,0.00,,
1996-09-05,54,59,,0.35,,
1996-09-06,53,61,47,,,
1996-09-07,53,56,51,0.71,,
1996-09-08,52,54,50,0.04,,
1996-09-09,50,56,45,,,
1996-09-10,50,60,46,,,
1996-09-11,47,50,,0.33,,
1996-09-12,47,56,34,0.00,,
1996-09-13,49,53,,0.08,,
1996-09-14,51,,44,,,
1996-09-15,48,56,43,,,
1996-09-16,45,47,44,0.39,,
1996-09-17,48,55,43,,,
1996-09-18,44,49,38,0.00,,
1996-09-19,47,54,41,0.00,,
1996-09-20,44,49,34,0.00,,
1996-09-21,40,49,,0.00,,
1996-09-22,43,56,27,0.00,,
1996-09-23,45,58,32,0.00,,
1996-09-24,47,54,41,0.02,,
1996-09-25,44,45,41,0.02,,
1996-09-26,46,49,42,0.10,,
1996-09-27,47,51,45,,,
1996-09-28,46,58,40,0.00,,
1996-09-29,47,53,39,0.00,,
1996-09-30,53,,47,0.10,,
1996-10-01,60,69,51,0.00,,
1996-10-02,56,66,47,0.00,,
1996-10-03,47,56,,,,
1996-10-04,47,59,32,0.00,,
1996-10-05,47,61,37,0.00,,
1996-10-06,54,62,41,,,
1996-10-07,52,61,,0.00,,
1996-10-08,49,59,40,0.00,,
1996-10-09,49,62,35,0.00,,
1996-10-10,49,58,41,,,
1996-10-11,41,54,,0.00,,
1996-10-12,40,56,26,0.00,,
1996-10-13,47,62,38,0.00,,
1996-10-14,48,64,32,0.00,,
1996-10-15,49,64,35,0.00,,
1996-10-16,49,60,38,0.00,,
1996-10-17,52,61,46,,,
1996-10-18,50,56,,0.00,,
1996-10-19,51,54,42,0.31,,
1996-10-20,48,53,,0.49,,
1996-10-21,42,45,39,,,
1996-10-22,44,47,42,0.04,,
1996-10-23,45,47,42,,,
1996-10-24,44,49,40,,,
1996-10-25,36,39,31,,,
1996-10-26,39,43,35,0.00,,
1996-10-27,38,44,,0.00,,
1996-10-28,40,,29,,,
1996-10-29,48,51,44,0.05,,
1996-10-30,45,,,0.39,,
1996-10-31,42,47,36,0.35,,
1996-11-01,43,47,33,,,
1996-11-02,47,,45,0.08,,
1996-11-03,54,56,48,0.01,,
1996-11-04,54,57,,,,
1996-11-05,50,60,42,0.00,,
1996-11-06,48,51,44,,,
1996-11-07,49,56,47,,,
1996-11-08,43,,,,,
1996-11-09,35,39,33,0.00,,
1996-11-10,37,46,,,,
1996-11-11,39,43,28,0.00,,
1996-11-12,48,55,37,0.00,,
1996-11-13,49,58,45,,,
1996-11-14,44,,,,,
1996-11-15,39,40,37,,,
1996-11-16,43,49,39,0.00,,
1996-11-17,44,,38,0.09,,
1996-11-18,49,52,44,,,
1996-11-19,49,57,45,0.09,,
1996-11-20,46,54,34,0.00,,
1996-11-21,43,47,,,,
1996-11-22,37,40,34,,,
1996-11-23,33,41,,0.00,,
1996-11-24,33,34,27,0.06,,0.4
1996-11-25,33,,31,0.01,,
1996-11-26,32,33,,0.00,,
1996-11-27,32,,30,0.00,,
1996-11-28,30,,,,,2.0
1996-11-29,31,33,,0.00,,1.2
1996-11-30,33,33,27,,,0.8
1996-12-01,33,33,31,0.04,,0.4
1996-12-02,31,32,30,,,
1996-12-03,32,34,30,0.10,,1.6
1996-12-04,33,36,,,,
1996-12-05,32,,,,,
1996-12-06,35,37,30,0.01,,
1996-12-07,33,35,,0.02,,
1996-12-08,32,33,31,,,
1996-12-09,31,,,0.00,,
1996-12-10,28,29,28,0.00,,
1996-12-11,27,,,0.00,,
1996-12-12,27,28,25,0.00,,
1996-12-13,32,33,27,0.00,,
1996-12-14,27,,,0.12,,
1996-12-15,24,33,15,,,1.2
1996-12-16,25,29,22,,,2.8
1996-12-17,25,30,16,,,2.4
1996-12-18,30,33,28,0.00,,2.4
1996-12-19,24,34,,0.00,,1.6
1996-12-20,9,15,3,0.00,,1.6
1996-12-21,11,17,2,0.00,,1.6
1996-12-22,24,25,12,0.04,,2.8
1996-12-23,12,,5,,,2.8
1996-12-24,8,,0,,,2.8
1996-12-25,11,20,,0.14,,5.5
1996-12-26,-6,-1,,0.00,,7.1
1996-12-27,-12,1,-20,0.00,,6.3
1996-12-28,-4,5,-14,0.00,,6.3
1996-12-29,-1,4,,0.00,,6.3
1996-12-30,0,9,-11,0.00,,6.3
1996-12-31,1,6,,,,5.9
1997-01-01,-4,8,-10,,,5.5
1997-01-02,7,,-11,0.00,,5.5
1997-01-03,13,,,0.01,,5.5
1997-01-04,4,14,,,,5.9
1997-01-05,5,,-7,,,5.9
1997-01-06,21,23,16,0.00,,5.9
1997-01-07,22,23,20,,,5.9
1997-01-08,18,,,,,5.5
1997-01-09,14,17,10,0.00,,5.5
1997-01-10,12,18,,,,6.3
1997-01-11,3,9,,,,6.7
1997-01-12,10,15,-4,0.00,,6.7
1997-01-13,22,,10,,,6.3
1997-01-14,35,36,29,0.00,,5.9
1997-01-15,34,36,32,0.00,,2.4
1997-01-16,30,,,0.00,,2.0
1997-01-17,28,29,27,0.00,,1.6
1997-01-18,27,31,,0.00,,1.6
1997-01-19,32,34,26,,,1.6
1997-01-20,30,,29,0.00,,1.6
1997-01-21,31,,,,,1.6
1997-01-22,30,35,,0.00,,1.6
1997-01-23,29,,24,,,1.6
1997-01-24,34,37,,0.01,,
1997-01-25,27,33,,0.00,,
1997-01-26,20,29,11,0.00,,
1997-01-27,24,35,14,0.00,,
1997-01-28,27,34,21,,,
1997-01-29,32,,27,,,0.8
1997-01-30,32,,,0.00,,
1997-01-31,32,35,,,,
1997-02-01,27,30,,,,1.2
1997-02-02,21,29,,0.00,,0.8
1997-02-03,20,34,8,0.00,,0.8
1997-02-04,24,,15,,,
1997-02-05,32,37,29,0.04,,1.2
1997-02-06,32,34,29,,,0.8
1997-02-07,35,41,31,,,0.8
1997-02-08,38,43,34,,,
1997-02-09,36,39,,0.00,,
1997-02-10,40,44,33,,,
1997-02-11,39,43,35,0.02,,
1997-02-12,36,38,34,0.04,,
1997-02-13,38,44,33,0.22,,
1997-02-14,37,,,0.20,,
1997-02-15,30,,,0.20,,0.4
1997-02-16,22,27,,0.00,,0.4
1997-02-17,22,29,15,,,0.4
1997-02-18,21,29,6,0.00,,0.4
1997-02-19,27,,24,0.08,,0.4
1997-02-20,33,37,29,0.12,,1.6
1997-02-21,37,,33,0.16,,2.8
1997-02-22,38,44,35,0.12,,
1997-02-23,40,44,37,,,
1997-02-24,41,49,33,0.00,,
1997-02-25,46,54,40,,,
1997-02-26,46,52,,0.17,,
1997-02-27,36,43,,,,
1997-02-28,34,42,28,0.00,,
1997-03-01,39,46,35,,,
1997-03-02,42,51,33,0.00,,
1997-03-03,44,,39,0.02,,
1997-03-04,40,44,37,,,
1997-03-05,39,46,,,,
1997-03-06,37,46,25,,,
1997-03-07,40,49,,,,
1997-03-08,37,49,23,0.00,,
1997-03-09,43,53,,0.00,,
1997-03-10,39,56,25,0.00,,
1997-03-11,43,59,26,0.00,,
1997-03-12,38,44,33,0.00,,
1997-03-13,40,53,32,,,
1997-03-14,43,48,38,0.12,,
1997-03-15,37,42,31,0.20,,
1997-03-16,30,34,,0.08,,
1997-03-17,26,31,21,,,
1997-03-18,27,34,21,0.00,,0.4
1997-03-19,27,36,13,0.00,,
1997-03-20,29,34,21,0.00,,
1997-03-21,29,34,24,0.01,,0.4
1997-03-22,26,35,17,,,0.4
1997-03-23,27,36,16,0.00,,
1997-03-24,29,36,21,,,
1997-03-25,26,34,16,,,0.4
1997-03-26,27,37,13,0.00,,
1997-03-27,37,51,24,0.12,,
1997-03-28,36,43,30,,,
1997-03-29,36,42,,0.08,,
1997-03-30,35,45,27,,,
1997-03-31,37,44,24,,,
1997-04-01,49,61,37,0.00,,
1997-04-02,45,57,33,0.00,,
1997-04-03,44,57,26,0.00,,
1997-04-04,37,,33,0.24,,
1997-04-05,35,44,29,0.00,,
1997-04-06,32,35,30,0.10,,0.4
1997-04-07,32,37,28,0.00,,
1997-04-08,33,41,24,0.00,,
1997-04-09,33,42,27,,,
1997-04-10,41,49,31,0.10,,
1997-04-11,39,45,,0.16,,
1997-04-12,34,38,,0.08,,
1997-04-13,32,39,26,0.00,,
1997-04-14,38,49,30,,,
1997-04-15,36,46,31,,,
1997-04-16,32,35,27,,,
1997-04-17,43,58,33,,,
1997-04-18,42,50,,,,
1997-04-19,33,39,,0.12,,0.8
1997-04-20,32,43,24,,,
1997-04-21,34,44,25,0.00,,
1997-04-22,35,46,21,0.00,,
1997-04-23,38,48,26,0.00,,
1997-04-24,45,57,23,0.00,,
1997-04-25,48,55,,,,
1997-04-26,41,50,32,,,
1997-04-27,45,59,25,0.00,,
1997-04-28,54,70,38,,,
1997-04-29,59,70,48,0.00,,
1997-04-30,53,66,47,0.48,,
1997-05-01,50,58,45,0.00,,
1997-05-02,55,63,46,0.00,,
1997-05-03,53,63,,0.00,,
1997-05-04,46,60,30,0.00,,
1997-05-05,59,76,34,0.00,,
1997-05-06,61,72,,0.00,,
1997-05-07,56,69,,0.00,,
1997-05-08,48,57,35,,,
1997-05-09,49,53,,1.46,,
1997-05-10,53,65,42,0.00,,
1997-05-11,58,71,39,0.00,,
1997-05-12,64,77,49,0.00,,
1997-05-13,66,80,49,,,
1997-05-14,65,77,55,0.00,,
1997-05-15,67,83,53,0.00,,
1997-05-16,60,69,51,,,
1997-05-17,56,67,42,0.00,,
1997-05-18,58,72,41,0.00,,
1997-05-19,61,79,47,,,
1997-05-20,49,,42,0.12,,
1997-05-21,57,65,47,,,
1997-05-22,54,63,,,,
1997-05-23,48,58,,0.00,,
1997-05-24,47,57,35,0.00,,
1997-05-25,47,58,35,,,
1997-05-26,47,58,33,0.00,,
1997-05-27,49,63,32,,,
1997-05-28,52,61,39,,,
1997-05-29,50,60,38,0.00,,
1997-05-30,49,58,44,1.02,,
1997-05-31,52,64,47,0.39,,
1997-06-01,51,55,49,0.40,,
1997-06-02,52,56,47,0.04,,
1997-06-03,54,61,,0.18,,
1997-06-04,55,66,43,0.00,,
1997-06-05,55,70,38,0.00,,
1997-06-06,59,73,40,0.00,,
1997-06-07,60,73,46,,,
1997-06-08,64,76,49,0.00,,
1997-06-09,67,79,49,0.00,,
1997-06-10,64,72,56,,,
1997-06-11,62,70,54,0.00,,
1997-06-12,63,75,52,,,
1997-06-13,64,79,52,,,
1997-06-14,69,80,57,,,
1997-06-15,64,72,58,,,
1997-06-16,56,63,,0.08,,
1997-06-17,57,63,50,0.00,,
1997-06-18,56,67,48,,,
1997-06-19,54,62,44,,,
1997-06-20,57,66,39,0.00,,
1997-06-21,59,67,,0.00,,
1997-06-22,64,78,46,,,
1997-06-23,58,,,0.63,,
1997-06-24,57,65,50,,,
1997-06-25,56,66,,,,
1997-06-26,57,69,38,0.00,,
1997-06-27,65,77,47,0.00,,
1997-06-28,72,83,54,0.00,,
1997-06-29,74,,60,0.00,,
1997-06-30,73,87,60,0.00,,
1997-07-01,73,85,63,,,
1997-07-02,62,69,,,,
1997-07-03,65,77,50,0.00,,
1997-07-04,66,77,53,,,
1997-07-05,65,76,53,,,
1997-07-06,64,70,60,,,
1997-07-07,66,74,60,0.20,,
1997-07-08,66,71,62,1.18,,
1997-07-09,67,74,,,,
1997-07-10,59,67,51,0.00,,
1997-07-11,61,69,54,0.00,,
1997-07-12,60,71,52,0.00,,
1997-07-13,59,67,54,0.71,,
1997-07-14,60,68,51,0.00,,
1997-07-15,61,71,52,0.00,,
1997-07-16,61,72,47,,,
1997-07-17,60,72,46,0.00,,
1997-07-18,60,69,47,0.00,,
1997-07-19,59,64,47,,,
1997-07-20,63,68,58,0.63,,
1997-07-21,65,73,59,,,
1997-07-22,67,79,59,0.00,,
1997-07-23,67,80,54,,,
1997-07-24,65,74,59,0.24,,
1997-07-25,66,77,53,0.00,,
1997-07-26,65,76,54,,,
1997-07-27,65,75,,0.03,,
1997-07-28,65,74,,0.00,,
1997-07-29,62,75,46,0.00,,
1997-07-30,61,72,50,0.00,,
1997-07-31,62,76,46,0.00,,
1997-08-01,65,77,49,0.00,,
1997-08-02,66,77,58,,,
1997-08-03,70,80,63,0.00,,
1997-08-04,66,80,59,,,
1997-08-05,66,77,56,,,
1997-08-06,64,73,57,0.75,,
1997-08-07,67,80,,0.00,,
1997-08-08,65,81,53,0.00,,
1997-08-09,65,80,53,0.00,,
1997-08-10,68,79,52,0.00,,
1997-08-11,65,80,52,0.00,,
1997-08-12,67,79,54,0.00,,
1997-08-13,65,79,48,0.00,,
1997-08-14,68,81,59,0.00,,
1997-08-15,62,71,52,0.00,,
1997-08-16,57,69,,0.00,,
1997-08-17,59,73,39,0.00,,
1997-08-18,64,75,,0.00,,
1997-08-19,59,75,43,0.00,,
1997-08-20,62,77,45,0.00,,
1997-08-21,63,79,47,0.00,,
1997-08-22,63,80,46,0.00,,
1997-08-23,65,81,47,0.00,,
1997-08-24,65,81,49,0.00,,
1997-08-25,67,82,50,0.00,,
1997-08-26,69,83,55,0.00,,
1997-08-27,66,77,54,0.00,,
1997-08-28,63,73,,0.00,,
1997-08-29,62,76,50,0.00,,
1997-08-30,64,75,54,0.00,,
1997-08-31,68,78,52,,,
1997-09-01,63,70,57,,,
1997-09-02,61,74,49,0.00,,
1997-09-03,58,71,47,0.00,,
1997-09-04,55,69,41,0.00,,
1997-09-05,58,71,41,0.00,,
1997-09-06,62,70,52,,,
1997-09-07,63,70,59,,,
1997-09-08,59,63,55,,,
1997-09-09,55,62,,,,
1997-09-10,49,55,45,0.28,,
1997-09-11,55,64,47,0.00,,
1997-09-12,58,68,51,,,
1997-09-13,61,72,52,,,
1997-09-14,52,60,,,,
1997-09-15,50,61,41,0.00,,
1997-09-16,55,67,40,0.00,,
1997-09-17,58,72,42,0.00,,
1997-09-18,54,64,44,0.00,,
1997-09-19,48,61,,0.00,,
1997-09-20,44,57,35,,,
1997-09-21,49,59,28,0.00,,
1997-09-22,52,58,,,,
1997-09-23,52,56,,,,
1997-09-24,45,53,36,,,
1997-09-25,50,,43,,,
1997-09-26,54,63,49,,,
1997-09-27,47,54,40,,,
1997-09-28,47,55,37,,,
1997-09-29,50,55,43,0.02,,
1997-09-30,43,51,,0.00,,
1997-10-01,39,52,28,0.00,,
1997-10-02,46,53,38,0.43,,
1997-10-03,46,53,42,0.04,,
1997-10-04,47,,39,,,
1997-10-05,51,56,,0.31,,
1997-10-06,46,56,38,0.00,,
1997-10-07,52,65,38,0.00,,
1997-10-08,56,63,44,,,
1997-10-09,58,64,45,,,
1997-10-10,59,65,57,0.14,,
1997-10-11,51,,,0.43,,
1997-10-12,47,51,,,,
1997-10-13,42,51,32,0.00,,
1997-10-14,42,51,35,0.00,,
1997-10-15,40,43,34,0.24,,
1997-10-16,36,45,29,0.12,,
1997-10-17,36,44,31,0.00,,
1997-10-18,40,49,34,0.00,,
1997-10-19,48,57,39,0.00,,
1997-10-20,48,53,,,,
1997-10-21,34,41,29,,,
1997-10-22,35,43,27,0.00,,
1997-10-23,36,42,32,0.08,,
1997-10-24,33,38,,0.39,,0.4
1997-10-25,31,37,28,0.08,,1.2
1997-10-26,31,35,28,0.02,,1.2
1997-10-27,30,35,,0.00,,0.4
1997-10-28,28,,25,,,
1997-10-29,33,,27,0.02,,
1997-10-30,40,45,34,,,
1997-10-31,40,42,39,0.00,,
1997-11-01,36,,,0.00,,
1997-11-02,35,,31,,,
1997-11-03,33,37,,0.24,,
1997-11-04,27,37,20,0.00,,
1997-11-05,28,36,19,0.00,,
1997-11-06,38,,28,0.00,,
1997-11-07,53,59,42,0.00,,
1997-11-08,52,56,42,,,
1997-11-09,50,,,,,
1997-11-10,44,54,,,,
1997-11-11,39,42,33,0.00,,
1997-11-12,45,48,41,0.00,,
1997-11-13,48,53,44,,,
1997-11-14,48,50,47,0.33,,
1997-11-15,43,,,0.43,,
1997-11-16,40,43,,0.06,,
1997-11-17,37,,,0.00,,
1997-11-18,31,,29,0.01,,
1997-11-19,29,30,28,0.08,,
1997-11-20,31,33,28,0.12,,1.6
1997-11-21,33,34,32,0.04,,1.6
1997-11-22,33,33,31,0.12,,1.6
1997-11-23,32,35,,,,1.6
1997-11-24,29,31,28,,,0.8
1997-11-25,29,31,,0.02,,2.0
1997-11-26,29,31,26,0.00,,1.6
1997-11-27,28,31,27,0.00,,1.6
1997-11-28,26,28,,,,1.6
1997-11-29,27,,20,,,1.6
1997-11-30,32,,29,,,1.6
1997-12-01,34,35,33,0.20,,0.8
1997-12-02,34,,,0.00,,0.4
1997-12-03,29,,,,,1.6
1997-12-04,27,29,,0.04,,2.0
1997-12-05,28,31,24,0.00,,2.0
1997-12-06,30,32,26,0.00,,2.0
1997-12-07,31,36,,,,1.6
1997-12-08,30,32,24,,,0.8
1997-12-09,32,34,30,,,0.8
1997-12-10,35,36,32,,,0.4
1997-12-11,40,45,33,0.55,,
1997-12-12,41,,,0.22,,
1997-12-13,34,,,0.13,,
1997-12-14,22,,,0.04,,0.8
1997-12-15,7,,,,,0.8
1997-12-16,-3,,-6,,,0.8
1997-12-17,-2,,-9,0.00,,0.8
1997-12-18,5,19,-4,0.00,,0.8
1997-12-19,19,,5,0.00,,0.8
1997-12-20,31,33,23,0.00,,0.8
1997-12-21,27,,,0.00,,0.8
1997-12-22,28,,25,,,0.8
1997-12-23,29,33,27,0.00,,0.8
1997-12-24,33,33,31,0.04,,0.8
1997-12-25,36,,32,0.16,,0.8
1997-12-26,42,45,39,0.04,,
1997-12-27,39,44,34,,,
1997-12-28,37,,,0.02,,
1997-12-29,33,35,29,,,
1997-12-30,31,33,,0.08,,0.8
1997-12-31,29,31,26,0.00,,0.8
1998-01-01,33,36,30,,,0.8
1998-01-02,35,38,34,0.00,,
1998-01-03,34,,29,,,
1998-01-04,40,,,,,
1998-01-05,37,,31,,,
1998-01-06,36,38,,0.04,,
1998-01-07,38,40,34,0.02,,
1998-01-08,41,,35,0.17,,
1998-01-09,36,,,0.02,,
1998-01-10,33,36,30,,,
1998-01-11,42,47,32,0.00,,
1998-01-12,39,47,34,0.00,,
1998-01-13,35,,,,,
1998-01-14,34,36,,,,
1998-01-15,35,40,32,0.00,,
1998-01-16,33,,26,,,
1998-01-17,37,,34,,,
1998-01-18,35,39,32,0.00,,
1998-01-19,33,38,31,,,
1998-01-20,36,,33,,,
1998-01-21,35,,,,,
1998-01-22,29,,,,,
1998-01-23,24,34,17,,,
1998-01-24,21,32,12,0.00,,
1998-01-25,21,29,13,0.00,,
1998-01-26,21,31,12,0.00,,
1998-01-27,25,29,,0.00,,
1998-01-28,26,31,18,0.06,,0.4
1998-01-29,22,27,15,,,
1998-01-30,22,,14,,,1.6
1998-01-31,19,21,15,,,3.5
1998-02-01,18,22,,,,3.5
1998-02-02,14,19,3,0.00,,3.1
1998-02-03,20,24,13,,,3.1
1998-02-04,25,30,13,0.00,,3.9
1998-02-05,31,33,26,0.02,,4.3
1998-02-06,33,38,,0.00,,3.9
1998-02-07,29,,17,,,2.8
1998-02-08,33,,30,0.00,,2.0
1998-02-09,35,37,33,0.04,,1.6
1998-02-10,39,45,35,,,1.2
1998-02-11,41,43,40,,,
1998-02-12,44,46,38,0.20,,
1998-02-13,38,,,,,
1998-02-14,33,,24,,,
1998-02-15,40,,35,,,
1998-02-16,46,51,35,0.12,,
1998-02-17,33,,28,0.10,,
1998-02-18,32,,22,,,
1998-02-19,43,45,38,0.00,,
1998-02-20,41,43,38,,,
1998-02-21,43,54,36,0.00,,
1998-02-22,45,53,35,0.00,,
1998-02-23,42,50,32,0.00,,
1998-02-24,40,45,,0.04,,
1998-02-25,32,36,27,,,
1998-02-26,42,,33,,,
1998-02-27,43,47,39,,,
1998-02-28,44,48,,,,
1998-03-01,34,40,,0.02,,
1998-03-02,33,38,29,0.02,,0.4
1998-03-03,39,45,31,0.08,,
1998-03-04,51,57,41,0.28,,
1998-03-05,44,,,0.08,,
1998-03-06,32,,27,0.26,,1.6
1998-03-07,31,39,25,0.04,,0.8
1998-03-08,41,46,32,0.63,,
1998-03-09,32,36,,,,
1998-03-10,27,33,22,0.00,,0.4
1998-03-11,26,34,16,0.00,,
1998-03-12,24,32,18,0.00,,
1998-03-13,27,36,18,,,
1998-03-14,29,32,,,,
1998-03-15,24,29,,0.00,,3.9
1998-03-16,26,34,,0.00,,
1998-03-17,30,39,20,0.00,,3.1
1998-03-18,33,44,17,,,1.6
1998-03-19,35,39,,,,
1998-03-20,30,38,26,0.04,,0.8
1998-03-21,30,35,26,,,
1998-03-22,28,34,19,0.00,,
1998-03-23,33,41,20,0.00,,
1998-03-24,32,41,,0.00,,
1998-03-25,35,45,26,0.00,,
1998-03-26,32,44,20,0.00,,
1998-03-27,36,45,20,0.00,,
1998-03-28,38,42,32,0.16,,
1998-03-29,33,40,,0.00,,
1998-03-30,33,51,,,,
1998-03-31,47,61,27,0.00,,
1998-04-01,50,54,,,,
1998-04-02,37,,,0.00,,
1998-04-03,34,38,31,0.14,,0.4
1998-04-04,47,59,35,0.12,,
1998-04-05,50,58,37,,,
1998-04-06,47,59,35,0.00,,
1998-04-07,47,59,36,0.00,,
1998-04-08,46,49,40,,,
1998-04-09,40,,,0.16,,
1998-04-10,36,41,31,,,
1998-04-11,47,62,35,0.08,,
1998-04-12,50,62,31,0.00,,
1998-04-13,43,49,37,,,
1998-04-14,36,39,33,0.12,,
1998-04-15,38,48,30,,,
1998-04-16,43,50,35,,,
1998-04-17,49,58,43,0.43,,
1998-04-18,48,57,40,0.00,,
1998-04-19,50,54,44,0.00,,
1998-04-20,50,53,47,0.28,,
1998-04-21,50,52,48,0.26,,
1998-04-22,51,58,,0.00,,
1998-04-23,52,67,36,0.00,,
1998-04-24,52,66,34,0.00,,
1998-04-25,55,69,37,0.00,,
1998-04-26,54,70,38,0.00,,
1998-04-27,57,72,40,0.00,,
1998-04-28,61,74,50,0.00,,
1998-04-29,56,71,44,0.00,,
1998-04-30,59,71,47,0.00,,
1998-05-01,57,71,41,0.00,,
1998-05-02,54,64,40,,,
1998-05-03,58,73,40,0.00,,
1998-05-04,57,70,44,0.08,,
1998-05-05,48,54,,1.54,,
1998-05-06,49,57,41,0.05,,
1998-05-07,55,61,48,0.00,,
1998-05-08,58,68,47,0.00,,
1998-05-09,61,75,45,0.00,,
1998-05-10,63,78,46,0.00,,
1998-05-11,65,80,47,0.00,,
1998-05-12,63,81,47,,,
1998-05-13,52,61,42,0.00,,
1998-05-14,52,60,42,0.00,,
1998-05-15,49,56,45,,,
1998-05-16,49,58,41,,,
1998-05-17,55,68,40,0.00,,
1998-05-18,59,71,44,,,
1998-05-19,63,73,46,0.00,,
1998-05-20,60,71,47,0.00,,
1998-05-21,49,60,42,0.00,,
1998-05-22,45,50,41,0.43,,
1998-05-23,43,49,37,0.04,,
1998-05-24,45,54,33,0.00,,
1998-05-25,48,60,37,0.06,,
1998-05-26,56,67,43,,,
1998-05-27,59,72,41,0.00,,
1998-05-28,63,78,46,0.00,,
1998-05-29,66,80,48,0.00,,
1998-05-30,68,81,,,,
1998-05-31,67,79,49,0.00,,
1998-06-01,67,79,55,,,
1998-06-02,63,74,53,,,
1998-06-03,66,78,51,0.00,,
1998-06-04,66,76,57,0.75,,
1998-06-05,64,77,50,0.00,,
1998-06-06,68,81,51,0.00,,
1998-06-07,75,86,58,,,
1998-06-08,73,88,65,,,
1998-06-09,69,81,57,,,
1998-06-10,71,82,59,0.00,,
1998-06-11,75,83,,,,
1998-06-12,68,75,59,0.02,,
1998-06-13,61,68,58,0.20,,
1998-06-14,58,63,53,0.00,,
1998-06-15,61,69,,0.12,,
1998-06-16,57,68,49,1.02,,
1998-06-17,60,69,52,0.08,,
1998-06-18,58,66,46,0.00,,
1998-06-19,58,66,52,0.00,,
1998-06-20,56,67,,0.00,,
1998-06-21,52,59,41,,,
1998-06-22,54,58,50,0.16,,
1998-06-23,55,61,52,0.03,,
1998-06-24,54,60,50,,,
1998-06-25,54,61,49,,,
1998-06-26,60,71,52,0.00,,
1998-06-27,64,73,51,,,
1998-06-28,67,77,58,,,
1998-06-29,64,72,,0.00,,
1998-06-30,62,72,47,0.00,,
1998-07-01,61,68,53,,,
1998-07-02,59,65,54,0.00,,
1998-07-03,59,70,51,0.00,,
1998-07-04,58,63,51,0.39,,
1998-07-05,56,62,50,0.00,,
1998-07-06,58,67,54,0.16,,
1998-07-07,54,62,47,0.31,,
1998-07-08,55,63,46,0.12,,
1998-07-09,57,65,47,0.00,,
1998-07-10,60,68,53,0.00,,
1998-07-11,57,61,52,0.08,,
1998-07-12,56,64,,0.12,,
1998-07-13,61,67,47,0.12,,
1998-07-14,61,68,,0.08,,
1998-07-15,60,71,49,0.04,,
1998-07-16,60,73,43,0.00,,
1998-07-17,61,72,50,,,
1998-07-18,61,74,49,0.00,,
1998-07-19,61,72,,0.16,,
1998-07-20,64,78,46,0.00,,
1998-07-21,72,90,50,0.00,,
1998-07-22,79,93,67,0.00,,
1998-07-23,68,78,62,,,
1998-07-24,67,74,57,0.43,,
1998-07-25,64,73,54,0.28,,
1998-07-26,63,73,51,0.08,,
1998-07-27,65,75,49,0.00,,
1998-07-28,66,70,61,0.00,,
1998-07-29,63,71,,0.55,,
1998-07-30,65,73,55,0.00,,
1998-07-31,67,74,58,0.20,,
1998-08-01,66,78,52,0.00,,
1998-08-02,65,77,54,,,
1998-08-03,70,84,57,0.47,,
1998-08-04,65,74,,0.12,,
1998-08-05,63,70,,0.00,,
1998-08-06,61,67,53,,,
1998-08-07,60,64,54,0.04,,
1998-08-08,63,71,,0.00,,
1998-08-09,61,69,53,,,
1998-08-10,60,70,50,0.00,,
1998-08-11,55,64,46,0.00,,
1998-08-12,57,71,42,0.00,,
1998-08-13,62,76,43,,,
1998-08-14,59,68,54,0.71,,
1998-08-15,60,69,52,0.16,,
1998-08-17,59,69,,0.00,,
1998-08-18,63,76,50,,,
1998-08-19,60,68,,,,
1998-08-20,56,68,44,0.00,,
1998-08-21,63,77,46,,,
1998-08-22,58,65,,0.17,,
1998-08-23,55,63,48,,,
1998-08-24,54,62,46,0.24,,
1998-08-25,54,61,50,0.55,,
1998-08-26,52,59,45,0.04,,
1998-08-27,50,56,43,,,
1998-08-28,49,60,42,0.01,,
1998-08-29,52,58,,0.00,,
1998-08-30,52,59,42,,,
1998-08-31,53,62,49,0.00,,
1998-09-01,53,62,42,0.00,,
1998-09-02,51,57,,0.00,,
1998-09-03,49,62,34,0.00,,
1998-09-04,52,65,34,0.00,,
1998-09-05,53,62,39,0.00,,
1998-09-06,52,66,42,,,
1998-09-07,56,68,45,0.00,,
1998-09-08,55,69,43,0.00,,
1998-09-09,58,73,39,0.00,,
1998-09-10,64,76,50,0.00,,
1998-09-11,65,74,55,0.00,,
1998-09-12,64,73,58,0.00,,
1998-09-13,65,74,53,0.00,,
1998-09-14,52,70,,0.39,,
1998-09-15,51,58,43,0.20,,
1998-09-16,50,56,45,0.00,,
1998-09-17,51,60,,0.24,,
1998-09-18,50,64,40,0.00,,
1998-09-19,53,65,39,0.00,,
1998-09-20,54,65,40,0.00,,
1998-09-21,51,62,45,0.00,,
1998-09-22,51,63,36,0.00,,
1998-09-23,52,56,,0.00,,
1998-09-24,48,63,36,0.00,,
1998-09-25,50,60,38,0.00,,
1998-09-26,55,65,41,0.00,,
1998-09-27,55,63,,0.00,,
1998-09-28,56,63,47,0.00,,
1998-09-29,51,60,,0.28,,
1998-09-30,44,47,42,0.98,,
1998-10-01,39,45,,0.01,,
1998-10-02,36,46,27,0.00,,
1998-10-03,36,42,32,0.00,,
1998-10-04,37,42,32,0.08,,
1998-10-05,36,38,33,0.16,,
1998-10-06,41,51,32,0.00,,
1998-10-07,40,49,32,0.00,,
1998-10-08,44,52,36,0.00,,
1998-10-09,49,,45,0.12,,
1998-10-10,53,56,,0.08,,
1998-10-11,49,52,47,0.20,,
1998-10-12,50,58,,0.04,,
1998-10-13,46,50,,0.04,,
1998-10-14,44,51,35,0.00,,
1998-10-15,51,58,46,0.02,,
1998-10-16,45,51,,0.00,,
1998-10-17,51,63,33,,,
1998-10-18,51,58,,,,
1998-10-19,39,51,,0.00,,
1998-10-20,38,45,29,0.04,,
1998-10-21,42,47,38,0.00,,
1998-10-22,47,51,37,0.04,,
1998-10-23,54,63,50,0.04,,
1998-10-24,51,60,44,0.00,,
1998-10-25,48,53,42,,,
1998-10-26,47,54,,0.04,,
1998-10-27,40,46,36,0.04,,
1998-10-28,45,50,38,0.16,,
1998-10-29,46,50,42,0.59,,
1998-10-30,42,46,,0.00,,
1998-10-31,41,45,38,0.01,,
1998-11-01,40,,37,0.02,,
1998-11-03,40,,35,0.04,,
1998-11-04,44,49,42,0.28,,
1998-11-05,40,44,38,0.02,,
1998-11-06,38,,36,0.00,,
1998-11-07,36,42,,0.31,,
1998-11-08,32,35,28,0.24,,
1998-11-09,29,35,24,0.00,,0.8
1998-11-10,27,29,23,0.00,,
1998-11-11,28,29,26,,,
1998-11-12,30,33,27,0.12,,1.6
1998-11-13,34,36,33,0.08,,
1998-11-14,32,34,,0.00,,
1998-11-15,27,30,,,,
1998-11-16,24,26,23,0.12,,
1998-11-17,23,26,,0.08,,2.4
1998-11-18,12,20,,0.00,,2.0
1998-11-19,11,15,1,0.00,,2.0
1998-11-20,17,20,9,0.00,,2.4
1998-11-21,9,18,,0.00,,2.4
1998-11-22,6,15,-3,0.00,,2.4
1998-11-23,15,24,-2,0.00,,2.4
1998-11-24,20,26,,0.00,,2.4
1998-11-25,16,26,8,0.00,,
1998-11-26,16,,3,,,2.4
1998-11-27,26,27,22,0.00,,2.8
1998-11-28,27,,25,0.00,,2.8
1998-11-29,26,30,,0.00,,2.8
1998-11-30,16,24,,0.00,,2.4
1998-12-01,4,14,,0.00,,2.4
1998-12-02,0,10,-7,,,2.4
1998-12-03,5,,-5,0.00,,2.4
1998-12-04,12,20,6,0.00,,2.4
1998-12-05,22,,12,0.08,,3.9
1998-12-06,27,29,24,0.04,,4.7
1998-12-07,27,30,25,0.04,,5.1
1998-12-08,25,27,23,0.04,,5.9
1998-12-09,24,26,,0.08,,7.5
1998-12-10,17,22,14,0.01,,8.3
1998-12-11,15,,11,0.00,,8.3
1998-12-12,20,23,18,0.08,,9.1
1998-12-13,27,,17,0.04,,11.0
1998-12-14,33,37,,0.12,,7.9
1998-12-15,32,,26,0.00,,7.1
1998-12-16,36,40,33,0.24,,4.7
1998-12-17,36,37,35,0.31,,3.5
1998-12-18,37,43,32,0.00,,2.4
1998-12-19,36,41,34,0.01,,2.0
1998-12-20,36,38,34,0.08,,
1998-12-21,32,36,,0.08,,0.4
1998-12-22,23,30,,0.01,,0.8
1998-12-23,14,24,4,0.00,,
1998-12-24,20,26,11,0.00,,0.8
1998-12-25,30,33,22,0.06,,0.4
1998-12-26,34,38,30,,,
1998-12-27,37,41,31,0.01,,0.4
1998-12-28,40,47,,0.02,,
1998-12-29,37,43,,0.00,,
1998-12-30,30,38,,0.00,,
1998-12-31,26,27,24,0.00,,
1999-01-01,25,28,24,0.00,,
1999-01-02,23,29,19,0.00,,
1999-01-03,26,33,21,0.00,,
1999-01-04,31,37,25,0.00,,
1999-01-05,42,46,32,0.11,,
1999-01-06,45,49,42,0.12,,
1999-01-07,42,47,,0.03,,
1999-01-08,32,41,31,0.04,,
1999-01-09,31,33,,0.11,,1.6
1999-01-11,14,,7,0.00,,2.8
1999-01-12,30,37,20,0.07,,3.5
1999-01-13,26,33,,0.04,,3.9
1999-01-14,25,32,10,0.03,,3.5
1999-01-15,34,36,32,0.16,,3.9
1999-01-16,35,37,31,0.01,,2.8
1999-01-17,36,42,,0.00,,1.6
1999-01-18,31,41,26,0.00,,0.8
1999-01-19,28,29,23,0.00,,0.8
1999-01-20,28,29,27,0.00,,
1999-01-21,28,30,26,0.00,,
1999-01-22,31,34,26,0.02,,
1999-01-23,32,34,,0.00,,
1999-01-24,31,,28,0.03,,
1999-01-25,38,,33,0.03,,
1999-01-26,41,45,,0.11,,
1999-01-27,33,40,28,0.00,,
1999-01-28,29,33,,0.03,,
1999-01-29,14,23,,0.06,,
1999-01-30,10,18,1,0.03,,
1999-01-31,8,17,1,0.00,,
1999-02-01,26,,9,0.06,,0.4
1999-02-02,33,35,32,0.06,,0.4
1999-02-03,33,36,30,0.17,,
1999-02-04,36,,31,0.20,,
1999-02-05,36,,32,,,
1999-02-06,28,36,24,0.08,,0.4
1999-02-07,20,26,,0.00,,2.0
1999-02-08,20,24,9,0.07,,2.0
1999-02-09,24,,19,,,3.5
1999-02-10,17,29,2,0.03,,3.5
1999-02-11,16,24,9,0.00,,3.1
1999-02-12,21,,11,0.00,,3.1
1999-02-13,28,31,23,0.03,,2.8
1999-02-14,25,29,23,0.03,,2.8
1999-02-15,24,37,22,0.03,,2.8
1999-02-16,27,,22,0.16,,2.0
1999-02-17,29,32,,0.12,,4.3
1999-02-18,23,28,18,0.03,,5.9
1999-02-19,24,28,,0.01,,6.3
1999-02-20,27,34,13,0.04,,6.3
1999-02-21,34,35,32,0.03,,5.5
1999-02-22,33,35,32,0.08,,3.9
1999-02-23,31,35,27,0.06,,4.7
1999-02-24,30,32,28,0.11,,5.5
1999-02-25,29,30,26,0.04,,7.1
1999-02-26,32,35,27,0.11,,
1999-02-27,37,40,32,0.04,,5.5
1999-02-28,37,44,,0.03,,2.8
1999-03-01,37,42,31,0.08,,2.4
1999-03-02,38,41,35,0.28,,
1999-03-03,35,,29,,,
1999-03-04,44,51,37,0.12,,
1999-03-05,47,58,36,0.00,,
1999-03-06,41,50,,0.00,,
1999-03-07,42,53,31,0.03,,
1999-03-08,35,44,,0.03,,
1999-03-09,32,35,,0.03,,
1999-03-10,31,35,27,0.02,,0.4
1999-03-11,32,34,,0.63,,
1999-03-12,29,33,27,0.08,,1.2
1999-03-13,29,31,24,0.05,,1.2
1999-03-14,31,33,29,0.06,,0.8
1999-03-15,29,31,,0.03,,0.4
1999-03-16,29,38,20,0.00,,0.4
1999-03-17,30,42,,0.00,,
1999-03-18,30,45,19,0.00,,
1999-03-19,33,46,20,0.00,,
1999-03-20,35,49,22,0.00,,
1999-03-21,34,41,,0.03,,
1999-03-22,33,41,26,0.00,,
1999-03-23,39,47,,0.05,,
1999-03-24,33,39,,0.24,,0.4
1999-03-25,42,57,27,0.00,,
1999-03-26,49,65,38,0.00,,
1999-03-27,56,67,45,0.00,,
1999-03-28,49,59,38,0.00,,
1999-03-29,47,61,34,0.00,,
1999-03-30,49,65,33,0.00,,
1999-03-31,47,64,32,0.00,,
1999-04-01,51,63,,,,
1999-04-02,48,62,,0.00,,
1999-04-03,45,57,31,0.00,,
1999-04-04,46,60,27,0.00,,
1999-04-05,40,52,29,0.00,,
1999-04-06,46,52,28,0.08,,
1999-04-07,52,58,,0.32,,
1999-04-08,46,51,43,0.00,,
1999-04-09,50,58,41,0.00,,
1999-04-10,50,53,47,0.03,,
1999-04-11,53,63,43,0.03,,
1999-04-12,43,55,,0.16,,
1999-04-13,50,61,34,0.00,,
1999-04-14,45,52,,0.44,,
1999-04-15,52,65,32,0.00,,
1999-04-16,61,72,48,0.00,,
1999-04-17,57,64,,0.04,,
1999-04-18,41,52,,0.43,,
1999-04-19,38,42,33,0.55,,
1999-04-20,43,52,35,0.59,,
1999-04-21,41,46,35,0.03,,
1999-04-22,47,52,41,0.12,,
1999-04-23,50,61,,0.08,,
1999-04-24,55,66,41,0.00,,
1999-04-25,52,58,50,0.12,,
1999-04-26,55,66,,0.40,,
1999-04-27,56,66,49,0.02,,
1999-04-28,56,,,,,
1999-04-29,50,57,,,,
1999-04-30,45,55,33,0.00,,
1999-05-01,50,59,,0.00,,
1999-05-02,46,57,30,0.03,,
1999-05-03,45,55,34,0.00,,
1999-05-04,41,50,,0.11,,
1999-05-05,40,,27,,,
1999-05-06,42,54,26,0.00,,
1999-05-07,42,60,26,0.00,,
1999-05-08,50,63,28,0.00,,
1999-05-09,45,63,,0.23,,
1999-05-10,48,61,29,0.23,,
1999-05-11,45,56,,0.36,,
1999-05-12,38,44,,0.04,,
1999-05-13,38,43,27,0.20,,
1999-05-14,47,54,40,0.04,,
1999-05-15,48,53,44,0.38,,
1999-05-16,45,49,43,0.43,,
1999-05-17,51,60,41,0.00,,
1999-05-18,50,61,39,0.00,,
1999-05-19,53,66,35,0.00,,
1999-05-20,59,73,39,0.00,,
1999-05-21,64,76,45,0.00,,
1999-05-22,64,74,48,0.00,,
1999-05-23,51,65,,,,
1999-05-24,53,67,34,0.00,,
1999-05-25,57,71,41,0.00,,
1999-05-26,56,64,44,0.03,,
1999-05-27,54,65,39,0.00,,
1999-05-28,60,75,40,0.00,,
1999-05-29,66,79,,0.00,,
1999-05-30,68,81,49,0.28,,
1999-05-31,58,69,,0.00,,
1999-06-01,57,68,44,0.00,,
1999-06-02,58,72,41,0.00,,
1999-06-03,64,78,46,0.00,,
1999-06-04,59,68,,0.05,,
1999-06-05,63,73,54,0.02,,
1999-06-06,69,81,52,0.00,,
1999-06-07,71,83,60,0.00,,
1999-06-08,71,86,59,0.03,,
1999-06-09,61,74,,0.04,,
1999-06-10,65,75,52,0.00,,
1999-06-11,72,86,58,0.11,,
1999-06-12,72,88,59,0.08,,
1999-06-13,73,87,61,0.03,,
1999-06-14,74,85,62,0.03,,
1999-06-15,69,84,59,0.12,,
1999-06-16,68,76,62,0.00,,
1999-06-17,68,79,62,0.01,,
1999-06-18,68,78,62,0.00,,
1999-06-19,72,87,61,0.00,,
1999-06-20,71,81,55,0.00,,
1999-06-21,66,73,60,0.12,,
1999-06-22,65,76,59,0.20,,
1999-06-23,58,65,,0.06,,
1999-06-24,54,56,52,0.51,,
1999-06-25,52,56,,0.06,,
1999-06-26,56,69,40,0.00,,
1999-06-27,64,77,47,0.00,,
1999-06-28,70,83,53,0.00,,
1999-06-29,68,77,58,0.00,,
1999-06-30,66,76,51,0.00,,
1999-07-01,69,79,54,0.00,,
1999-07-02,67,78,,0.16,,
1999-07-03,66,77,52,0.00,,
1999-07-04,73,84,,,,
1999-07-05,77,89,65,0.00,,
1999-07-06,78,90,63,0.00,,
1999-07-07,72,83,63,0.00,,
1999-07-08,68,73,62,0.16,,
1999-07-09,69,79,58,0.12,,
1999-07-10,67,78,,0.00,,
1999-07-11,69,82,50,0.00,,
1999-07-12,71,83,54,0.00,,
1999-07-13,72,86,56,0.00,,
1999-07-14,69,80,59,0.00,,
1999-07-15,61,68,58,0.65,,
1999-07-16,62,72,54,0.00,,
1999-07-17,61,74,45,0.00,,
1999-07-18,62,78,50,0.03,,
1999-07-19,70,82,57,0.00,,
1999-07-20,70,82,56,0.00,,
1999-07-21,71,86,52,0.00,,
1999-07-22,68,78,,0.00,,
1999-07-23,62,72,47,0.03,,
1999-07-24,66,78,52,0.00,,
1999-07-25,65,79,52,0.00,,
1999-07-26,71,83,54,0.00,,
1999-07-27,67,77,57,0.08,,
1999-07-28,65,71,59,0.08,,
1999-07-29,66,,53,,,
1999-07-30,68,79,53,0.00,,
1999-07-31,69,81,52,0.00,,
1999-08-01,64,77,,0.00,,
1999-08-02,64,79,49,0.00,,
1999-08-03,64,78,47,0.00,,
1999-08-04,62,79,46,0.00,,
1999-08-05,67,81,47,0.00,,
1999-08-06,66,,51,,,
1999-08-07,69,84,51,0.00,,
1999-08-08,63,71,56,0.75,,
1999-08-09,71,85,55,0.00,,
1999-08-10,71,84,59,0.03,,
1999-08-11,66,76,,0.58,,
1999-08-12,62,69,,0.02,,
1999-08-13,60,71,49,0.00,,
1999-08-14,56,63,49,0.28,,
1999-08-15,59,72,47,0.12,,
1999-08-16,59,70,51,0.03,,
1999-08-17,61,72,52,0.00,,
1999-08-18,59,70,,0.19,,
1999-08-19,62,74,47,0.32,,
1999-08-20,62,73,49,0.03,,
1999-08-21,59,67,51,0.16,,
1999-08-22,58,68,51,0.01,,
1999-08-23,55,66,,0.00,,
1999-08-24,54,69,40,0.24,,
1999-08-25,55,66,42,0.03,,
1999-08-26,57,71,43,0.00,,
1999-08-27,60,74,44,0.00,,
1999-08-28,62,73,53,0.03,,
1999-08-29,60,66,,0.01,,
1999-08-30,57,69,,0.00,,
1999-08-31,59,74,43,0.00,,
1999-09-01,58,65,53,0.47,,
1999-09-02,57,66,53,0.08,,
1999-09-03,61,73,,0.00,,
1999-09-04,58,73,42,0.00,,
1999-09-05,60,75,41,0.00,,
1999-09-06,60,74,45,0.00,,
1999-09-07,62,76,45,0.00,,
1999-09-08,63,78,51,0.00,,
1999-09-09,67,79,,,,
1999-09-10,63,74,54,0.00,,
1999-09-11,60,71,,0.06,,
1999-09-12,55,68,43,0.00,,
1999-09-13,45,59,,0.00,,
1999-09-14,46,56,32,,,
1999-09-15,45,58,34,0.00,,
1999-09-16,47,59,30,,,
1999-09-17,51,65,40,0.00,,
1999-09-18,55,68,39,0.00,,
1999-09-19,57,66,46,0.00,,
1999-09-20,60,72,49,0.00,,
1999-09-21,61,69,54,0.00,,
1999-09-22,59,65,,0.03,,
1999-09-23,61,75,45,0.00,,
1999-09-24,63,71,,0.00,,
1999-09-25,61,72,51,0.03,,
1999-09-26,59,68,51,0.00,,
1999-09-27,58,66,,0.55,,
1999-09-28,56,71,,0.00,,
1999-09-29,55,66,,,,
1999-09-30,57,64,48,0.08,,
1999-10-01,58,62,,0.08,,
1999-10-02,56,68,45,0.00,,
1999-10-03,62,73,51,,,
1999-10-04,53,63,,,,
1999-10-05,49,50,47,0.07,,
1999-10-06,49,52,48,0.31,,
1999-10-07,46,52,,,,
1999-10-08,45,51,34,0.00,,
1999-10-09,49,53,47,0.27,,
1999-10-10,45,53,,0.20,,
1999-10-11,45,55,37,,,
1999-10-12,48,54,42,,,
1999-10-13,47,54,,0.03,,
1999-10-14,44,52,,0.30,,
1999-10-15,42,49,38,,,
1999-10-16,39,43,37,0.02,,
1999-10-17,40,45,,0.03,,
1999-10-18,36,45,,,,
1999-10-19,35,,27,,,
1999-10-20,34,37,32,0.00,,
1999-10-21,31,40,23,0.00,,
1999-10-22,33,44,26,0.00,,
1999-10-23,38,47,29,0.00,,
1999-10-24,44,47,,,,
1999-10-25,50,57,45,,,
1999-10-26,53,56,47,,,
1999-10-27,50,54,,0.08,,
1999-10-28,47,51,44,0.06,,
1999-10-29,46,53,40,,,
1999-10-30,36,46,,0.00,,
1999-10-31,44,54,27,,,
1999-11-01,47,54,,,,
1999-11-02,50,56,,,,
1999-11-03,48,53,,,,
1999-11-04,41,46,38,0.00,,
1999-11-05,39,42,,,,
1999-11-06,38,43,33,0.00,,
1999-11-07,42,44,36,0.00,,
1999-11-08,40,43,38,,,
1999-11-09,34,39,,0.00,,
1999-11-10,29,32,24,,,
1999-11-11,29,36,19,,,
1999-11-12,37,,31,,,
1999-11-13,36,41,,,,
1999-11-14,31,34,,0.31,,
1999-11-15,28,33,,0.06,,3.5
1999-11-16,22,27,15,,,3.1
1999-11-17,23,,17,,,2.8
1999-11-18,27,,,,,2.8
1999-11-19,23,27,17,,,4.3
1999-11-20,23,26,20,,,3.9
1999-11-21,24,27,19,0.04,,7.1
1999-11-22,28,30,22,0.03,,7.1
1999-11-23,31,,28,0.24,,9.1
1999-11-24,27,33,,0.03,,8.7
1999-11-25,18,,13,,,8.7
1999-11-26,33,,21,0.07,,7.9
1999-11-27,36,38,,0.00,,5.9
1999-11-28,36,39,32,,,3.9
1999-11-29,35,38,31,0.00,,2.8
1999-11-30,35,36,34,0.05,,2.4
1999-12-01,41,45,34,0.03,,1.6
1999-12-02,38,44,,0.04,,
1999-12-03,36,,34,0.07,,
1999-12-04,39,42,,,,
1999-12-05,32,38,29,,,
1999-12-06,31,33,27,0.05,,
1999-12-07,36,,30,0.32,,0.8
1999-12-08,40,41,38,0.28,,
1999-12-09,38,,33,0.00,,
1999-12-10,39,43,34,0.00,,
1999-12-11,38,39,35,,,
1999-12-12,42,46,37,0.07,,
1999-12-13,41,45,,0.05,,
1999-12-14,32,40,26,0.00,,
1999-12-15,34,36,31,0.06,,
1999-12-16,33,36,,0.06,,
1999-12-17,29,34,25,,,
1999-12-18,32,36,29,0.07,,
1999-12-19,29,32,,,,0.4
1999-12-20,29,32,27,0.00,,0.4
1999-12-21,28,,26,,,0.4
1999-12-22,23,28,,,,0.4
1999-12-23,21,,,,,0.4
1999-12-24,18,23,12,0.00,,0.4
1999-12-25,23,27,17,0.00,,0.4
1999-12-26,26,,22,0.22,,3.1
1999-12-27,26,29,24,0.12,,3.9
1999-12-28,31,35,26,0.00,,4.7
1999-12-29,27,30,25,,,3.9
1999-12-30,29,32,25,0.01,,4.3
1999-12-31,28,,26,0.03,,4.7
2000-01-01,32,34,,0.04,,5.1
2000-01-02,25,32,,,,5.1
2000-01-03,33,36,20,,,5.1
2000-01-04,35,38,,,,
2000-01-05,35,38,33,,,1.6
2000-01-06,32,37,,,,1.2
2000-01-07,32,34,30,,,
2000-01-08,35,36,32,,,
2000-01-09,34,36,33,,,
2000-01-10,35,36,33,,,
2000-01-11,34,36,,0.00,,
2000-01-12,30,35,,0.00,,
2000-01-13,23,31,,0.00,,
2000-01-14,20,26,14,,,
2000-01-15,24,27,17,,,
2000-01-16,27,30,22,0.03,,0.4
2000-01-17,34,38,28,0.12,,
2000-01-18,30,34,,0.13,,1.6
2000-01-19,23,,,,,
2000-01-20,28,,18,0.05,,1.6
2000-01-21,20,34,,0.05,,1.6
2000-01-22,15,24,,0.06,,1.6
2000-01-23,10,17,2,,,1.6
2000-01-24,9,,3,0.01,,2.0
2000-01-25,17,,7,0.08,,2.8
2000-01-26,31,35,23,0.04,,5.1
2000-01-27,34,36,31,0.03,,3.9
2000-01-28,34,35,,0.04,,2.0
2000-01-29,33,36,31,0.06,,2.4
2000-01-30,37,40,,0.30,,1.6
2000-01-31,33,42,29,0.36,,1.2
2000-02-01,35,,30,,,0.8
2000-02-02,40,42,37,0.04,,
2000-02-03,34,41,,0.05,,
2000-02-04,32,,28,,,
2000-02-05,40,43,33,0.18,,
2000-02-06,41,45,,0.04,,
2000-02-07,40,,29,,,
2000-02-08,40,47,37,0.05,,
2000-02-09,39,44,,0.20,,
2000-02-10,36,40,32,,,
2000-02-11,34,40,,,,
2000-02-12,33,38,28,,,
2000-02-13,35,40,30,,,
2000-02-14,34,38,30,0.14,,1.2
2000-02-15,33,37,31,,,
2000-02-16,35,,32,,,
2000-02-17,33,38,,,,
2000-02-18,29,34,19,0.04,,1.2
2000-02-19,31,33,28,0.01,,0.8
2000-02-20,27,31,,,,
2000-02-21,26,31,21,0.03,,
2000-02-22,26,34,,,,
2000-02-23,24,31,15,,,
2000-02-24,27,37,13,,,
2000-02-25,35,38,28,,,0.4
2000-02-26,36,39,33,0.03,,
2000-02-27,37,42,,,,
2000-02-28,41,51,32,,,
2000-02-29,43,51,38,,,
2000-03-01,43,50,36,0.01,,
2000-03-02,36,44,,,,
2000-03-03,36,43,27,,,
2000-03-04,36,42,,0.03,,
2000-03-05,29,38,26,,,
2000-03-06,31,,23,,,0.4
2000-03-07,41,45,33,0.32,,
2000-03-08,40,,36,0.37,,
2000-03-09,39,48,,0.08,,
2000-03-10,30,36,27,0.04,,0.4
2000-03-11,30,35,23,,,0.4
2000-03-12,28,35,,,,
2000-03-13,32,41,22,,,
2000-03-14,40,46,33,0.06,,
2000-03-15,35,43,,0.20,,
2000-03-16,33,38,,0.11,,1.6
2000-03-17,31,,26,,,
2000-03-18,30,33,,0.07,,0.4
2000-03-19,32,38,26,0.02,,0.4
2000-03-20,35,45,26,,,
2000-03-21,37,45,27,,,
2000-03-22,43,52,37,,,
2000-03-23,40,46,,,,
2000-03-24,34,44,,,,
2000-03-25,35,49,20,,,
2000-03-26,39,45,31,,,
2000-03-27,44,59,33,,,
2000-03-28,43,47,,0.04,,
2000-03-29,40,45,36,,,
2000-03-30,38,43,32,,,
2000-03-31,43,51,37,,,
2000-04-01,40,44,,0.17,,
2000-04-02,41,51,27,,,
2000-04-03,46,56,31,,,
2000-04-04,49,55,42,,,
2000-04-05,53,62,44,,,
2000-04-06,37,53,30,1.02,,
2000-04-07,39,48,31,,,
2000-04-08,36,43,29,,,
2000-04-09,38,43,,,,
2000-04-10,39,50,24,,,
2000-04-11,45,56,35,,,
2000-04-12,53,63,39,,,
2000-04-13,53,61,47,,,
2000-04-14,51,62,39,,,
2000-04-15,50,60,42,,,
2000-04-16,55,68,44,,,
2000-04-17,53,65,38,,,
2000-04-18,58,72,41,,,
2000-04-19,63,,47,,,
2000-04-20,64,78,49,,,
2000-04-21,61,74,44,,,
2000-04-22,61,77,44,,,
2000-04-23,63,80,45,,,
2000-04-24,62,75,48,,,
2000-04-25,59,67,51,,,
2000-04-26,56,70,44,,,
2000-04-27,61,74,43,,,
2000-04-28,64,80,46,,,
2000-04-29,65,,49,,,
2000-04-30,65,82,48,,,
2000-05-01,55,70,,,,
2000-05-02,42,54,30,,,
2000-05-03,45,62,24,,,
2000-05-04,51,66,29,,,
2000-05-05,53,66,38,,,
2000-05-06,57,68,36,,,
2000-05-07,53,65,38,,,
2000-05-08,54,70,33,,,
2000-05-09,58,76,35,,,
2000-05-10,60,76,43,,,
2000-05-11,60,75,41,,,
2000-05-12,45,65,,,,
2000-05-13,48,62,30,,,
2000-05-14,58,70,42,,,
2000-05-15,63,79,37,,,
2000-05-16,64,77,,,,
2000-05-17,65,81,42,,,
2000-05-18,66,81,49,,,
2000-05-19,62,75,54,,,
2000-05-20,56,63,51,,,
2000-05-21,56,63,47,,,
2000-05-22,57,69,,,,
2000-05-23,59,70,42,,,
2000-05-24,57,68,41,,,
2000-05-25,62,73,,,,
2000-05-26,61,70,,,,
2000-05-27,67,83,41,,,
2000-05-28,69,85,,,,
2000-05-29,59,74,,0.15,,
2000-05-30,52,63,,,,
2000-05-31,52,63,35,,,
2000-06-01,54,67,,,,
2000-06-02,60,72,35,,,
2000-06-03,68,82,52,,,
2000-06-04,67,81,45,,,
2000-06-05,69,80,57,,,
2000-06-06,65,79,58,0.28,,
2000-06-07,59,66,,0.12,,
2000-06-08,54,63,,,,
2000-06-09,58,71,,,,
2000-06-10,66,78,45,,,
2000-06-11,70,85,47,,,
2000-06-12,69,81,,,,
2000-06-13,66,80,49,,,
2000-06-14,71,85,56,,,
2000-06-15,57,72,,,,
2000-06-16,51,61,45,0.14,,
2000-06-17,51,59,44,0.32,,
2000-06-18,51,61,,,,
2000-06-19,55,70,34,,,
2000-06-20,68,86,43,,,
2000-06-21,73,87,58,,,
2000-06-22,75,91,55,,,
2000-06-23,75,88,59,,,
2000-06-24,65,78,57,,,
2000-06-25,64,74,,,,
2000-06-26,59,67,,0.11,,
2000-06-27,55,59,50,,,
2000-06-28,54,62,,,,
2000-06-29,54,63,38,,,
2000-06-30,54,62,,,,
2000-07-01,52,60,44,,,
2000-07-02,56,65,42,,,
2000-07-03,62,72,45,,,
2000-07-04,65,77,49,,,
2000-07-05,62,73,55,,,
2000-07-06,63,71,57,,,
2000-07-07,61,72,57,0.12,,
2000-07-08,63,72,51,,,
2000-07-09,52,63,47,0.67,,
2000-07-10,61,72,42,,,
2000-07-11,71,82,56,,,
2000-07-12,61,74,,0.36,,
2000-07-13,59,69,,,,
2000-07-14,58,67,45,,,
2000-07-15,61,69,56,,,
2000-07-16,65,78,48,,,
2000-07-17,60,70,56,0.23,,
2000-07-18,58,61,55,0.26,,
2000-07-19,56,61,53,0.06,,
2000-07-20,60,68,51,,,
2000-07-21,59,69,,,,
2000-07-22,62,72,51,,,
2000-07-23,62,71,54,,,
2000-07-24,63,73,52,,,
2000-07-25,66,78,51,,,
2000-07-26,66,77,56,,,
2000-07-27,63,71,52,,,
2000-07-28,64,74,57,,,
2000-07-29,62,71,51,0.31,,
2000-07-30,61,64,,0.52,,
2000-07-31,62,71,53,,,
2000-08-01,61,70,,,,
2000-08-02,65,78,49,,,
2000-08-03,65,76,,,,
2000-08-04,61,71,51,,,
2000-08-05,63,75,51,,,
2000-08-06,66,78,51,,,
2000-08-07,63,74,55,,,
2000-08-08,57,65,,,,
2000-08-09,56,70,40,,,
2000-08-10,59,70,,,,
2000-08-11,60,69,47,,,
2000-08-12,63,73,56,,,
2000-08-13,61,68,,,,
2000-08-14,62,76,47,,,
2000-08-15,66,81,49,,,
2000-08-16,66,79,57,,,
2000-08-17,64,81,52,,,
2000-08-18,65,77,,,,
2000-08-19,72,85,56,,,
2000-08-20,71,82,60,,,
2000-08-21,68,81,56,,,
2000-08-22,61,69,,0.74,,
2000-08-23,56,67,,,,
2000-08-24,55,64,44,,,
2000-08-25,54,57,52,0.40,,
2000-08-26,58,67,,,,
2000-08-27,59,70,46,,,
2000-08-28,60,72,47,,,
2000-08-29,60,74,47,,,
2000-08-30,60,72,45,,,
2000-08-31,60,71,,,,
2000-09-01,57,72,,,,
2000-09-02,60,72,44,,,
2000-09-03,56,67,47,,,
2000-09-04,54,63,46,,,
2000-09-05,54,60,49,,,
2000-09-06,51,61,,,,
2000-09-07,48,62,35,,,
2000-09-08,51,63,35,,,
2000-09-09,62,71,45,,,
2000-09-10,60,69,,0.50,,
2000-09-11,56,65,48,,,
2000-09-12,52,62,,,,
2000-09-13,51,55,41,0.15,,
2000-09-14,52,55,,0.20,,
2000-09-15,49,60,,,,
2000-09-16,46,58,33,,,
2000-09-17,46,55,,,,
2000-09-18,44,47,37,,,
2000-09-19,46,48,43,,,
2000-09-20,48,51,45,,,
2000-09-21,51,63,,,,
2000-09-22,46,55,,,,
2000-09-23,42,56,30,,,
2000-09-24,42,58,28,,,
2000-09-25,44,60,,,,
2000-09-26,44,60,29,,,
2000-09-27,46,62,32,,,
2000-09-28,49,65,33,,,
2000-09-29,52,65,41,,,
2000-09-30,53,63,44,,,
2000-10-01,58,68,46,,,
2000-10-02,58,63,49,,,
2000-10-03,59,69,51,,,
2000-10-04,60,72,,,,
2000-10-05,58,72,48,,,
2000-10-06,53,68,41,,,
2000-10-07,53,68,40,,,
2000-10-08,55,66,46,,,
2000-10-09,46,57,,,,
2000-10-10,42,53,33,,,
2000-10-11,47,54,36,,,
2000-10-12,54,60,47,,,
2000-10-13,59,68,50,,,
2000-10-14,58,69,,,,
2000-10-15,51,60,,,,
2000-10-16,51,63,42,,,
2000-10-17,50,61,41,,,
2000-10-18,46,60,,,,
2000-10-19,42,53,35,,,
2000-10-20,40,53,30,,,
2000-10-21,40,54,26,,,
2000-10-22,40,58,30,,,
2000-10-23,39,61,26,,,
2000-10-24,47,60,28,,,
2000-10-25,50,56,43,,,
2000-10-26,54,60,,0.11,,
2000-10-27,45,54,42,0.07,,
2000-10-28,49,53,45,0.03,,
2000-10-29,51,58,46,,,
2000-10-30,52,60,43,,,
2000-10-31,55,62,46,,,12.6
2000-11-01,51,62,,,,
2000-11-02,45,52,,,,
2000-11-03,42,,33,,,
2000-11-04,49,52,43,,,
2000-11-05,45,51,,0.36,,
2000-11-06,42,49,34,,,
2000-11-07,50,52,41,,,
2000-11-08,51,57,47,0.46,,
2000-11-09,47,53,43,0.32,,
2000-11-10,41,49,,,,
2000-11-11,39,46,32,,,
2000-11-12,39,46,30,,,
2000-11-13,41,48,37,,,
2000-11-14,41,50,33,,,
2000-11-15,46,53,36,,,
2000-11-16,41,47,37,0.59,,
2000-11-17,41,43,35,,,
2000-11-18,44,49,41,,,
2000-11-19,42,45,35,,,
2000-11-20,45,51,,,,
2000-11-21,41,,37,,,
2000-11-22,44,,42,,,
2000-11-23,44,46,42,,,
2000-11-24,41,45,,,,
2000-11-25,35,41,,,,
2000-11-26,32,33,31,,,
2000-11-27,32,33,31,0.10,,
2000-11-28,35,39,32,,,
2000-11-29,38,,33,,,
2000-11-30,42,47,,,,
2000-12-01,42,48,37,,,
2000-12-02,39,47,,,,
2000-12-03,33,,27,,,
2000-12-04,39,43,36,,,
2000-12-05,39,45,34,,,
2000-12-06,39,41,,,,
2000-12-07,37,38,33,,,
2000-12-08,39,,35,,,
2000-12-09,44,45,40,0.11,,
2000-12-10,42,45,,,,
2000-12-11,42,,39,0.03,,
2000-12-12,45,47,41,0.17,,
2000-12-13,47,50,44,0.23,,
2000-12-14,43,48,,,,
2000-12-15,38,41,34,,,
2000-12-16,35,39,,0.06,,
2000-12-17,33,34,27,,,
2000-12-18,34,36,,0.06,,
2000-12-19,27,32,,,,
2000-12-20,24,28,,,,
2000-12-21,22,25,19,,,
2000-12-22,24,28,19,,,
2000-12-23,22,27,,,,
2000-12-24,25,26,19,,,
2000-12-25,26,27,23,0.19,,
2000-12-26,25,26,22,,,3.1
2000-12-27,26,27,23,,,3.5
2000-12-28,29,,26,,,3.5
2000-12-29,27,33,,0.05,,2.8
2000-12-30,28,,10,0.03,,2.8
2000-12-31,32,34,30,0.12,,3.5
2001-01-01,27,31,,0.20,,5.5
2001-01-02,26,,21,0.10,,8.3
2001-01-03,33,34,30,0.00,,6.7
2001-01-04,33,35,,0.24,,4.7
2001-01-05,31,34,29,,,3.5
2001-01-06,37,,32,0.20,,2.8
2001-01-07,36,41,,,,1.6
2001-01-08,34,36,29,,,1.2
2001-01-09,33,35,31,,,
2001-01-10,34,38,,,,
2001-01-11,30,34,27,,,
2001-01-12,27,31,,0.04,,0.8
2001-01-13,26,29,21,,,0.8
2001-01-14,31,,26,0.06,,0.8
2001-01-15,33,34,32,0.11,,0.8
2001-01-16,30,33,,,,0.8
2001-01-17,28,29,26,,,0.8
2001-01-18,26,29,,,,0.8
2001-01-19,26,,23,,,0.8
2001-01-20,26,28,26,,,0.8
2001-01-21,25,27,,,,
2001-01-22,20,24,,0.06,,
2001-01-23,21,26,17,0.06,,
2001-01-24,26,30,21,,,
2001-01-25,30,,24,0.07,,
2001-01-26,34,37,27,,,0.4
2001-01-27,35,37,34,,,
2001-01-28,34,39,,0.06,,
2001-01-29,31,41,21,,,
2001-01-30,33,35,,,,
2001-01-31,31,34,30,,,
2001-02-01,25,30,,,,
2001-02-02,21,24,,0.06,,
2001-02-03,16,21,,0.01,,0.4
2001-02-04,6,17,-3,,,1.2
2001-02-05,18,,-1,0.19,,0.8
2001-02-06,36,39,24,0.02,,2.0
2001-02-07,40,45,37,0.03,,0.4
2001-02-08,40,46,33,,,
2001-02-09,39,54,29,,,
2001-02-10,33,40,,,,
2001-02-11,29,37,17,,,
2001-02-12,39,,31,0.07,,
2001-02-13,40,45,,0.07,,
2001-02-14,34,39,,0.06,,
2001-02-15,33,36,30,,,
2001-02-16,33,38,29,,,
2001-02-17,33,40,28,,,
2001-02-18,32,35,30,0.07,,
2001-02-19,30,35,26,,,
2001-02-20,33,37,28,0.02,,0.4
2001-02-21,34,38,32,0.12,,
2001-02-22,30,34,28,0.06,,1.2
2001-02-23,24,29,,0.05,,1.2
2001-02-24,17,22,13,0.03,,1.6
2001-02-25,18,27,11,,,1.2
2001-02-26,20,30,11,,,0.8
2001-02-27,20,28,,0.06,,0.8
2001-02-28,22,35,4,,,0.8
2001-03-01,29,36,17,,,
2001-03-02,33,38,31,0.19,,1.6
2001-03-03,33,39,26,,,0.8
2001-03-04,33,37,28,,,
2001-03-05,30,33,,,,2.4
2001-03-06,27,38,17,,,2.0
2001-03-07,29,41,14,,,1.2
2001-03-08,34,45,22,,,0.8
2001-03-09,37,41,30,,,
2001-03-10,46,57,41,,,
2001-03-11,47,58,39,,,
2001-03-12,51,61,44,,,
2001-03-13,48,56,,0.04,,
2001-03-14,41,52,,0.15,,
2001-03-15,37,46,,0.05,,
2001-03-16,36,42,29,,,
2001-03-17,35,39,30,,,
2001-03-18,34,37,,0.06,,
2001-03-19,35,40,29,,,
2001-03-20,32,37,,0.22,,
2001-03-21,28,35,24,,,0.8
2001-03-22,28,38,17,,,
2001-03-23,29,37,,,,
2001-03-24,30,40,16,,,
2001-03-25,31,38,26,,,
2001-03-26,29,34,25,,,
2001-03-27,29,38,,,,
2001-03-28,31,45,16,,,
2001-03-29,33,45,18,,,
2001-03-30,38,49,26,,,
2001-03-31,42,54,29,,,
2001-04-01,47,58,38,,,
2001-04-02,50,61,,,,
2001-04-03,51,66,30,,,
2001-04-04,53,67,35,,,
2001-04-05,51,65,,,,
2001-04-06,42,51,,,,
2001-04-07,45,60,27,,,
2001-04-08,53,66,37,,,
2001-04-09,49,58,,,,
2001-04-10,40,46,39,0.20,,
2001-04-11,41,44,,0.12,,
2001-04-12,38,43,,,,
2001-04-13,33,43,,0.01,,
2001-04-14,31,38,24,0.07,,
2001-04-15,33,41,27,,,0.4
2001-04-16,39,49,28,,,
2001-04-17,44,52,37,0.04,,
2001-04-18,43,54,30,,,
2001-04-19,47,55,35,,,
2001-04-20,48,61,40,0.24,,
2001-04-21,51,62,42,,,
2001-04-22,52,56,48,0.04,,
2001-04-23,53,56,,0.27,,
2001-04-24,53,63,46,,,
2001-04-25,54,66,41,0.04,,
2001-04-26,56,70,39,,,
2001-04-27,48,57,46,0.40,,
2001-04-28,53,63,38,,,
2001-04-29,53,64,,,,
2001-04-30,62,77,39,,,
2001-05-01,68,80,,,,
2001-05-02,58,70,,,,
2001-05-03,55,68,36,,,
2001-05-04,60,73,42,,,
2001-05-05,65,78,47,,,
2001-05-06,62,76,49,,,
2001-05-07,63,77,49,,,
2001-05-08,58,67,,,,
2001-05-09,59,70,39,,,
2001-05-10,59,72,42,,,
2001-05-11,52,63,45,,,
2001-05-12,50,57,43,,,
2001-05-13,53,63,40,,,
2001-05-14,51,69,34,,,
2001-05-15,60,73,44,,,
2001-05-16,61,75,46,,,
2001-05-17,66,79,48,,,
2001-05-18,65,80,54,,,
2001-05-19,51,59,,0.20,,
2001-05-20,52,59,42,,,
2001-05-21,50,59,,,,
2001-05-22,45,52,35,,,
2001-05-23,49,62,32,,,
2001-05-24,61,72,43,,,
2001-05-25,54,66,,,,
2001-05-26,47,57,35,,,
2001-05-27,53,65,39,,,
2001-05-28,56,63,45,,,
2001-05-29,54,60,,,,
2001-05-30,50,57,44,0.13,,
2001-05-31,47,57,,,,
2001-06-01,53,61,34,,,
2001-06-02,53,62,43,0.12,,
2001-06-03,53,64,,,,
2001-06-04,53,63,38,,,
2001-06-05,55,66,46,,,
2001-06-06,56,66,40,,,
2001-06-07,56,67,41,,,
2001-06-08,60,72,42,,,
2001-06-09,53,59,,0.13,,
2001-06-10,55,64,40,,,
2001-06-11,53,57,,0.10,,
2001-06-12,52,61,43,0.05,,
2001-06-13,54,63,,,,
2001-06-14,57,69,36,,,
2001-06-15,60,70,,,,
2001-06-16,59,74,43,,,
2001-06-17,63,70,55,,,
2001-06-18,63,71,,,,
2001-06-19,58,65,49,0.03,,
2001-06-20,61,70,51,,,
2001-06-21,60,69,53,,,
2001-06-22,58,68,50,,,
2001-06-23,54,57,51,0.07,,
2001-06-24,58,65,49,0.06,,
2001-06-25,62,74,54,0.14,,
2001-06-26,60,72,51,,,
2001-06-27,61,72,,,,
2001-06-28,62,74,45,,,
2001-06-29,64,79,46,,,
2001-06-30,70,81,51,,,
2001-07-01,69,79,54,,,
2001-07-02,61,74,59,0.38,,
2001-07-03,63,73,59,0.03,,
2001-07-04,70,80,60,,,
2001-07-05,69,83,56,0.28,,
2001-07-06,69,83,56,,,
2001-07-07,73,85,58,,,
2001-07-08,72,83,60,,,
2001-07-09,66,73,61,0.82,,
2001-07-10,62,69,60,,,
2001-07-11,67,80,56,0.20,,
2001-07-12,64,74,,,,
2001-07-13,67,77,47,,,
2001-07-14,73,85,56,,,
2001-07-15,79,90,61,,,
2001-07-16,80,90,71,,,
2001-07-17,74,87,,,,
2001-07-18,68,78,,,,
2001-07-19,67,77,58,,,
2001-07-20,74,83,58,,,
2001-07-21,72,83,64,,,
2001-07-22,72,78,62,,,
2001-07-23,71,78,65,,,
2001-07-24,72,85,,0.05,,
2001-07-25,69,80,59,,,
2001-07-26,67,75,60,,,
2001-07-27,70,80,62,,,
2001-07-28,70,79,63,,,
2001-07-29,72,82,,,,
2001-07-30,72,83,55,,,
2001-07-31,70,79,62,,,
2001-08-01,63,72,,0.06,,
2001-08-02,58,71,48,,,
2001-08-03,64,75,43,,,
2001-08-04,71,80,62,,,
2001-08-05,66,73,,0.04,,
2001-08-06,61,72,,,,
2001-08-07,61,75,45,,,
2001-08-08,68,78,55,,,
2001-08-09,69,79,,,,
2001-08-10,62,75,54,,,
2001-08-11,61,70,,,,
2001-08-12,54,69,44,,,
2001-08-13,62,68,47,,,
2001-08-14,65,75,58,,,
2001-08-15,70,80,,,,
2001-08-16,71,82,57,,,
2001-08-17,74,87,61,,,
2001-08-18,74,87,61,,,
2001-08-19,73,86,59,,,
2001-08-20,67,86,56,,,
2001-08-21,76,87,58,,,
2001-08-22,70,82,57,0.06,,
2001-08-23,65,74,54,,,
2001-08-24,60,73,44,,,
2001-08-25,63,74,49,,,
2001-08-26,63,76,51,,,
2001-08-27,69,81,48,,,
2001-08-28,55,74,51,0.63,,
2001-08-29,55,61,48,0.08,,
2001-08-30,56,68,44,,,
2001-08-31,56,70,39,,,
2001-09-01,59,69,45,,,
2001-09-02,59,63,54,,,
2001-09-03,57,63,,,,
2001-09-04,62,73,47,,,
2001-09-05,61,71,52,0.03,,
2001-09-06,59,70,49,0.11,,
2001-09-07,58,61,,0.55,,
2001-09-08,55,61,49,0.16,,
2001-09-09,50,56,46,,,
2001-09-10,50,53,46,0.06,,
2001-09-11,53,59,48,0.03,,
2001-09-12,51,54,48,0.94,,
2001-09-13,54,60,50,,,
2001-09-14,58,63,53,0.11,,
2001-09-15,56,60,53,0.20,,
2001-09-16,60,67,52,,,
2001-09-17,58,63,54,0.24,,
2001-09-18,60,66,,0.43,,
2001-09-19,54,58,46,,,
2001-09-20,56,65,50,,,
2001-09-21,56,61,49,,,
2001-09-22,55,63,,0.07,,
2001-09-23,52,59,,0.79,,
2001-09-24,51,60,43,,,
2001-09-25,43,53,,,,
2001-09-26,40,54,30,,,
2001-09-27,40,,27,,,
2001-09-28,41,45,,,,
2001-09-29,45,54,33,,,
2001-09-30,46,56,31,,,
2001-10-01,51,59,41,0.12,,
2001-10-02,59,65,53,,,
2001-10-03,65,72,56,,,
2001-10-04,55,65,,0.63,,
2001-10-05,52,59,,,,
2001-10-06,51,63,41,,,
2001-10-07,53,65,38,,,
2001-10-08,55,62,48,0.03,,
2001-10-09,59,68,50,,,
2001-10-10,55,63,48,,,
2001-10-11,52,57,,0.16,,
2001-10-12,51,58,43,,,
2001-10-13,56,62,,0.03,,
2001-10-14,53,65,42,,,
2001-10-15,51,59,,,,
2001-10-16,48,58,38,,,
2001-10-17,51,54,43,,,
2001-10-18,51,55,44,,,
2001-10-19,53,56,47,,,
2001-10-20,49,53,,,,
2001-10-21,46,53,41,,,
2001-10-22,45,49,38,,,
2001-10-23,37,45,,,,
2001-10-24,31,44,20,,,
2001-10-25,31,44,18,,,
2001-10-26,40,46,27,,,
2001-10-27,43,52,31,,,
2001-10-28,44,49,38,,,
2001-10-29,47,49,42,0.05,,
2001-10-30,50,,45,0.39,,
2001-10-31,58,63,,,,
2001-11-01,45,62,,0.04,,
2001-11-02,37,43,,,,
2001-11-03,42,47,28,,,
2001-11-04,47,49,,0.01,,
2001-11-05,43,49,,,,
2001-11-06,38,42,33,,,
2001-11-07,42,46,38,0.04,,
2001-11-08,41,,36,0.05,,
2001-11-09,42,47,,,,
2001-11-10,35,42,,,,
2001-11-11,35,39,29,,,
2001-11-12,38,41,35,,,
2001-11-13,35,42,,,,
2001-11-14,31,35,,,,
2001-11-15,32,,22,,,
2001-11-16,35,40,,0.01,,
2001-11-17,34,39,26,,,
2001-11-18,41,43,36,,,
2001-11-19,35,42,,,,
2001-11-20,26,34,21,,,
2001-11-21,28,,19,0.04,,
2001-11-22,40,44,34,0.20,,
2001-11-23,35,40,,0.15,,
2001-11-24,33,35,32,0.12,,
2001-11-25,29,33,,0.03,,
2001-11-26,29,34,,0.06,,0.4
2001-11-27,28,31,20,,,0.4
2001-11-28,28,30,26,,,0.4
2001-11-29,28,29,25,0.12,,1.6
2001-11-30,29,31,27,,,2.0
2001-12-01,26,29,24,,,2.0
2001-12-02,28,30,25,,,1.6
2001-12-03,28,31,20,0.06,,1.6
2001-12-04,17,21,,,,1.6
2001-12-05,20,23,13,,,1.6
2001-12-06,14,20,,,,1.6
2001-12-07,10,20,3,,,1.6
2001-12-08,11,19,2,,,
2001-12-09,11,,0,,,1.2
2001-12-10,29,33,15,0.06,,1.2
2001-12-11,30,32,28,,,1.6
2001-12-12,18,30,,0.02,,2.4
2001-12-13,6,13,,0.06,,2.4
2001-12-14,11,,-7,,,2.8
2001-12-15,28,30,22,0.03,,3.5
2001-12-16,14,27,,,,3.9
2001-12-17,17,,-6,,,3.9
2001-12-18,31,34,22,0.04,,4.7
2001-12-19,32,35,24,0.03,,4.7
2001-12-20,26,35,,,,3.9
2001-12-21,20,,12,0.15,,3.9
2001-12-22,23,32,,0.11,,8.7
2001-12-23,13,20,0,,,8.7
2001-12-24,13,,3,0.01,,8.3
2001-12-25,28,,18,0.08,,10.2
2001-12-26,34,36,31,0.04,,9.4
2001-12-27,31,33,28,0.01,,9.4
2001-12-28,25,30,21,0.05,,9.8
2001-12-29,32,34,27,0.28,,12.2
2001-12-30,28,31,,0.07,,13.8
2001-12-31,20,27,,0.05,,15.4
2002-01-01,18,,11,0.03,,14.2
2002-01-02,20,,,0.19,,15.4
2002-01-03,-1,8,,,,15.4
2002-01-04,6,,-15,,,15.0
2002-01-05,24,29,16,0.03,,15.0
2002-01-06,27,,16,,,15.0
2002-01-07,32,34,30,,,14.2
2002-01-08,32,34,31,0.01,,13.8
2002-01-09,35,36,32,0.03,,13.4
2002-01-10,32,35,,0.06,,11.8
2002-01-11,29,31,,,,10.6
2002-01-12,24,28,22,,,10.2
2002-01-13,29,31,24,0.06,,10.2
2002-01-14,28,30,26,,,10.2
2002-01-15,22,27,,,,9.8
2002-01-16,21,,18,,,9.8
2002-01-17,21,23,20,,,9.8
2002-01-18,25,28,20,,,9.8
2002-01-19,26,30,20,0.03,,
2002-01-20,33,36,28,0.02,,9.8
2002-01-21,36,39,33,0.28,,8.3
2002-01-22,38,39,36,0.03,,7.1
2002-01-23,39,41,,,,5.1
2002-01-24,37,41,32,,,3.9
2002-01-25,36,42,,0.05,,2.4
2002-01-26,33,,27,,,2.4
2002-01-27,42,44,40,0.39,,
2002-01-28,42,,33,0.06,,
2002-01-29,42,49,,0.32,,
2002-01-30,38,46,,0.06,,
2002-01-31,42,49,30,0.06,,
2002-02-01,42,45,38,0.18,,
2002-02-02,45,48,40,,,
2002-02-03,46,56,,,,
2002-02-04,42,51,33,,,
2002-02-05,39,51,33,,,
2002-02-06,40,47,32,,,
2002-02-07,43,47,40,,,
2002-02-08,40,42,37,,,
2002-02-09,43,,38,0.08,,
2002-02-10,43,48,38,0.24,,
2002-02-11,42,,39,0.08,,
2002-02-12,46,50,44,0.28,,
2002-02-13,37,45,,0.02,,
2002-02-14,31,34,,0.02,,
2002-02-15,32,38,21,,,
2002-02-16,34,37,31,,,
2002-02-17,36,49,26,,,
2002-02-18,38,44,30,,,
2002-02-19,37,40,33,,,
2002-02-20,33,38,30,0.02,,
2002-02-21,32,40,,0.33,,
2002-02-22,24,,11,,,
2002-02-23,35,40,28,0.06,,0.4
2002-02-24,32,35,,0.28,,2.0
2002-02-25,30,34,,0.02,,2.4
2002-02-26,29,,11,,,2.4
2002-02-27,41,49,34,0.51,,0.8
2002-02-28,37,44,,0.04,,
2002-03-01,37,42,31,0.05,,
2002-03-02,32,38,,,,
2002-03-03,29,34,24,,,
2002-03-04,36,39,25,0.09,,1.6
2002-03-05,42,47,,,,
2002-03-06,45,53,34,,,
2002-03-07,40,51,,0.47,,
2002-03-08,37,44,32,,,0.8
2002-03-09,42,50,31,,,
2002-03-10,40,47,35,0.06,,
2002-03-11,39,54,32,,,
2002-03-12,43,56,33,,,
2002-03-13,46,58,36,,,
2002-03-14,38,47,,,,
2002-03-15,33,40,26,,,
2002-03-16,35,45,24,,,
2002-03-17,42,52,30,,,
2002-03-18,45,58,33,,,
2002-03-19,46,58,37,,,
2002-03-20,41,51,,0.13,,
2002-03-21,36,42,,0.11,,
2002-03-22,32,38,26,,,
2002-03-23,35,41,30,0.11,,0.4
2002-03-24,34,37,32,0.06,,
2002-03-25,35,45,,0.06,,
2002-03-26,34,46,25,,,
2002-03-27,34,43,,,,
2002-03-28,40,46,28,,,
2002-03-29,42,57,28,,,
2002-03-30,44,63,27,,,
2002-03-31,48,62,29,,,
2002-04-01,46,58,30,,,
2002-04-02,44,56,30,,,
2002-04-03,36,47,27,,,
2002-04-04,34,41,22,,,
2002-04-05,29,35,,0.02,,
2002-04-06,29,35,20,,,
2002-04-07,36,45,26,0.03,,0.4
2002-04-08,38,50,,,,
2002-04-09,38,51,24,,,
2002-04-10,44,54,33,,,
2002-04-11,48,61,,,,
2002-04-12,53,63,37,,,
2002-04-13,45,56,42,0.11,,
2002-04-14,49,58,43,0.04,,
2002-04-15,53,,42,,,
2002-04-16,51,58,43,,,
2002-04-17,49,51,42,,,
2002-04-18,51,61,,,,
2002-04-19,52,64,39,,,
2002-04-20,55,67,42,,,
2002-04-21,59,69,46,0.05,,
2002-04-22,54,63,44,,,
2002-04-23,50,63,35,,,
2002-04-24,53,65,35,,,
2002-04-25,56,64,47,,,
2002-04-26,52,61,,,,
2002-04-27,53,58,43,,,
2002-04-28,46,57,36,,,
2002-04-29,56,69,38,,,
2002-04-30,50,62,,0.15,,
2002-05-01,53,65,33,,,
2002-05-02,62,75,46,,,
2002-05-03,67,79,51,,,
2002-05-04,67,77,56,,,
2002-05-05,63,75,,,,
2002-05-06,59,76,44,,,
2002-05-07,60,77,42,,,
2002-05-08,63,79,44,,,
2002-05-09,64,82,45,,,
2002-05-10,62,75,49,,,
2002-05-11,63,74,52,,,
2002-05-12,64,,50,,,
2002-05-13,67,79,52,,,
2002-05-14,64,74,50,,,
2002-05-15,56,66,50,0.07,,
2002-05-16,56,62,49,,,
2002-05-17,53,58,,0.39,,
2002-05-18,51,61,,,,
2002-05-19,51,62,36,,,
2002-05-20,55,66,36,,,
2002-05-21,56,69,36,,,
2002-05-22,60,,36,,,
2002-05-23,64,77,47,,,
2002-05-24,68,79,50,,,
2002-05-25,62,72,,,,
2002-05-26,64,74,43,,,
2002-05-27,69,82,60,0.06,,
2002-05-28,65,71,59,0.24,,
2002-05-29,62,72,,,,
2002-05-30,63,72,45,,,
2002-05-31,60,69,51,,,
2002-06-01,58,65,49,,,
2002-06-02,59,68,53,0.05,,
2002-06-03,64,75,53,0.34,,
2002-06-04,65,77,48,,,
2002-06-05,66,75,51,,,
2002-06-06,61,71,,,,
2002-06-07,61,69,49,,,
2002-06-08,56,62,53,0.06,,
2002-06-09,60,68,,,,
2002-06-10,59,70,47,,,
2002-06-11,58,65,49,0.43,,
2002-06-12,61,71,52,,,
2002-06-13,63,75,48,,,
2002-06-14,58,64,52,0.25,,
2002-06-15,62,,52,,,
2002-06-16,62,69,,,,
2002-06-17,63,72,50,,,
2002-06-18,67,,53,,,
2002-06-19,68,,53,,,
2002-06-20,76,87,56,,,
2002-06-21,73,83,,,,
2002-06-22,64,74,,0.03,,
2002-06-23,65,77,51,,,
2002-06-24,60,70,49,,,
2002-06-25,60,70,48,,,
2002-06-26,59,71,46,0.03,,
2002-06-27,66,76,42,,,
2002-06-28,59,71,,0.32,,
2002-06-29,57,65,50,,,
2002-06-30,59,67,49,,,
2002-07-01,63,72,54,,,
2002-07-02,72,85,58,,,
2002-07-03,71,,60,,,
2002-07-04,70,86,,1.02,,
2002-07-05,58,64,,0.41,,
2002-07-06,62,75,43,,,
2002-07-07,68,81,50,,,
2002-07-08,67,76,,,,
2002-07-09,69,81,53,,,
2002-07-10,76,87,56,,,
2002-07-11,73,91,,0.32,,
2002-07-12,68,75,58,0.43,,
2002-07-13,70,80,59,0.00,,
2002-07-14,75,85,61,,,
2002-07-15,75,86,64,,,
2002-07-16,74,83,65,,,
2002-07-17,75,85,65,,,
2002-07-18,74,83,66,,,
2002-07-19,76,86,,,,
2002-07-20,68,78,,,,
2002-07-21,67,75,,,,
2002-07-22,64,,56,,,
2002-07-23,61,69,54,,,
2002-07-24,65,75,49,,,
2002-07-25,61,68,,,,
2002-07-26,59,71,43,,,
2002-07-27,67,,44,,,
2002-07-28,70,86,49,,,
2002-07-29,75,88,55,0.21,,
2002-07-30,77,91,64,0.00,,
2002-07-31,78,89,65,,,
2002-08-01,76,88,67,,,
2002-08-02,77,92,62,,,
2002-08-03,75,84,64,,,
2002-08-04,71,79,65,,,
2002-08-05,69,77,,,,
2002-08-06,66,75,56,,,
2002-08-07,67,80,,,,
2002-08-08,67,79,46,,,
2002-08-09,65,80,46,,,
2002-08-10,65,80,48,,,
2002-08-11,72,85,58,,,
2002-08-12,65,75,,,,
2002-08-13,63,71,59,,,
2002-08-14,65,72,59,0.19,,
2002-08-15,71,82,60,,,
2002-08-16,72,84,58,,,
2002-08-17,74,86,57,,,
2002-08-18,67,79,,,,
2002-08-19,66,80,46,,,
2002-08-20,64,81,,,,
2002-08-21,64,84,45,,,
2002-08-22,69,83,49,,,
2002-08-23,63,78,,,,
2002-08-24,64,76,44,,,
2002-08-25,63,79,46,,,
2002-08-26,65,79,44,,,
2002-08-27,65,79,46,,,
2002-08-28,67,83,50,,,
2002-08-29,66,83,51,,,
2002-08-30,67,83,49,0.00,,
2002-08-31,70,85,53,0.00,,
2002-09-01,64,83,49,,,
2002-09-02,61,72,,0.12,,
2002-09-03,63,78,47,0.00,,
2002-09-04,67,83,52,0.00,,
2002-09-05,67,84,,0.00,,
2002-09-06,67,83,48,0.00,,
2002-09-07,59,70,49,,,
2002-09-08,63,77,48,,,
2002-09-09,62,76,51,,,
2002-09-10,64,77,49,0.00,,
2002-09-11,57,66,,,,
2002-09-12,49,63,,0.00,,
2002-09-13,47,64,31,0.00,,
2002-09-14,52,56,37,0.00,,
2002-09-15,54,62,,0.19,,
2002-09-16,49,55,44,0.00,,
2002-09-17,52,62,41,0.00,,
2002-09-18,53,59,47,0.08,,
2002-09-19,51,62,,0.00,,
2002-09-20,49,63,33,0.00,,
2002-09-21,53,63,,0.03,,
2002-09-22,48,53,43,0.08,,
2002-09-23,44,51,,0.00,,
2002-09-24,40,54,,0.00,,
2002-09-25,44,56,29,0.00,,
2002-09-26,44,50,,,,
2002-09-27,47,58,34,0.00,,
2002-09-28,42,51,,0.00,,
2002-09-29,48,57,29,,,
2002-09-30,53,59,48,0.00,,
2002-10-01,54,62,46,,,
2002-10-02,48,58,39,,,
2002-10-03,54,63,38,0.00,,
2002-10-04,51,58,45,0.00,,
2002-10-05,49,54,,0.02,,
2002-10-06,49,55,45,0.13,,
2002-10-07,43,49,36,0.21,,
2002-10-08,38,40,36,0.26,,
2002-10-09,36,42,,0.71,,
2002-10-10,35,43,24,0.00,,
2002-10-11,36,43,27,0.00,,
2002-10-12,36,38,34,0.00,,
2002-10-13,35,38,32,,,
2002-10-14,35,,32,0.43,,0.8
2002-10-15,46,49,36,0.09,,
2002-10-16,48,,46,0.04,,
2002-10-17,54,57,49,0.36,,
2002-10-18,49,55,,0.08,,
2002-10-19,44,50,,0.00,,
2002-10-20,36,42,,0.14,,
2002-10-21,38,43,27,0.15,,
2002-10-22,42,,37,0.01,,
2002-10-23,53,58,44,0.43,,
2002-10-24,46,56,,0.02,,
2002-10-25,39,47,,0.00,,
2002-10-26,47,52,,,,
2002-10-27,46,50,43,0.08,,
2002-10-28,44,49,,0.53,,
2002-10-29,40,47,,0.35,,
2002-10-30,39,45,31,0.18,,
2002-10-31,37,42,,0.03,,
2002-11-01,38,45,30,0.00,,
2002-11-02,39,43,,0.17,,
2002-11-03,34,38,,0.01,,
2002-11-04,31,35,22,0.00,,
2002-11-05,30,35,,0.00,,
2002-11-06,30,38,24,0.00,,
2002-11-07,27,32,21,,,
2002-11-08,30,33,26,0.31,,3.9
2002-11-09,33,36,29,0.00,,3.1
2002-11-10,33,35,,0.13,,2.8
2002-11-11,32,35,29,0.03,,1.6
2002-11-12,30,35,,0.00,,1.2
2002-11-13,36,44,23,0.00,,1.2
2002-11-14,36,41,31,0.00,,
2002-11-15,44,50,33,0.00,,
2002-11-16,48,56,38,,,
2002-11-17,56,61,45,0.00,,
2002-11-18,43,53,38,0.00,,
2002-11-19,42,47,,0.00,,
2002-11-20,36,43,33,0.01,,
2002-11-21,31,37,24,0.02,,
2002-11-22,36,42,25,0.00,,
2002-11-23,44,,35,,,
2002-11-24,41,47,35,0.08,,
2002-11-25,42,46,36,0.03,,
2002-11-26,45,49,40,0.00,,
2002-11-27,44,47,,0.00,,
2002-11-28,39,42,,0.00,,
2002-11-29,35,38,,,,
2002-11-30,26,34,,0.11,,0.8
2002-12-01,23,25,20,0.11,,2.0
2002-12-02,21,25,20,0.02,,2.0
2002-12-03,23,25,20,0.00,,1.6
2002-12-04,24,28,19,0.00,,1.6
2002-12-05,25,28,19,0.00,,1.6
2002-12-06,19,28,,0.00,,
2002-12-07,13,20,7,0.00,,1.6
2002-12-08,11,16,,0.00,,1.6
2002-12-09,1,15,-7,0.00,,1.6
2002-12-10,6,16,-7,,,1.2
2002-12-11,19,,8,0.01,,1.6
2002-12-12,21,23,18,0.00,,1.2
2002-12-13,26,,19,,,1.2
2002-12-14,27,29,,0.00,,1.6
2002-12-15,11,28,,0.00,,1.6
2002-12-16,10,,3,0.00,,1.6
2002-12-17,18,,12,0.00,,1.6
2002-12-18,26,,21,0.07,,2.4
2002-12-19,23,30,,0.06,,3.5
2002-12-20,22,25,9,0.00,,3.5
2002-12-21,24,,19,0.00,,3.5
2002-12-22,21,29,,0.09,,4.3
2002-12-23,5,17,-6,0.00,,3.9
2002-12-24,9,14,0,,,3.9
2002-12-25,6,13,,0.00,,3.5
2002-12-26,-1,8,-9,0.00,,3.5
2002-12-27,13,,0,0.00,,3.5
2002-12-28,28,30,20,0.00,,3.5
2002-12-29,33,,29,0.00,,2.8
2002-12-30,28,36,,0.13,,1.6
2002-12-31,10,18,4,0.09,,1.2
2003-01-01,12,20,5,0.00,,1.2
2003-01-02,27,,11,0.02,,1.6
2003-01-03,28,36,,0.54,,3.9
2003-01-04,11,21,,0.02,,3.9
2003-01-05,13,18,-1,0.00,,3.9
2003-01-06,5,17,0,0.00,,3.9
2003-01-07,-3,5,-12,0.00,,4.3
2003-01-08,-6,6,-16,,,3.9
2003-01-09,3,13,-6,0.00,,3.9
2003-01-10,15,25,-4,,,3.9
2003-01-11,2,24,-8,0.00,,3.9
2003-01-12,22,,-5,,,3.9
2003-01-13,31,33,28,0.07,,5.1
2003-01-14,35,,31,0.04,,5.1
2003-01-15,39,40,,0.00,,2.8
2003-01-16,36,39,33,,,1.2
2003-01-17,36,39,,0.00,,
2003-01-18,33,38,28,,,
2003-01-19,32,35,,,,
2003-01-20,31,36,26,0.00,,
2003-01-21,31,33,29,0.00,,
2003-01-22,30,,26,,,
2003-01-23,33,34,31,0.00,,
2003-01-24,34,36,33,0.00,,
2003-01-25,32,35,31,0.00,,
2003-01-26,32,33,30,0.00,,
2003-01-27,35,,31,0.00,,
2003-01-28,39,43,34,0.18,,
2003-01-29,34,37,,0.33,,
2003-01-30,28,32,,0.11,,1.6
2003-01-31,17,27,,0.00,,2.0
2003-02-01,11,21,,0.00,,2.0
2003-02-02,8,21,-5,0.00,,1.6
2003-02-03,17,,7,,,1.6
2003-02-04,24,,22,,,2.4
2003-02-05,22,25,20,0.02,,2.4
2003-02-06,22,24,19,0.23,,5.5
2003-02-07,22,24,20,0.18,,10.2
2003-02-08,27,28,23,0.14,,13.8
2003-02-09,27,31,25,0.00,,13.8
2003-02-10,26,30,22,,,13.0
2003-02-11,20,28,,0.00,,9.8
2003-02-12,9,19,,0.00,,9.8
2003-02-13,15,,-3,0.00,,9.8
2003-02-14,25,28,20,,,
2003-02-15,25,30,,0.00,,9.1
2003-02-16,9,,,0.00,,8.7
2003-02-17,16,,-9,,,8.3
2003-02-18,30,32,26,,,8.3
2003-02-19,29,33,26,0.00,,8.3
2003-02-20,30,33,27,0.00,,7.5
2003-02-21,29,42,,0.00,,7.5
2003-02-22,23,35,11,0.00,,6.7
2003-02-23,20,34,12,0.00,,5.9
2003-02-24,20,36,5,0.00,,5.9
2003-02-25,18,31,,0.00,,5.5
2003-02-26,19,37,4,0.00,,5.1
2003-02-27,18,24,,,,
2003-02-28,20,24,13,0.00,,4.7
2003-03-01,21,25,,0.00,,4.7
2003-03-02,22,28,12,0.00,,4.7
2003-03-03,24,31,15,0.00,,4.7
2003-03-04,23,29,10,0.01,,5.1
2003-03-05,22,29,12,0.03,,5.9
2003-03-06,28,38,15,0.00,,5.9
2003-03-07,26,40,,,,
2003-03-08,27,36,13,0.00,,4.7
2003-03-09,32,37,22,,,3.9
2003-03-10,36,39,33,0.07,,3.1
2003-03-11,39,41,36,0.00,,2.8
2003-03-12,39,43,,0.26,,
2003-03-13,30,38,26,0.03,,
2003-03-14,35,38,32,0.09,,1.2
2003-03-15,33,41,28,0.00,,
2003-03-16,31,38,24,0.00,,
2003-03-17,34,42,29,0.00,,
2003-03-18,38,45,,,,
2003-03-19,38,46,32,0.00,,
2003-03-20,30,41,,0.03,,0.4
2003-03-21,23,30,18,0.00,,
2003-03-22,26,36,12,,,
2003-03-23,40,51,25,,,
2003-03-24,42,54,,0.00,,
2003-03-25,38,54,24,0.00,,
2003-03-26,39,54,24,0.00,,
2003-03-27,40,55,24,0.00,,
2003-03-28,43,60,27,0.12,,
2003-03-29,46,60,,,,
2003-03-30,45,58,28,0.00,,
2003-03-31,39,,,,,
2003-04-01,30,,22,0.01,,
2003-04-02,42,49,24,0.00,,
2003-04-03,43,,35,0.00,,
2003-04-04,37,43,32,0.00,,
2003-04-05,33,42,,0.04,,
2003-04-06,30,34,26,0.06,,
2003-04-07,29,31,26,0.06,,1.6
2003-04-08,28,30,25,0.15,,3.5
2003-04-09,30,34,26,0.08,,4.7
2003-04-10,35,,24,0.00,,4.3
2003-04-11,37,44,33,0.00,,
2003-04-12,38,47,,0.31,,
2003-04-13,41,54,25,0.00,,
2003-04-14,46,57,,0.00,,
2003-04-15,46,58,34,0.00,,
2003-04-16,44,56,29,0.00,,
2003-04-17,46,59,29,0.00,,
2003-04-18,49,62,37,,,
2003-04-19,48,60,,0.00,,
2003-04-20,47,63,30,0.00,,
2003-04-21,56,67,30,0.00,,
2003-04-22,50,59,45,,,
2003-04-23,51,62,,0.00,,
2003-04-24,53,65,34,0.00,,
2003-04-25,43,56,,0.00,,
2003-04-26,42,52,24,0.00,,
2003-04-27,42,46,,0.00,,
2003-04-28,51,64,36,0.13,,
2003-04-29,62,75,37,0.02,,
2003-04-30,62,71,50,0.03,,
2003-05-01,62,69,,0.00,,
2003-05-02,56,68,43,0.00,,
2003-05-03,57,77,41,,,
2003-05-04,52,60,,,,
2003-05-05,51,66,34,0.00,,
2003-05-06,66,78,44,,,
2003-05-07,57,71,,,,
2003-05-08,56,66,35,0.00,,
2003-05-09,59,75,41,,,
2003-05-10,54,67,,0.00,,
2003-05-11,59,71,43,,,
2003-05-12,58,65,,0.25,,
2003-05-13,60,73,47,0.00,,
2003-05-14,53,61,,1.92,,
2003-05-15,46,50,,0.07,,
2003-05-16,47,57,,0.22,,
2003-05-17,49,62,34,0.00,,
2003-05-18,57,70,38,,,
2003-05-19,58,68,49,0.00,,
2003-05-20,60,67,52,0.06,,
2003-05-21,52,59,49,0.35,,
2003-05-22,54,58,49,0.01,,
2003-05-23,59,70,46,0.06,,
2003-05-24,62,75,47,0.00,,
2003-05-25,71,82,51,0.00,,
2003-05-26,74,87,58,0.00,,
2003-05-27,69,82,,0.00,,
2003-05-28,65,74,,0.00,,
2003-05-29,59,69,,0.00,,
2003-05-30,59,73,40,0.00,,
2003-05-31,65,78,44,0.00,,
2003-06-01,59,71,,0.08,,
2003-06-02,57,71,38,0.00,,
2003-06-03,60,71,42,0.00,,
2003-06-04,61,72,42,0.00,,
2003-06-05,68,83,43,0.00,,
2003-06-06,67,75,,,,
2003-06-07,63,74,49,0.00,,
2003-06-08,68,83,47,0.00,,
2003-06-09,70,82,53,,,
2003-06-10,64,75,49,0.00,,
2003-06-11,64,78,47,,,
2003-06-12,63,74,,0.00,,
2003-06-13,64,77,49,0.00,,
2003-06-14,61,72,49,0.00,,
2003-06-15,58,69,,,,
2003-06-16,56,64,47,0.00,,
2003-06-17,57,66,50,0.50,,
2003-06-18,56,68,41,0.00,,
2003-06-19,61,73,42,0.00,,
2003-06-20,58,65,,0.09,,
2003-06-21,54,59,49,0.28,,
2003-06-22,56,66,,0.50,,
2003-06-23,58,70,46,0.00,,
2003-06-24,60,67,51,0.28,,
2003-06-25,58,64,52,0.00,,
2003-06-26,62,71,,0.05,,
2003-06-27,62,73,49,0.00,,
2003-06-28,59,68,49,0.00,,
2003-06-29,61,74,45,0.09,,
2003-06-30,59,65,50,0.00,,
2003-07-01,67,78,53,0.08,,
2003-07-02,63,70,,0.28,,
2003-07-03,67,77,53,0.08,,
2003-07-04,66,76,,0.01,,
2003-07-05,63,72,50,0.00,,
2003-07-06,63,71,54,0.00,,
2003-07-07,62,70,58,0.11,,
2003-07-08,63,72,54,0.08,,
2003-07-09,64,73,53,0.00,,
2003-07-10,64,73,52,0.00,,
2003-07-11,62,71,,0.04,,
2003-07-12,60,75,46,0.00,,
2003-07-13,62,70,47,0.06,,
2003-07-14,67,76,56,0.00,,
2003-07-15,68,81,59,0.02,,
2003-07-16,69,83,57,0.27,,
2003-07-17,71,85,57,0.27,,
2003-07-18,75,86,60,0.28,,
2003-07-19,71,81,60,0.00,,
2003-07-20,70,80,,0.00,,
2003-07-21,72,85,56,0.00,,
2003-07-22,75,87,58,0.00,,
2003-07-23,69,79,63,0.08,,
2003-07-24,69,81,,0.00,,
2003-07-25,72,83,55,0.00,,
2003-07-26,71,84,64,0.06,,
2003-07-27,74,85,60,0.21,,
2003-07-28,77,90,61,0.00,,
2003-07-29,76,86,,0.00,,
2003-07-30,72,84,59,,,
2003-07-31,71,85,60,,,
2003-08-01,72,86,59,0.00,,
2003-08-02,67,79,,0.03,,
2003-08-03,68,83,49,0.00,,
2003-08-04,75,87,,,,
2003-08-05,69,79,56,0.00,,
2003-08-06,64,76,53,,,
2003-08-07,69,77,54,0.00,,
2003-08-08,67,79,56,0.00,,
2003-08-09,66,75,54,,,
2003-08-10,61,70,48,,,
2003-08-11,60,70,47,0.00,,
2003-08-12,63,75,51,,,
2003-08-13,67,83,54,0.00,,
2003-08-14,68,81,51,0.00,,
2003-08-15,67,74,51,,,
2003-08-16,63,72,,,,
2003-08-17,62,75,,,,
2003-08-18,64,78,47,0.00,,
2003-08-19,66,81,53,,,
2003-08-20,67,75,,,,
2003-08-21,63,71,52,0.00,,
2003-08-22,67,77,54,0.00,,
2003-08-23,66,75,54,0.00,,
2003-08-24,61,70,52,0.08,,
2003-08-25,61,69,57,0.37,,
2003-08-26,56,68,51,0.15,,
2003-08-27,55,63,50,0.07,,
2003-08-28,55,66,,0.04,,
2003-08-29,64,78,40,0.00,,
2003-08-30,61,71,57,0.27,,
2003-08-31,57,65,,0.28,,
2003-09-01,52,64,39,0.00,,
2003-09-02,49,56,44,0.10,,
2003-09-03,48,56,38,0.27,,
2003-09-04,50,58,38,0.00,,
2003-09-05,55,63,,0.28,,
2003-09-06,54,68,40,0.25,,
2003-09-07,54,67,39,0.00,,
2003-09-08,54,69,40,0.00,,
2003-09-09,53,,41,,,
2003-09-10,55,69,40,0.00,,
2003-09-11,58,68,47,0.00,,
2003-09-12,54,63,,0.00,,
2003-09-13,53,67,39,0.00,,
2003-09-14,53,70,40,0.00,,
2003-09-15,54,69,37,0.04,,
2003-09-16,56,70,39,0.00,,
2003-09-17,55,66,46,,,
2003-09-18,52,64,45,,,
2003-09-19,64,78,47,0.00,,
2003-09-20,59,71,,,,
2003-09-21,65,80,44,0.00,,
2003-09-22,58,72,,0.00,,
2003-09-23,66,81,46,,,
2003-09-24,52,63,,0.11,,
2003-09-25,48,61,,0.00,,
2003-09-26,47,62,31,0.00,,
2003-09-27,53,66,38,,,
2003-09-28,50,61,38,0.00,,
2003-09-29,59,69,39,0.00,,
2003-09-30,53,61,,0.03,,
2003-10-01,51,56,,0.59,,
2003-10-02,53,61,44,0.00,,
2003-10-03,49,55,,0.31,,
2003-10-04,51,61,37,0.00,,
2003-10-05,54,57,51,0.08,,
2003-10-06,49,56,,0.84,,
2003-10-07,46,51,,0.00,,
2003-10-08,44,48,,0.31,,
2003-10-09,44,50,39,0.00,,
2003-10-10,48,54,37,0.00,,
2003-10-11,50,56,,0.07,,
2003-10-12,47,53,,0.02,,
2003-10-13,44,49,38,0.00,,
2003-10-14,44,46,41,0.09,,
2003-10-15,41,46,,0.08,,
2003-10-16,38,45,,0.01,,
2003-10-17,38,45,28,0.00,,
2003-10-18,34,40,,,,
2003-10-19,36,51,24,0.00,,
2003-10-20,39,45,29,0.00,,
2003-10-21,37,40,,0.00,,
2003-10-22,32,36,,0.33,,0.4
2003-10-23,28,31,,0.06,,1.2
2003-10-24,25,32,14,0.00,,1.2
2003-10-25,32,36,26,,,1.2
2003-10-26,33,37,,0.19,,1.6
2003-10-27,31,36,,0.02,,
2003-10-28,34,41,26,0.03,,0.4
2003-10-29,34,41,27,0.00,,
2003-10-30,38,45,30,,,
2003-10-31,41,43,39,0.07,,
2003-11-01,47,51,41,0.00,,
2003-11-02,48,51,45,0.02,,
2003-11-03,46,,,0.00,,
2003-11-04,48,51,44,,,
2003-11-05,47,50,,0.06,,
2003-11-06,45,49,,0.00,,
2003-11-07,41,48,,,,
2003-11-08,34,39,31,,,
2003-11-09,38,40,34,0.00,,
2003-11-10,36,,,0.01,,
2003-11-11,28,,,0.00,,
2003-11-12,28,31,,,,
2003-11-13,26,31,24,0.00,,
2003-11-14,27,28,,,,
2003-11-15,27,,26,0.00,,
2003-11-16,31,,28,0.00,,
2003-11-17,35,,31,,,
2003-11-18,40,42,34,0.17,,
2003-11-19,47,52,37,0.21,,
2003-11-20,43,50,,0.99,,
2003-11-21,43,47,37,0.00,,
2003-11-22,44,48,,0.00,,
2003-11-23,42,50,36,0.00,,
2003-11-24,42,49,33,0.00,,
2003-11-25,41,48,34,0.00,,
2003-11-26,44,47,42,0.00,,
2003-11-27,44,46,,0.00,,
2003-11-28,44,47,42,0.01,,
2003-11-29,44,44,42,0.00,,
2003-11-30,40,44,38,0.00,,
2003-12-01,39,40,,0.00,,
2003-12-02,36,38,,0.00,,
2003-12-03,31,36,,0.00,,
2003-12-04,30,31,25,0.00,,
2003-12-05,36,41,30,0.00,,
2003-12-06,33,41,,0.35,,
2003-12-07,29,32,28,0.08,,1.2
2003-12-08,34,37,28,0.00,,0.8
2003-12-09,35,37,34,0.00,,
2003-12-10,33,38,,,,
2003-12-11,32,38,28,0.00,,
2003-12-12,33,35,,,,
2003-12-13,34,,30,0.00,,
2003-12-14,43,46,35,0.40,,
2003-12-15,33,43,,0.45,,
2003-12-16,29,33,,0.16,,2.0
2003-12-17,27,,20,0.06,,2.8
2003-12-18,38,40,29,0.01,,1.6
2003-12-19,33,40,,0.02,,
2003-12-20,32,,30,0.00,,
2003-12-21,38,40,33,0.01,,
2003-12-22,36,40,,0.17,,
2003-12-23,24,33,19,0.01,,
2003-12-24,22,30,16,0.00,,
2003-12-25,22,,17,,,
2003-12-26,32,35,23,,,
2003-12-27,31,34,30,0.00,,
2003-12-28,32,,24,0.00,,
2003-12-29,38,41,33,0.00,,
2003-12-30,34,37,32,,,
2003-12-31,32,33,,0.11,,
2004-01-01,28,32,,0.17,,2.8
2004-01-02,22,27,,0.09,,4.3
2004-01-03,13,21,,0.07,,4.7
2004-01-04,7,13,-1,0.01,,3.9
2004-01-05,18,,6,0.00,,3.9
2004-01-06,17,23,,0.01,,4.3
2004-01-07,14,18,3,0.00,,3.9
2004-01-08,14,17,,,,3.9
2004-01-09,11,,4,0.00,,3.9
2004-01-10,19,22,15,0.01,,4.3
2004-01-11,17,,15,0.00,,4.7
2004-01-12,30,33,17,0.04,,5.1
2004-01-13,31,33,30,0.13,,5.5
2004-01-14,34,36,30,0.08,,6.7
2004-01-15,33,35,,0.17,,5.1
2004-01-16,30,33,27,0.01,,5.1
2004-01-17,34,36,30,0.06,,5.9
2004-01-18,28,36,25,0.02,,4.7
2004-01-19,26,29,22,0.00,,4.7
2004-01-20,28,33,,0.10,,6.7
2004-01-21,18,28,,0.02,,7.1
2004-01-22,7,15,-2,0.00,,7.1
2004-01-23,17,21,10,0.00,,7.1
2004-01-24,14,20,,0.00,,7.1
2004-01-25,9,18,4,0.00,,6.7
2004-01-26,17,,3,0.00,,6.3
2004-01-27,20,22,,0.00,,6.3
2004-01-28,15,19,,0.01,,6.7
2004-01-29,17,21,7,0.03,,7.5
2004-01-30,21,28,12,0.00,,7.5
2004-01-31,25,35,13,0.02,,7.9
2004-02-01,35,38,27,0.04,,7.9
2004-02-02,31,37,28,0.15,,6.3
2004-02-03,30,35,27,0.00,,6.3
2004-02-04,41,,32,0.09,,4.7
2004-02-05,48,51,44,0.29,,
2004-02-06,46,48,44,0.04,,
2004-02-07,43,48,35,0.18,,
2004-02-08,36,40,,0.28,,
2004-02-09,31,35,,0.19,,
2004-02-10,27,30,,0.04,,0.8
2004-02-11,19,29,,0.04,,1.6
2004-02-12,13,18,8,0.00,,1.6
2004-02-13,21,24,12,0.00,,1.6
2004-02-14,29,33,24,0.00,,1.6
2004-02-15,30,33,28,0.07,,2.0
2004-02-16,30,34,,0.09,,3.1
2004-02-17,31,,26,0.05,,
2004-02-18,32,34,,0.04,,2.8
2004-02-19,18,29,,0.08,,3.1
2004-02-20,14,25,-1,0.00,,2.8
2004-02-21,20,32,9,,,2.8
2004-02-22,25,,17,,,2.0
2004-02-23,33,36,29,0.04,,2.4
2004-02-24,28,31,20,0.13,,4.7
2004-02-25,25,33,16,0.00,,4.7
2004-02-26,30,36,,0.00,,4.3
2004-02-27,26,31,19,,,3.9
2004-02-28,28,30,,0.28,,5.5
2004-02-29,27,28,25,,,5.9
2004-03-01,23,27,17,0.19,,8.7
2004-03-02,30,34,15,0.02,,8.7
2004-03-03,26,33,,0.07,,9.4
2004-03-04,22,27,,0.02,,10.2
2004-03-05,18,26,7,0.00,,9.8
2004-03-06,22,34,5,0.00,,9.8
2004-03-07,23,31,8,0.00,,9.1
2004-03-08,29,40,17,0.00,,8.3
2004-03-09,32,39,25,0.00,,7.5
2004-03-10,35,42,29,0.00,,6.7
2004-03-11,31,37,,0.00,,5.5
2004-03-12,26,36,20,0.00,,4.3
2004-03-13,34,40,21,0.00,,3.9
2004-03-14,36,44,30,,,3.1
2004-03-15,38,,35,0.09,,2.8
2004-03-16,44,49,38,0.00,,2.4
2004-03-17,47,51,,0.01,,
2004-03-18,45,60,,0.00,,
2004-03-19,45,61,29,0.00,,
2004-03-20,47,52,38,0.08,,
2004-03-21,47,53,40,0.35,,
2004-03-22,43,50,,0.00,,
2004-03-23,45,54,32,0.00,,
2004-03-24,49,61,42,0.39,,
2004-03-25,48,56,,0.00,,
2004-03-26,36,46,,0.17,,
2004-03-27,35,36,33,0.00,,
2004-03-28,38,46,28,0.00,,
2004-03-29,41,44,37,0.00,,
2004-03-30,42,50,,0.00,,
2004-03-31,43,52,30,0.00,,
2004-04-01,38,47,,0.00,,
2004-04-02,31,41,19,,,
2004-04-03,34,48,20,0.00,,
2004-04-04,42,55,29,0.00,,
2004-04-05,43,51,31,,,
2004-04-06,43,53,,0.01,,
2004-04-07,47,60,30,0.00,,
2004-04-08,44,48,,0.12,,
2004-04-09,40,42,37,0.59,,
2004-04-10,42,51,,0.05,,
2004-04-11,40,51,,0.00,,
2004-04-12,41,56,26,0.00,,
2004-04-13,41,51,,0.00,,
2004-04-14,41,55,26,0.00,,
2004-04-15,44,60,26,0.00,,
2004-04-16,49,65,27,0.00,,
2004-04-17,52,64,37,,,
2004-04-18,54,62,45,0.00,,
2004-04-19,51,60,,0.01,,
2004-04-20,53,67,42,0.03,,
2004-04-21,58,69,35,0.00,,
2004-04-22,49,58,,,,
2004-04-23,48,58,,,,
2004-04-24,49,53,42,0.00,,
2004-04-25,48,56,,0.33,,
2004-04-26,45,56,,0.02,,
2004-04-27,45,59,27,0.00,,
2004-04-28,49,60,30,0.00,,
2004-04-29,50,62,35,0.00,,
2004-04-30,49,64,32,0.00,,
2004-05-01,53,66,35,0.00,,
2004-05-02,58,69,43,,,
2004-05-03,57,69,,0.13,,
2004-05-04,61,74,44,0.11,,
2004-05-05,64,76,54,0.00,,
2004-05-06,59,69,53,0.00,,
2004-05-07,56,59,52,0.19,,
2004-05-08,51,57,47,0.10,,
2004-05-09,50,57,47,0.65,,
2004-05-10,50,53,47,0.37,,
2004-05-11,51,57,45,0.48,,
2004-05-12,48,58,,0.00,,
2004-05-13,42,53,36,0.00,,
2004-05-14,44,55,30,0.06,,
2004-05-15,48,56,37,0.00,,
2004-05-16,49,58,,0.11,,
2004-05-17,48,59,,0.00,,
2004-05-18,51,66,31,,,
2004-05-19,55,62,45,,,
2004-05-20,52,58,,0.02,,
2004-05-21,50,61,35,0.01,,
2004-05-22,47,55,,0.22,,
2004-05-23,44,56,29,0.00,,
2004-05-24,44,52,34,0.01,,
2004-05-25,49,58,40,0.24,,
2004-05-26,49,56,39,0.03,,
2004-05-27,46,58,33,0.03,,
2004-05-28,49,62,33,0.03,,
2004-05-29,56,65,42,0.00,,
2004-05-30,59,71,40,0.00,,
2004-05-31,58,67,46,,,
2004-06-01,54,65,,0.00,,
2004-06-02,57,69,39,,,
2004-06-03,58,70,43,0.00,,
2004-06-04,58,72,40,0.00,,
2004-06-05,58,71,43,,,
2004-06-06,63,73,53,0.00,,
2004-06-07,60,69,51,0.00,,
2004-06-08,62,73,,,,
2004-06-09,53,63,,,,
2004-06-10,54,64,37,,,
2004-06-11,64,76,47,0.00,,
2004-06-12,61,70,,0.00,,
2004-06-13,58,67,45,,,
2004-06-14,60,69,48,0.00,,
2004-06-15,61,67,55,0.06,,
2004-06-16,53,60,,0.51,,
2004-06-17,53,62,43,0.11,,
2004-06-18,55,61,47,0.27,,
2004-06-19,58,69,45,0.13,,
2004-06-20,57,64,52,0.02,,
2004-06-21,57,66,,0.52,,
2004-06-22,59,70,46,0.04,,
2004-06-23,65,77,46,0.00,,
2004-06-24,64,72,,,,
2004-06-25,65,75,53,,,
2004-06-26,59,67,54,,,
2004-06-27,57,62,,0.00,,
2004-06-28,57,68,46,0.01,,
2004-06-29,58,64,,0.09,,
2004-06-30,55,63,45,0.00,,
2004-07-01,61,71,43,0.26,,
2004-07-02,56,68,,0.00,,
2004-07-03,60,71,42,0.13,,
2004-07-04,59,69,,0.04,,
2004-07-05,58,67,47,0.02,,
2004-07-06,58,68,48,0.07,,
2004-07-07,57,67,,0.20,,
2004-07-08,60,,43,0.00,,
2004-07-09,67,80,55,,,
2004-07-10,63,73,,0.00,,
2004-07-11,58,69,,0.00,,
2004-07-12,55,63,45,0.13,,
2004-07-13,58,65,53,0.15,,
2004-07-14,56,62,45,0.01,,
2004-07-15,57,63,47,0.01,,
2004-07-16,59,67,54,0.02,,
2004-07-17,60,70,,0.00,,
2004-07-18,64,76,43,0.00,,
2004-07-19,71,86,56,,,
2004-07-20,68,79,60,,,
2004-07-21,71,83,55,,,
2004-07-22,69,79,61,0.02,,
2004-07-23,66,75,,0.00,,
2004-07-24,68,78,54,,,
2004-07-25,64,72,,0.00,,
2004-07-26,66,76,54,0.00,,
2004-07-27,61,68,,1.26,,
2004-07-28,59,61,58,0.07,,
2004-07-29,62,71,,0.05,,
2004-07-30,65,77,,0.00,,
2004-07-31,61,73,48,,,
2004-08-01,64,74,49,0.00,,
2004-08-02,64,70,,1.23,,
2004-08-03,66,75,61,0.15,,
2004-08-04,71,81,,0.00,,
2004-08-05,67,80,54,0.00,,
2004-08-06,65,78,53,,,
2004-08-07,68,79,,,,
2004-08-08,69,80,55,0.00,,
2004-08-09,71,81,56,,,
2004-08-10,69,78,,,,
2004-08-11,63,74,,0.00,,
2004-08-12,64,78,47,0.00,,
2004-08-13,65,76,51,,,
2004-08-14,60,67,,0.32,,
2004-08-15,59,71,43,,,
2004-08-16,64,76,49,0.00,,
2004-08-17,68,80,56,0.00,,
2004-08-18,70,84,,0.00,,
2004-08-19,72,88,58,0.00,,
2004-08-20,72,86,61,,,
2004-08-21,62,71,,0.93,,
2004-08-22,59,64,,0.00,,
2004-08-23,56,68,,0.02,,
2004-08-24,59,71,43,0.00,,
2004-08-25,61,71,54,0.11,,
2004-08-26,63,72,51,0.13,,
2004-08-27,62,72,,0.01,,
2004-08-28,59,67,49,0.00,,
2004-08-29,65,76,55,0.00,,
2004-08-30,68,80,55,0.00,,
2004-08-31,60,70,,0.00,,
2004-09-01,56,67,48,0.22,,
2004-09-02,56,69,43,0.00,,
2004-09-03,59,68,43,,,
2004-09-04,61,69,,0.01,,
2004-09-05,62,73,,0.02,,
2004-09-06,58,73,42,0.00,,
2004-09-07,59,71,47,0.00,,
2004-09-08,50,61,43,,,
2004-09-09,45,57,,,,
2004-09-10,47,61,32,0.00,,
2004-09-11,57,70,37,0.00,,
2004-09-12,63,74,51,,,
2004-09-13,54,66,,0.01,,
2004-09-14,59,74,46,0.00,,
2004-09-15,59,65,52,,,
2004-09-16,54,62,,0.00,,
2004-09-17,45,61,32,0.00,,
2004-09-18,46,63,32,,,
2004-09-19,54,69,36,,,
2004-09-20,55,71,42,,,
2004-09-21,55,60,,0.00,,
2004-09-22,51,53,,0.22,,
2004-09-23,48,55,44,0.00,,
2004-09-24,48,56,43,0.04,,
2004-09-25,46,57,39,0.00,,
2004-09-26,47,63,32,0.00,,
2004-09-27,50,60,37,0.00,,
2004-09-28,52,57,,0.00,,
2004-09-29,53,57,45,0.02,,
2004-09-30,54,59,,0.00,,
2004-10-01,52,55,45,0.15,,
2004-10-02,51,55,,0.21,,
2004-10-03,51,60,,0.00,,
2004-10-04,49,58,44,0.05,,
2004-10-05,54,63,44,0.00,,
2004-10-06,57,72,50,0.00,,
2004-10-07,52,59,45,,,
2004-10-08,51,59,,0.07,,
2004-10-09,46,51,42,0.19,,
2004-10-10,41,51,,0.05,,
2004-10-11,36,42,,0.02,,
2004-10-12,31,44,22,0.00,,
2004-10-13,34,47,20,0.00,,
2004-10-14,38,,27,,,
2004-10-15,44,51,34,0.00,,
2004-10-16,50,58,44,0.00,,
2004-10-17,47,52,,0.27,,
2004-10-18,45,51,38,0.01,,
2004-10-19,46,49,44,0.09,,
2004-10-20,46,51,,0.17,,
2004-10-21,46,49,38,0.00,,
2004-10-22,47,54,,0.07,,
2004-10-23,51,60,40,0.00,,
2004-10-24,58,62,54,0.12,,
2004-10-25,56,65,,0.00,,
2004-10-26,50,62,41,0.00,,
2004-10-27,50,56,,,,
2004-10-28,43,,35,0.01,,
2004-10-29,51,59,,0.00,,
2004-10-30,52,,40,0.00,,
2004-10-31,51,60,,,,
2004-11-01,45,50,,0.00,,
2004-11-02,38,48,30,0.00,,
2004-11-03,38,49,27,0.00,,
2004-11-04,45,52,35,0.00,,
2004-11-05,49,52,,0.00,,
2004-11-06,40,50,,0.20,,
2004-11-07,38,41,35,0.04,,
2004-11-08,38,40,35,0.01,,
2004-11-09,40,46,,0.00,,
2004-11-10,42,,38,0.08,,
2004-11-11,46,48,44,0.00,,
2004-11-12,46,47,45,0.01,,
2004-11-13,42,46,,0.01,,
2004-11-14,34,44,,0.02,,
2004-11-15,32,,25,0.00,,
2004-11-16,40,45,,0.04,,
2004-11-17,34,38,31,0.02,,
2004-11-18,40,47,32,0.12,,
2004-11-19,31,39,,0.30,,
2004-11-20,28,30,25,0.05,,0.4
2004-11-21,29,32,27,0.00,,0.4
2004-11-22,26,29,21,0.01,,0.4
2004-11-23,34,38,25,0.17,,1.2
2004-11-24,26,33,,0.10,,3.5
2004-11-25,26,,21,0.02,,4.3
2004-11-26,33,35,30,0.14,,5.1
2004-11-27,31,34,30,0.10,,3.9
2004-11-28,30,35,,0.16,,2.8
2004-11-29,28,29,26,0.02,,3.1
2004-11-30,31,33,28,0.00,,2.8
2004-12-01,32,,31,0.00,,2.0
2004-12-02,36,40,32,0.19,,1.6
2004-12-03,36,37,,0.05,,
2004-12-04,36,39,34,0.09,,
2004-12-05,37,42,35,0.00,,
2004-12-06,38,41,36,0.00,,
2004-12-07,40,42,35,0.05,,
2004-12-08,41,43,,0.00,,
2004-12-09,38,41,,0.00,,
2004-12-10,38,39,,0.00,,
2004-12-11,33,38,,0.02,,
2004-12-12,37,39,32,0.00,,
2004-12-13,38,39,,0.00,,
2004-12-14,37,39,35,0.00,,
2004-12-15,30,37,,0.00,,
2004-12-16,29,33,26,,,
2004-12-17,29,,22,0.00,,
2004-12-18,31,34,26,0.00,,
2004-12-19,32,,,,,
2004-12-20,28,31,,0.00,,
2004-12-21,17,28,,0.06,,1.6
2004-12-22,24,28,9,0.00,,1.2
2004-12-23,30,,25,0.01,,2.0
2004-12-24,39,42,32,0.16,,1.6
2004-12-25,37,41,30,0.17,,
2004-12-26,36,40,34,0.00,,
2004-12-27,36,38,35,0.00,,
2004-12-28,35,39,34,0.24,,
2004-12-29,33,37,,0.01,,
2004-12-30,30,33,24,0.00,,
2004-12-31,35,,31,0.00,,
2005-01-01,37,39,,0.45,,
2005-01-02,35,40,30,0.08,,
2005-01-03,35,37,33,0.11,,0.4
2005-01-04,33,36,31,0.17,,1.6
2005-01-05,40,42,32,0.24,,
2005-01-06,37,39,36,0.00,,
2005-01-07,40,,36,0.07,,
2005-01-08,47,,42,0.06,,
2005-01-09,42,50,,0.00,,
2005-01-10,43,,40,0.01,,
2005-01-11,44,47,,0.00,,
2005-01-12,44,48,42,0.00,,
2005-01-13,41,44,,0.00,,
2005-01-14,36,39,,0.00,,
2005-01-15,31,37,,0.04,,
2005-01-16,26,30,21,0.00,,
2005-01-17,27,34,22,0.00,,
2005-01-18,28,34,24,0.00,,
2005-01-19,27,31,24,0.00,,
2005-01-20,31,,25,0.01,,0.4
2005-01-21,33,35,32,0.25,,2.8
2005-01-22,31,34,,0.04,,2.0
2005-01-23,30,32,,0.09,,5.1
2005-01-24,25,32,19,0.04,,
2005-01-25,23,26,19,0.00,,4.7
2005-01-26,23,27,,0.00,,4.7
2005-01-27,17,22,,0.00,,4.7
2005-01-28,15,,9,0.02,,5.5
2005-01-29,21,24,,0.00,,4.7
2005-01-30,22,24,13,0.02,,5.5
2005-01-31,26,33,21,0.01,,5.9
2005-02-01,29,33,22,0.08,,7.1
2005-02-02,31,33,29,0.03,,7.1
2005-02-03,28,32,,0.18,,9.4
2005-02-04,18,25,,0.00,,9.4
2005-02-05,13,21,,0.00,,8.3
2005-02-06,5,20,-3,0.00,,8.3
2005-02-07,6,21,-5,0.00,,7.9
2005-02-08,8,25,-8,0.00,,11.8
2005-02-09,17,29,-2,0.00,,7.5
2005-02-10,19,29,8,0.00,,7.5
2005-02-11,33,38,22,0.06,,7.9
2005-02-12,30,35,26,0.00,,7.5
2005-02-13,34,40,27,0.40,,9.8
2005-02-14,31,36,,0.00,,9.4
2005-02-15,26,32,14,0.03,,9.1
2005-02-16,32,33,29,0.03,,9.4
2005-02-17,33,35,,0.03,,8.3
2005-02-18,30,33,,0.15,,8.3
2005-02-19,26,29,25,0.02,,9.1
2005-02-20,26,29,23,0.00,,8.7
2005-02-21,25,31,,0.01,,9.1
2005-02-22,29,33,14,0.00,,8.7
2005-02-23,34,37,31,0.00,,8.3
2005-02-24,27,33,,0.20,,9.8
2005-02-25,24,30,18,0.07,,11.4
2005-02-26,23,26,,0.00,,11.0
2005-02-27,12,20,,0.04,,11.8
2005-02-28,8,21,,0.00,,11.4
2005-03-01,14,22,-3,0.02,,11.8
2005-03-02,20,26,10,0.04,,12.2
2005-03-03,19,31,5,0.02,,12.6
2005-03-04,20,31,2,0.00,,11.8
2005-03-05,25,29,21,0.01,,11.8
2005-03-06,22,26,20,0.00,,11.4
2005-03-07,23,25,20,0.18,,15.4
2005-03-08,28,33,23,0.07,,16.1
2005-03-09,21,26,,0.17,,18.9
2005-03-10,15,23,4,0.00,,18.5
2005-03-11,26,30,19,0.09,,20.1
2005-03-12,32,35,27,0.28,,
2005-03-13,24,33,,0.06,,23.6
2005-03-14,29,38,13,0.00,,22.8
2005-03-15,33,42,25,0.00,,20.9
2005-03-16,35,,28,0.00,,18.9
2005-03-17,43,46,39,0.37,,15.4
2005-03-18,35,44,,0.05,,11.0
2005-03-19,24,31,21,0.12,,8.7
2005-03-20,26,30,21,0.00,,5.9
2005-03-21,25,31,,0.00,,7.5
2005-03-22,29,39,13,0.00,,6.3
2005-03-23,36,47,,0.00,,4.7
2005-03-24,40,56,26,0.00,,3.9
2005-03-25,35,43,30,0.02,,
2005-03-26,36,50,29,0.00,,
2005-03-27,37,44,33,0.00,,
2005-03-28,38,46,,0.00,,
2005-03-29,34,44,26,0.00,,
2005-03-30,31,38,22,0.00,,
2005-03-31,32,43,23,0.00,,
2005-04-01,35,49,21,0.00,,
2005-04-02,38,53,22,0.00,,
2005-04-03,41,58,25,0.00,,
2005-04-04,44,63,26,0.00,,
2005-04-05,51,67,32,0.00,,
2005-04-06,45,56,,0.03,,
2005-04-07,53,66,31,0.00,,
2005-04-08,55,68,,0.00,,
2005-04-09,52,65,,0.00,,
2005-04-10,41,47,38,0.12,,
2005-04-11,44,54,31,0.07,,
2005-04-12,52,62,38,0.00,,
2005-04-13,52,64,41,0.00,,
2005-04-14,53,67,41,0.00,,
2005-04-15,54,63,45,0.00,,
2005-04-16,56,70,43,0.00,,
2005-04-17,56,65,48,0.00,,
2005-04-18,54,60,,0.00,,
2005-04-19,49,60,,,,
2005-04-20,37,48,,0.00,,
2005-04-21,35,44,,0.00,,
2005-04-22,38,48,26,0.00,,
2005-04-23,35,45,28,0.00,,
2005-04-24,40,47,29,0.00,,
2005-04-25,44,54,32,0.00,,
2005-04-26,45,54,36,0.00,,
2005-04-27,45,55,34,0.00,,
2005-04-28,44,53,32,0.08,,
2005-04-29,49,61,,0.00,,
2005-04-30,47,61,31,0.00,,
2005-05-01,52,65,33,0.00,,
2005-05-02,51,62,,0.09,,
2005-05-03,56,69,39,0.01,,
2005-05-04,55,64,45,0.00,,
2005-05-05,49,56,47,0.27,,
2005-05-06,49,58,44,0.42,,
2005-05-07,46,55,,0.12,,
2005-05-08,46,56,30,0.07,,
2005-05-09,43,49,,0.11,,
2005-05-10,43,52,,0.46,,
2005-05-11,46,56,30,0.09,,
2005-05-12,44,53,35,0.00,,
2005-05-13,48,59,40,0.43,,
2005-05-14,50,61,38,0.06,,
2005-05-15,56,69,44,0.00,,
2005-05-16,54,64,,0.10,,
2005-05-17,50,64,35,0.00,,
2005-05-18,47,57,45,1.36,,
2005-05-19,49,57,44,0.28,,
2005-05-20,53,65,40,0.00,,
2005-05-21,53,66,38,0.00,,
2005-05-22,58,71,44,0.00,,
2005-05-23,61,73,48,0.00,,
2005-05-24,66,80,54,0.00,,
2005-05-25,57,70,45,0.00,,
2005-05-26,61,75,43,0.00,,
2005-05-27,65,78,47,0.00,,
2005-05-28,70,84,51,0.00,,
2005-05-29,77,88,56,0.00,,
2005-05-30,71,85,57,0.00,,
2005-05-31,57,75,,0.03,,
2005-06-01,50,61,41,0.00,,
2005-06-02,48,59,37,0.17,,
2005-06-03,54,63,38,0.00,,
2005-06-04,65,79,46,0.00,,
2005-06-05,60,71,,0.33,,
2005-06-06,54,64,44,0.00,,
2005-06-07,54,60,46,0.26,,
2005-06-08,52,59,45,0.00,,
2005-06-09,55,62,47,0.02,,
2005-06-10,55,63,48,0.00,,
2005-06-11,52,58,,0.41,,
2005-06-12,51,62,38,0.05,,
2005-06-13,55,68,38,0.00,,
2005-06-14,65,78,47,0.00,,
2005-06-15,69,81,54,0.00,,
2005-06-16,67,78,55,0.00,,
2005-06-17,65,71,,0.02,,
2005-06-18,60,69,57,0.22,,
2005-06-19,62,72,54,0.17,,
2005-06-20,62,70,51,0.02,,
2005-06-21,60,70,45,0.00,,
2005-06-22,58,70,42,0.02,,
2005-06-23,60,72,50,0.00,,
2005-06-24,65,79,47,0.00,,
2005-06-25,69,80,53,0.00,,
2005-06-26,63,73,,0.01,,
2005-06-27,61,72,44,0.00,,
2005-06-28,60,69,50,0.00,,
2005-06-29,56,67,46,0.00,,
2005-06-30,55,66,45,0.05,,
2005-07-01,60,72,44,0.06,,
2005-07-02,62,74,46,0.00,,
2005-07-03,62,74,50,0.02,,
2005-07-04,62,76,49,0.00,,
2005-07-05,65,79,45,0.00,,
2005-07-06,67,80,48,0.00,,
2005-07-07,68,81,55,0.00,,
2005-07-08,67,81,53,0.01,,
2005-07-09,68,81,53,0.00,,
2005-07-10,68,79,53,0.00,,
2005-07-11,69,81,53,0.00,,
2005-07-12,69,85,50,0.24,,
2005-07-13,69,85,54,0.02,,
2005-07-14,69,83,55,0.00,,
2005-07-15,69,82,56,0.00,,
2005-07-16,66,80,53,0.12,,
2005-07-17,63,74,54,0.00,,
2005-07-18,62,72,50,0.01,,
2005-07-19,65,80,56,0.00,,
2005-07-20,64,72,,0.03,,
2005-07-21,57,65,49,0.00,,
2005-07-22,58,66,52,0.17,,
2005-07-23,60,71,52,0.13,,
2005-07-24,61,70,55,0.00,,
2005-07-25,63,76,47,0.05,,
2005-07-26,67,75,61,0.12,,
2005-07-27,67,77,56,0.61,,
2005-07-28,69,85,57,0.01,,
2005-07-29,69,85,63,0.52,,
2005-07-30,76,89,61,0.00,,
2005-07-31,69,82,60,0.04,,
2005-08-01,70,80,,0.23,,
2005-08-02,65,76,53,0.00,,
2005-08-03,67,80,53,0.00,,
2005-08-04,62,67,,0.08,,
2005-08-05,59,65,56,0.21,,
2005-08-06,56,60,54,0.11,,
2005-08-07,58,66,,0.78,,
2005-08-08,60,68,49,0.00,,
2005-08-09,54,57,53,0.24,,
2005-08-10,56,65,,1.17,,
2005-08-11,57,65,46,0.05,,
2005-08-12,58,65,,0.00,,
2005-08-13,60,71,49,0.08,,
2005-08-14,57,65,,0.00,,
2005-08-15,57,70,42,0.00,,
2005-08-16,62,75,45,0.00,,
2005-08-17,63,78,48,0.00,,
2005-08-18,62,74,49,0.00,,
2005-08-19,64,76,51,0.00,,
2005-08-20,61,74,47,0.00,,
2005-08-21,62,76,46,0.00,,
2005-08-22,62,76,47,0.00,,
2005-08-23,65,77,50,0.00,,
2005-08-24,66,80,53,0.00,,
2005-08-25,67,80,51,0.00,,
2005-08-26,61,67,,0.00,,
2005-08-27,55,,41,0.01,,
2005-08-28,60,75,42,0.00,,
2005-08-29,62,75,51,0.00,,
2005-08-30,65,78,,,,
2005-08-31,54,68,40,0.00,,
2005-09-01,54,68,41,0.00,,
2005-09-02,56,70,43,0.00,,
2005-09-03,58,72,45,0.00,,
2005-09-04,58,74,44,0.00,,
2005-09-05,55,71,,0.00,,
2005-09-06,55,75,39,0.00,,
2005-09-07,61,79,42,0.00,,
2005-09-08,65,80,53,0.00,,
2005-09-09,65,82,48,0.00,,
2005-09-10,66,81,52,0.00,,
2005-09-11,65,74,57,0.34,,
2005-09-12,65,79,56,0.11,,
2005-09-13,57,67,,0.20,,
2005-09-14,56,69,38,0.00,,
2005-09-15,59,66,,0.00,,
2005-09-16,51,58,,0.10,,
2005-09-17,47,54,,1.06,,
2005-09-18,45,60,,0.00,,
2005-09-19,47,63,31,0.00,,
2005-09-20,49,62,38,0.00,,
2005-09-21,54,63,39,0.00,,
2005-09-22,57,62,53,0.00,,
2005-09-23,54,66,,0.00,,
2005-09-24,52,65,41,0.00,,
2005-09-25,54,68,41,0.00,,
2005-09-26,57,71,46,0.00,,
2005-09-27,58,74,46,0.00,,
2005-09-28,60,73,49,0.00,,
2005-09-29,56,60,53,0.14,,
2005-09-30,53,56,51,0.31,,
2005-10-01,53,56,50,0.10,,
2005-10-02,57,67,,0.00,,
2005-10-03,54,61,47,0.00,,
2005-10-04,53,60,,0.00,,
2005-10-05,47,58,40,0.00,,
2005-10-06,48,63,38,0.00,,
2005-10-07,48,64,35,0.00,,
2005-10-08,51,66,37,0.00,,
2005-10-09,49,63,39,0.00,,
2005-10-10,49,65,36,0.00,,
2005-10-11,46,60,35,0.00,,
2005-10-12,44,60,33,0.00,,
2005-10-13,47,50,39,0.00,,
2005-10-14,49,52,45,0.02,,
2005-10-15,48,56,44,0.00,,
2005-10-16,43,48,40,0.00,,
2005-10-17,44,50,40,0.00,,
2005-10-18,41,44,,0.00,,
2005-10-19,39,46,34,0.00,,
2005-10-20,42,51,,0.00,,
2005-10-21,45,53,36,0.00,,
2005-10-22,52,62,42,0.00,,
2005-10-23,54,59,,0.12,,
2005-10-24,43,56,,0.04,,
2005-10-25,41,,27,0.12,,
2005-10-26,54,57,50,0.20,,
2005-10-27,46,53,,0.00,,
2005-10-28,32,43,,0.00,,
2005-10-29,29,42,20,0.00,,
2005-10-30,35,45,28,0.00,,
2005-10-31,36,49,29,0.00,,
2005-11-01,38,52,29,0.00,,
2005-11-02,37,52,27,0.00,,
2005-11-03,40,50,29,0.00,,
2005-11-04,43,56,35,0.00,,
2005-11-05,43,49,35,0.00,,
2005-11-06,42,50,,0.13,,
2005-11-07,35,,28,0.00,,
2005-11-08,43,48,37,0.08,,
2005-11-09,44,46,,0.00,,
2005-11-10,37,44,35,0.00,,
2005-11-11,42,,37,0.00,,
2005-11-12,46,48,45,0.08,,
2005-11-13,43,47,,0.02,,
2005-11-14,40,42,,0.01,,
2005-11-15,41,46,36,0.00,,
2005-11-16,36,43,31,0.12,,
2005-11-17,33,37,31,0.14,,
2005-11-18,33,35,,0.19,,
2005-11-19,31,34,29,0.01,,
2005-11-20,30,31,,0.00,,
2005-11-21,27,29,25,0.04,,0.4
2005-11-22,32,34,27,0.07,,1.2
2005-11-23,33,34,32,0.00,,
2005-11-24,28,33,22,0.02,,
2005-11-25,29,,25,0.03,,0.8
2005-11-26,31,,27,0.00,,0.4
2005-11-27,35,39,32,0.07,,0.4
2005-11-28,33,38,,0.17,,
2005-11-29,29,33,,0.00,,
2005-11-30,28,32,22,0.00,,
2005-12-01,33,36,23,0.00,,
2005-12-02,28,32,24,0.00,,
2005-12-03,27,29,23,0.00,,
2005-12-04,29,,27,0.00,,
2005-12-05,33,,30,0.11,,1.2
2005-12-06,34,35,33,0.01,,
2005-12-07,34,36,,0.09,,
2005-12-08,32,33,,0.42,,1.6
2005-12-09,25,31,,0.05,,2.4
2005-12-10,26,30,11,0.00,,2.4
2005-12-11,31,,29,0.00,,2.4
2005-12-12,36,39,33,0.17,,2.4
2005-12-13,31,39,29,0.00,,0.4
2005-12-14,31,33,30,0.02,,
2005-12-15,36,38,31,0.22,,
2005-12-16,33,38,31,0.12,,
2005-12-17,29,32,,0.44,,4.7
2005-12-18,25,30,20,0.04,,5.5
2005-12-19,24,27,,0.01,,5.5
2005-12-20,21,24,20,0.00,,5.5
2005-12-21,20,,18,0.02,,5.9
2005-12-22,24,26,21,0.03,,6.3
2005-12-23,30,32,23,0.00,,6.3
2005-12-24,34,,32,0.00,,5.5
2005-12-25,33,38,,0.34,,2.8
2005-12-26,29,34,,0.00,,2.4
2005-12-27,24,29,17,0.00,,1.6
2005-12-28,22,,17,0.01,,1.6
2005-12-29,30,36,,0.06,,2.4
2005-12-30,27,,14,0.00,,1.6
2005-12-31,27,37,26,0.21,,1.2
2006-01-01,32,,26,0.00,,1.6
2006-01-02,31,35,29,0.05,,1.6
2006-01-03,33,34,,0.04,,0.8
2006-01-04,30,32,,0.04,,1.6
2006-01-05,24,29,20,0.00,,1.6
2006-01-06,23,26,22,0.00,,1.6
2006-01-07,17,28,,0.00,,1.6
2006-01-08,18,27,9,0.00,,1.6
2006-01-09,20,21,18,0.00,,1.6
2006-01-10,19,,18,0.00,,1.6
2006-01-11,21,23,18,0.00,,1.6
2006-01-12,26,,23,0.00,,1.2
2006-01-13,30,32,,0.00,,1.2
2006-01-14,23,29,,0.00,,1.2
2006-01-15,19,21,,0.00,,1.2
2006-01-16,15,18,13,,,1.2
2006-01-17,15,,12,0.00,,1.2
2006-01-18,17,,,0.00,,1.2
2006-01-19,1,16,,0.01,,2.4
2006-01-20,-10,-6,-16,0.00,,
2006-01-21,-4,-1,-9,0.01,,2.4
2006-01-22,-6,-2,-10,0.00,,2.8
2006-01-23,-6,6,-12,0.00,,2.4
2006-01-24,-3,7,-13,0.00,,2.4
2006-01-25,7,17,-1,0.00,,2.4
2006-01-26,6,18,,0.00,,2.4
2006-01-27,8,22,-8,0.00,,2.4
2006-01-28,21,,11,0.00,,2.0
2006-01-29,29,31,24,0.00,,2.0
2006-01-30,29,31,27,0.00,,2.0
2006-01-31,30,,28,0.00,,2.0
2006-02-01,31,32,30,0.01,,2.4
2006-02-02,29,31,27,0.00,,2.4
2006-02-03,31,33,30,0.12,,3.9
2006-02-04,16,31,,0.04,,5.1
2006-02-05,5,14,-6,0.00,,4.7
2006-02-06,0,13,-14,0.00,,4.7
2006-02-07,17,22,-1,0.01,,5.1
2006-02-08,24,,22,0.07,,7.1
2006-02-09,28,31,23,0.05,,7.9
2006-02-10,20,27,,0.03,,7.9
2006-02-11,18,22,13,0.02,,8.3
2006-02-12,18,22,,0.01,,8.7
2006-02-13,12,18,,0.00,,8.7
2006-02-14,15,24,3,0.00,,8.7
2006-02-15,24,28,,0.02,,9.4
2006-02-16,20,24,18,0.00,,9.4
2006-02-17,19,,15,0.00,,9.1
2006-02-18,28,32,23,0.00,,9.1
2006-02-19,32,34,29,0.03,,9.1
2006-02-20,32,34,31,0.13,,7.9
2006-02-21,33,36,31,0.01,,6.7
2006-02-22,29,33,,0.19,,5.9
2006-02-23,19,33,6,0.21,,9.1
2006-02-24,27,31,9,0.00,,8.7
2006-02-25,19,28,10,0.00,,8.3
2006-02-26,22,25,19,0.00,,7.9
2006-02-27,17,27,4,0.02,,8.3
2006-02-28,17,28,6,0.00,,7.9
2006-03-01,17,22,5,0.00,,7.9
2006-03-02,21,30,9,0.00,,8.3
2006-03-03,25,34,20,0.00,,7.9
2006-03-04,22,27,,0.02,,8.3
2006-03-05,19,34,0,0.04,,8.7
2006-03-06,20,29,,0.00,,8.7
2006-03-07,13,29,-4,0.02,,9.4
2006-03-08,13,27,0,0.00,,9.1
2006-03-09,16,32,-2,0.00,,8.3
2006-03-10,22,30,14,0.00,,8.3
2006-03-11,24,29,15,0.00,,8.3
2006-03-12,20,26,15,0.00,,7.9
2006-03-13,21,27,11,0.00,,7.5
2006-03-14,29,35,22,0.00,,7.5
2006-03-15,30,36,26,0.00,,7.5
2006-03-16,32,35,29,0.00,,7.5
2006-03-17,34,36,33,0.00,,6.7
2006-03-18,35,38,33,0.00,,5.9
2006-03-19,31,35,29,0.00,,5.5
2006-03-20,29,35,24,0.00,,6.3
2006-03-21,27,33,,0.02,,6.3
2006-03-22,23,35,7,0.00,,5.9
2006-03-23,25,36,10,0.00,,5.5
2006-03-24,26,38,9,0.00,,4.7
2006-03-25,31,42,18,0.00,,4.3
2006-03-26,35,42,27,0.00,,3.5
2006-03-27,36,40,33,0.13,,2.4
2006-03-28,41,51,,0.05,,1.6
2006-03-29,41,49,,0.02,,
2006-03-30,37,49,,0.00,,
2006-03-31,45,56,29,0.00,,
2006-04-01,45,51,,0.07,,
2006-04-02,44,59,34,0.00,,
2006-04-03,46,62,33,0.02,,
2006-04-04,39,51,30,0.00,,
2006-04-05,37,45,28,0.01,,
2006-04-06,35,43,,0.01,,
2006-04-07,34,47,20,0.00,,
2006-04-08,39,53,23,0.00,,
2006-04-09,45,62,29,0.00,,
2006-04-10,42,49,,0.13,,
2006-04-11,38,44,,0.33,,
2006-04-12,38,50,23,0.06,,
2006-04-13,41,49,,0.00,,
2006-04-14,39,49,27,0.00,,
2006-04-15,41,51,,0.16,,
2006-04-16,43,55,26,0.02,,
2006-04-17,47,56,,0.07,,
2006-04-18,42,59,30,0.06,,
2006-04-19,48,60,33,0.03,,
2006-04-20,50,64,35,0.00,,
2006-04-21,49,59,40,0.00,,
2006-04-22,47,56,36,0.00,,
2006-04-23,50,61,41,0.00,,
2006-04-24,53,66,35,0.00,,
2006-04-25,55,65,46,0.00,,
2006-04-26,54,65,44,0.00,,
2006-04-27,47,56,38,0.04,,
2006-04-28,53,67,33,0.00,,
2006-04-29,54,65,40,0.00,,
2006-04-30,56,66,45,0.00,,
2006-05-01,55,67,44,0.00,,
2006-05-02,50,61,45,0.00,,
2006-05-03,54,65,44,0.19,,
2006-05-04,55,70,37,0.00,,
2006-05-05,58,72,42,0.00,,
2006-05-06,62,75,49,0.00,,
2006-05-07,62,73,48,0.00,,
2006-05-08,60,72,44,0.00,,
2006-05-09,53,67,38,0.00,,
2006-05-10,53,64,43,0.02,,
2006-05-11,54,68,37,0.00,,
2006-05-12,54,71,35,0.20,,
2006-05-13,61,76,40,0.00,,
2006-05-14,55,67,,0.08,,
2006-05-15,48,60,34,0.15,,
2006-05-16,51,65,38,0.00,,
2006-05-17,53,63,47,0.29,,
2006-05-18,60,69,49,0.00,,
2006-05-19,59,67,,0.41,,
2006-05-20,57,67,,0.00,,
2006-05-21,55,59,48,0.14,,
2006-05-22,59,71,47,0.02,,
2006-05-23,62,73,50,0.00,,
2006-05-24,56,64,,0.05,,
2006-05-25,53,65,36,0.00,,
2006-05-26,48,56,,0.01,,
2006-05-27,47,60,37,0.58,,
2006-05-28,47,56,35,0.08,,
2006-05-29,49,60,,0.66,,
2006-05-30,49,60,38,0.14,,
2006-05-31,50,59,40,0.00,,
2006-06-01,51,61,,0.08,,
2006-06-02,53,65,36,0.00,,
2006-06-03,57,68,45,0.00,,
2006-06-04,52,60,49,0.05,,
2006-06-05,51,57,45,0.18,,
2006-06-06,51,61,46,0.01,,
2006-06-07,48,58,39,0.04,,
2006-06-08,51,63,36,0.00,,
2006-06-09,52,61,,0.02,,
2006-06-10,55,67,36,0.08,,
2006-06-11,60,70,50,0.00,,
2006-06-12,60,71,48,0.00,,
2006-06-13,60,73,42,0.00,,
2006-06-14,62,74,47,0.00,,
2006-06-15,66,78,47,0.00,,
2006-06-16,64,74,,0.00,,
2006-06-17,64,80,43,0.00,,
2006-06-18,62,72,52,0.00,,
2006-06-19,62,72,53,0.04,,
2006-06-20,66,78,51,0.00,,
2006-06-21,70,83,52,0.00,,
2006-06-22,74,84,64,0.00,,
2006-06-23,66,79,,0.04,,
2006-06-24,61,73,49,0.00,,
2006-06-25,64,79,46,0.00,,
2006-06-26,71,84,51,0.00,,
2006-06-27,73,86,61,0.63,,
2006-06-28,68,77,59,0.00,,
2006-06-29,64,73,55,0.00,,
2006-06-30,66,74,54,0.00,,
2006-07-01,64,75,51,0.00,,
2006-07-02,63,74,50,0.00,,
2006-07-03,63,77,46,0.00,,
2006-07-04,67,81,47,0.00,,
2006-07-05,69,84,50,0.00,,
2006-07-06,71,87,53,0.00,,
2006-07-07,73,89,54,0.00,,
2006-07-08,75,90,55,0.00,,
2006-07-09,76,91,57,0.00,,
2006-07-10,76,92,59,0.00,,
2006-07-11,76,94,60,0.03,,
2006-07-12,75,91,59,0.03,,
2006-07-13,73,88,59,0.00,,
2006-07-14,67,78,,1.26,,
2006-07-15,62,68,56,0.00,,
2006-07-16,64,74,55,0.00,,
2006-07-17,65,76,52,0.00,,
2006-07-18,68,80,53,0.00,,
2006-07-19,67,75,,0.00,,
2006-07-20,66,81,48,0.00,,
2006-07-21,71,88,55,0.00,,
2006-07-22,70,83,60,0.03,,
2006-07-23,71,84,60,0.01,,
2006-07-24,74,87,59,0.00,,
2006-07-25,74,84,64,0.02,,
2006-07-26,73,85,58,0.00,,
2006-07-27,71,81,56,0.00,,
2006-07-28,66,79,52,0.00,,
2006-07-29,65,82,47,0.00,,
2006-07-30,66,74,61,0.00,,
2006-07-31,66,79,59,0.07,,
2006-08-01,66,78,57,0.00,,
2006-08-02,65,71,,0.04,,
2006-08-03,64,78,49,0.13,,
2006-08-04,62,67,59,0.00,,
2006-08-05,68,78,62,0.91,,
2006-08-06,63,71,,0.05,,
2006-08-07,68,76,60,0.09,,
2006-08-08,63,71,56,0.00,,
2006-08-09,64,75,,0.00,,
2006-08-10,63,77,47,0.00,,
2006-08-11,63,77,48,0.08,,
2006-08-12,60,64,,1.29,,
2006-08-13,62,78,49,0.52,,
2006-08-14,58,67,,0.15,,
2006-08-15,60,71,51,2.09,,
2006-08-16,62,73,53,0.00,,
2006-08-17,66,79,53,0.00,,
2006-08-18,69,83,55,0.24,,
2006-08-19,67,76,60,0.81,,
2006-08-20,67,79,54,0.01,,
2006-08-21,64,73,,0.38,,
2006-08-22,60,69,49,0.00,,
2006-08-23,60,70,51,0.00,,
2006-08-24,62,70,56,0.11,,
2006-08-25,62,71,,0.07,,
2006-08-26,60,67,51,0.00,,
2006-08-27,60,71,51,0.09,,
2006-08-28,58,68,51,0.00,,
2006-08-29,58,69,46,0.01,,
2006-08-30,58,61,55,0.69,,
2006-08-31,60,67,55,0.77,,
2006-09-01,60,68,,0.02,,
2006-09-02,59,69,52,0.00,,
2006-09-03,62,73,50,0.00,,
2006-09-04,62,66,,0.55,,
2006-09-05,56,60,54,0.25,,
2006-09-06,60,67,,0.32,,
2006-09-07,62,72,51,0.02,,
2006-09-08,58,65,,0.04,,
2006-09-09,54,64,46,0.21,,
2006-09-10,55,61,53,0.00,,
2006-09-11,54,65,44,0.00,,
2006-09-12,54,69,40,0.00,,
2006-09-13,58,71,42,0.00,,
2006-09-14,58,74,44,0.00,,
2006-09-15,60,72,45,0.00,,
2006-09-16,55,65,46,0.00,,
2006-09-17,56,70,44,0.00,,
2006-09-18,58,72,47,0.00,,
2006-09-19,60,74,47,0.00,,
2006-09-20,57,66,,0.02,,
2006-09-21,53,66,40,0.00,,
2006-09-22,57,69,44,0.00,,
2006-09-23,55,70,40,0.00,,
2006-09-24,58,74,46,0.00,,
2006-09-25,58,74,46,0.00,,
2006-09-26,58,72,47,0.00,,
2006-09-27,58,73,45,0.00,,
2006-09-28,58,72,50,0.04,,
2006-09-29,54,64,,0.17,,
2006-09-30,54,68,45,0.00,,
2006-10-01,58,70,45,0.00,,
2006-10-02,59,62,56,0.71,,
2006-10-03,56,61,52,0.17,,
2006-10-04,57,60,,0.28,,
2006-10-05,53,58,,0.12,,
2006-10-06,51,58,45,0.02,,
2006-10-07,56,65,45,0.00,,
2006-10-08,54,58,52,0.00,,
2006-10-09,52,60,,0.09,,
2006-10-10,49,61,38,0.00,,
2006-10-11,51,61,45,0.00,,
2006-10-12,48,57,43,0.00,,
2006-10-13,46,49,40,0.00,,
2006-10-14,46,48,,0.00,,
2006-10-15,48,58,,0.00,,
2006-10-16,42,46,40,0.07,,
2006-10-17,42,50,,0.00,,
2006-10-18,41,53,30,0.00,,
2006-10-19,41,55,33,0.00,,
2006-10-20,42,59,29,0.00,,
2006-10-21,48,58,38,0.00,,
2006-10-22,52,64,45,0.00,,
2006-10-23,53,59,44,0.00,,
2006-10-24,56,63,48,0.00,,
2006-10-25,53,58,,0.02,,
2006-10-26,45,52,42,0.04,,
2006-10-27,55,66,46,0.00,,
2006-10-28,47,58,,0.00,,
2006-10-29,42,47,,0.15,,
2006-10-30,30,37,24,0.26,,
2006-10-31,36,,24,0.00,,
2006-11-01,43,47,39,0.09,,
2006-11-02,33,40,,0.06,,
2006-11-03,28,33,25,0.00,,
2006-11-04,28,35,21,0.04,,0.4
2006-11-05,22,28,,0.10,,2.0
2006-11-06,23,,4,0.53,,6.3
2006-11-07,45,47,39,0.20,,
2006-11-08,44,47,,0.00,,
2006-11-09,44,50,38,0.06,,
2006-11-10,36,44,,0.11,,
2006-11-11,33,36,29,0.13,,
2006-11-12,40,41,35,0.20,,
2006-11-13,38,40,,0.21,,
2006-11-14,42,47,33,0.16,,
2006-11-15,46,,43,0.07,,
2006-11-16,47,56,,0.05,,
2006-11-17,40,,34,0.00,,
2006-11-18,44,47,42,0.01,,
2006-11-19,45,48,43,0.00,,
2006-11-20,45,48,,0.00,,
2006-11-21,45,51,,0.03,,
2006-11-22,43,45,43,0.00,,
2006-11-23,43,44,42,0.00,,
2006-11-24,44,50,,0.10,,
2006-11-25,42,49,35,0.00,,
2006-11-26,42,51,,0.00,,
2006-11-27,39,43,35,0.00,,
2006-11-28,40,43,38,0.02,,
2006-11-29,41,43,40,0.01,,
2006-11-30,43,46,40,0.00,,
2006-12-01,39,42,35,0.00,,
2006-12-02,36,42,,0.00,,
2006-12-03,34,38,31,0.00,,
2006-12-04,36,41,31,0.00,,
2006-12-05,43,,36,0.03,,
2006-12-06,46,51,42,0.03,,
2006-12-07,44,49,40,0.03,,
2006-12-08,46,50,40,0.01,,
2006-12-09,46,52,43,0.00,,
2006-12-10,41,46,38,0.12,,
2006-12-11,38,43,,0.00,,
2006-12-12,32,36,29,0.24,,
2006-12-13,37,,32,0.05,,0.4
2006-12-14,43,45,39,0.41,,
2006-12-15,44,45,43,0.04,,
2006-12-16,38,44,33,0.01,,
2006-12-17,38,44,,0.02,,
2006-12-18,35,38,31,0.00,,
2006-12-19,32,38,28,0.00,,
2006-12-20,33,36,30,0.00,,
2006-12-21,36,38,33,0.32,,0.8
2006-12-22,38,40,36,0.00,,
2006-12-23,40,43,,0.00,,
2006-12-24,41,44,35,0.00,,
2006-12-25,33,42,,0.02,,
2006-12-26,29,33,21,0.00,,
2006-12-27,35,36,32,0.02,,
2006-12-28,34,36,,0.03,,
2006-12-29,35,38,32,0.02,,
2006-12-30,33,38,31,0.00,,
2006-12-31,38,46,31,0.02,,
2007-01-01,41,45,38,0.07,,
2007-01-02,40,43,38,0.10,,
2007-01-03,39,40,36,0.00,,
2007-01-04,37,39,36,0.01,,
2007-01-05,41,43,38,0.24,,
2007-01-06,41,43,39,0.14,,
2007-01-07,39,43,36,0.06,,
2007-01-08,37,41,33,0.11,,
2007-01-09,42,,35,0.01,,
2007-01-10,50,53,46,0.00,,
2007-01-11,43,50,,0.05,,
2007-01-12,42,45,38,0.04,,
2007-01-13,44,49,38,0.24,,
2007-01-14,41,47,36,0.07,,
2007-01-15,40,44,37,0.07,,
2007-01-16,37,40,35,0.02,,
2007-01-17,39,41,36,0.00,,
2007-01-18,44,,39,0.10,,
2007-01-19,41,50,,0.83,,
2007-01-20,35,,33,0.06,,
2007-01-21,40,47,34,0.17,,
2007-01-22,38,41,36,0.10,,
2007-01-23,32,38,,0.00,,
2007-01-24,24,28,,0.00,,
2007-01-25,19,22,,0.17,,4.3
2007-01-26,19,22,16,0.00,,
2007-01-27,26,31,18,0.01,,4.7
2007-01-28,23,,19,0.08,,7.5
2007-01-29,20,31,8,0.29,,11.8
2007-01-30,24,31,9,0.00,,11.8
2007-01-31,27,33,8,0.04,,10.6
2007-02-01,31,36,,0.71,,10.6
2007-02-02,28,35,15,0.02,,9.8
2007-02-03,35,37,31,0.19,,9.4
2007-02-04,34,36,33,0.01,,8.3
2007-02-05,35,36,,0.06,,5.5
2007-02-06,30,35,,0.00,,3.9
2007-02-07,25,29,21,0.01,,3.9
2007-02-08,23,25,20,0.02,,4.7
2007-02-09,21,24,,0.23,,9.4
2007-02-10,13,21,8,0.01,,9.4
2007-02-11,7,18,-6,0.00,,9.4
2007-02-12,16,,9,0.08,,9.1
2007-02-13,26,31,19,0.03,,9.8
2007-02-14,32,34,30,0.02,,8.3
2007-02-15,33,35,,0.00,,7.5
2007-02-16,26,32,,0.00,,6.7
2007-02-17,18,28,10,0.00,,6.3
2007-02-18,28,39,16,0.00,,5.9
2007-02-19,34,36,,0.01,,5.5
2007-02-20,33,35,30,0.00,,5.1
2007-02-21,16,35,,0.01,,4.3
2007-02-22,9,13,5,0.00,,4.3
2007-02-23,6,17,-1,0.00,,4.3
2007-02-24,11,18,3,0.00,,3.9
2007-02-25,20,25,15,0.00,,3.9
2007-02-26,27,31,23,0.00,,3.9
2007-02-27,33,37,28,0.30,,6.7
2007-02-28,33,36,31,0.11,,5.1
2007-03-01,39,43,34,0.13,,4.7
2007-03-02,40,46,34,0.13,,3.1
2007-03-03,36,38,34,0.08,,1.6
2007-03-04,35,37,34,0.13,,
2007-03-05,34,40,31,0.00,,
2007-03-06,36,40,31,0.02,,
2007-03-07,40,53,33,0.01,,
2007-03-08,46,57,37,0.00,,
2007-03-09,41,48,,0.11,,
2007-03-10,40,49,29,0.00,,
2007-03-11,39,44,31,0.02,,
2007-03-12,44,50,,0.09,,
2007-03-13,42,57,31,0.01,,
2007-03-14,44,53,36,0.00,,
2007-03-15,41,50,36,0.00,,
2007-03-16,42,49,30,0.00,,
2007-03-17,42,45,39,0.01,,
2007-03-18,42,,,0.00,,
2007-03-19,40,46,,0.09,,
2007-03-20,41,47,35,0.03,,
2007-03-21,51,56,45,0.00,,
2007-03-22,43,52,,0.01,,
2007-03-23,46,52,33,0.01,,
2007-03-24,48,58,41,0.02,,
2007-03-25,45,58,34,0.00,,
2007-03-26,45,60,30,0.00,,
2007-03-27,46,61,31,0.00,,
2007-03-28,45,59,31,0.00,,
2007-03-29,44,58,30,0.00,,
2007-03-30,43,57,30,0.00,,
2007-03-31,44,60,28,0.00,,
2007-04-01,46,59,32,0.00,,
2007-04-02,43,54,29,0.00,,
2007-04-03,45,57,27,0.00,,
2007-04-04,37,49,,0.00,,
2007-04-05,40,51,21,0.00,,
2007-04-06,43,51,,0.00,,
2007-04-07,36,45,22,0.00,,
2007-04-08,35,43,28,0.13,,1.2
2007-04-09,39,46,29,0.20,,1.6
2007-04-10,40,46,36,0.39,,
2007-04-11,48,57,38,0.04,,
2007-04-12,49,58,42,0.00,,
2007-04-13,43,57,29,0.00,,
2007-04-14,49,63,32,0.00,,
2007-04-15,50,62,,0.00,,
2007-04-16,49,65,32,0.00,,
2007-04-17,55,71,34,0.00,,
2007-04-18,47,58,,0.04,,
2007-04-19,44,52,35,0.01,,
2007-04-20,41,48,,0.07,,
2007-04-21,39,48,33,0.00,,
2007-04-22,41,53,31,0.00,,
2007-04-23,44,58,23,0.00,,
2007-04-24,47,59,37,0.00,,
2007-04-25,51,67,31,0.00,,
2007-04-26,54,69,37,0.00,,
2007-04-27,57,72,37,0.00,,
2007-04-28,58,68,43,0.00,,
2007-04-29,46,60,38,0.00,,
2007-04-30,40,49,33,0.08,,
2007-05-01,38,47,29,0.00,,
2007-05-02,42,53,27,0.00,,
2007-05-03,43,51,,0.00,,
2007-05-04,47,63,27,0.00,,
2007-05-05,50,63,34,0.00,,
2007-05-06,49,64,37,0.16,,
2007-05-07,54,64,47,0.37,,
2007-05-08,52,59,,0.09,,
2007-05-09,47,53,43,0.07,,
2007-05-10,50,57,43,0.17,,
2007-05-11,58,74,51,0.03,,
2007-05-12,53,60,49,0.02,,
2007-05-13,54,65,43,0.00,,
2007-05-14,64,76,44,0.00,,
2007-05-15,66,76,,0.00,,
2007-05-16,48,62,45,0.56,,
2007-05-17,48,56,38,0.21,,
2007-05-18,51,61,,0.00,,
2007-05-19,54,68,35,0.00,,
2007-05-20,64,79,44,0.00,,
2007-05-21,70,83,54,0.00,,
2007-05-22,73,86,58,0.00,,
2007-05-23,69,80,59,0.00,,
2007-05-24,59,71,48,0.00,,
2007-05-25,67,81,45,0.00,,
2007-05-26,73,85,60,0.00,,
2007-05-27,72,82,58,0.00,,
2007-05-28,72,84,59,0.00,,
2007-05-29,68,84,61,0.79,,
2007-05-30,66,73,58,0.10,,
2007-05-31,59,69,56,0.26,,
2007-06-01,61,66,56,0.23,,
2007-06-02,59,66,,0.01,,
2007-06-03,56,,53,0.02,,
2007-06-04,64,73,,0.00,,
2007-06-05,65,77,46,0.00,,
2007-06-06,67,80,53,0.00,,
2007-06-07,69,82,51,0.00,,
2007-06-08,69,82,53,0.00,,
2007-06-09,69,81,52,0.00,,
2007-06-10,67,78,53,0.00,,
2007-06-11,70,81,55,0.00,,
2007-06-12,66,80,49,0.00,,
2007-06-13,70,85,57,0.00,,
2007-06-14,69,80,58,0.11,,
2007-06-15,72,86,58,0.00,,
2007-06-16,72,88,60,0.00,,
2007-06-17,66,79,,0.00,,
2007-06-18,63,79,50,0.02,,
2007-06-19,60,65,,0.37,,
2007-06-20,62,72,,0.32,,
2007-06-21,64,75,47,0.00,,
2007-06-22,59,68,55,0.11,,
2007-06-23,62,71,,0.37,,
2007-06-24,59,70,52,0.07,,
2007-06-25,63,74,49,0.02,,
2007-06-26,61,77,,0.00,,
2007-06-27,56,65,51,0.30,,
2007-06-28,55,65,49,0.00,,
2007-06-29,57,66,,0.02,,
2007-06-30,61,72,43,0.00,,
2007-07-01,60,67,,0.03,,
2007-07-02,63,75,46,0.00,,
2007-07-03,65,75,,0.00,,
2007-07-04,64,76,49,0.14,,
2007-07-05,58,65,,0.45,,
2007-07-06,59,64,54,1.94,,
2007-07-07,57,62,54,0.58,,
2007-07-08,59,65,56,0.19,,
2007-07-09,62,72,52,0.01,,
2007-07-10,59,69,,0.11,,
2007-07-11,56,64,,0.24,,
2007-07-12,58,68,43,0.00,,
2007-07-13,60,66,54,0.00,,
2007-07-14,64,71,54,0.15,,
2007-07-15,70,84,52,0.00,,
2007-07-16,74,91,57,0.00,,
2007-07-17,78,94,60,0.00,,
2007-07-18,71,79,,0.00,,
2007-07-19,70,81,60,0.01,,
2007-07-20,70,81,61,0.00,,
2007-07-21,70,80,63,0.00,,
2007-07-22,67,79,56,0.08,,
2007-07-23,64,75,,0.00,,
2007-07-24,65,77,51,0.39,,
2007-07-25,59,66,58,0.35,,
2007-07-26,63,72,,0.02,,
2007-07-27,67,79,53,0.00,,
2007-07-28,64,75,52,0.07,,
2007-07-29,62,70,,0.21,,
2007-07-30,57,62,,0.24,,
2007-07-31,54,62,48,0.06,,
2007-08-01,56,63,50,0.00,,
2007-08-02,59,70,44,0.00,,
2007-08-03,65,78,52,0.04,,
2007-08-04,61,67,58,0.01,,
2007-08-05,63,69,59,0.00,,
2007-08-06,68,78,54,0.00,,
2007-08-07,66,78,56,0.24,,
2007-08-08,64,70,56,0.12,,
2007-08-09,67,78,62,1.42,,
2007-08-10,70,79,63,0.08,,
2007-08-11,71,81,,0.12,,
2007-08-12,70,81,61,0.00,,
2007-08-13,67,76,59,0.08,,
2007-08-14,67,71,63,0.02,,
2007-08-15,65,77,,0.00,,
2007-08-16,72,85,56,0.00,,
2007-08-17,65,73,,0.00,,
2007-08-18,60,72,,0.04,,
2007-08-19,62,74,47,0.00,,
2007-08-20,64,73,53,0.00,,
2007-08-21,72,81,,0.02,,
2007-08-22,73,87,59,0.00,,
2007-08-23,74,85,63,0.15,,
2007-08-24,71,82,,0.00,,
2007-08-25,67,76,59,0.00,,
2007-08-26,64,72,56,0.00,,
2007-08-27,59,67,49,0.00,,
2007-08-29,56,65,40,0.00,,
2007-08-30,53,62,44,0.00,,
2007-08-31,54,60,46,0.00,,
2007-09-01,54,63,,0.11,,
2007-09-02,54,65,42,0.10,,
2007-09-03,59,67,52,0.00,,
2007-09-04,53,62,48,0.08,,
2007-09-05,55,64,47,0.03,,
2007-09-06,64,74,56,0.22,,
2007-09-07,60,68,54,0.00,,
2007-09-08,57,64,51,0.00,,
2007-09-09,53,60,,0.29,,
2007-09-10,51,60,38,0.03,,
2007-09-11,52,57,,0.12,,
2007-09-12,53,63,45,0.01,,
2007-09-13,55,63,,0.00,,
2007-09-14,50,61,40,0.00,,
2007-09-15,51,57,44,0.04,,
2007-09-16,50,55,42,0.16,,
2007-09-17,55,70,43,0.00,,
2007-09-18,62,75,47,0.00,,
2007-09-19,50,66,,0.52,,
2007-09-20,45,59,33,0.00,,
2007-09-21,49,62,38,0.00,,
2007-09-22,50,66,36,0.00,,
2007-09-23,54,68,39,0.00,,
2007-09-24,54,69,41,0.00,,
2007-09-25,54,,41,,,
2007-09-26,54,66,46,0.00,,
2007-09-27,56,64,49,0.00,,
2007-09-28,60,67,55,0.00,,
2007-09-29,59,70,,0.02,,
2007-09-30,56,69,43,0.00,,
2007-10-01,54,70,41,0.00,,
2007-10-02,54,61,45,0.24,,
2007-10-03,51,58,,0.12,,
2007-10-04,50,56,43,0.00,,
2007-10-05,49,58,41,0.00,,
2007-10-06,50,58,,0.00,,
2007-10-07,48,55,43,0.33,,
2007-10-08,48,54,,0.00,,
2007-10-09,43,53,,0.01,,
2007-10-10,39,52,27,0.00,,
2007-10-11,45,50,35,0.00,,
2007-10-12,45,50,42,0.00,,
2007-10-13,41,48,35,0.16,,
2007-10-14,37,46,30,0.00,,
2007-10-15,44,53,31,0.00,,
2007-10-16,47,57,32,0.00,,
2007-10-17,51,59,,0.00,,
2007-10-18,47,53,,0.08,,
2007-10-19,42,47,,0.00,,
2007-10-20,36,44,,0.00,,
2007-10-21,33,42,21,0.00,,
2007-10-22,39,42,38,0.00,,
2007-10-23,42,45,39,0.00,,
2007-10-24,46,55,42,0.00,,
2007-10-25,44,52,38,0.00,,
2007-10-26,46,50,41,0.00,,
2007-10-27,48,55,39,0.00,,
2007-10-28,48,54,41,0.00,,
2007-10-29,49,54,48,0.00,,
2007-10-30,48,55,41,0.00,,
2007-10-31,45,51,36,0.17,,
2007-11-01,42,48,34,0.05,,
2007-11-02,45,50,,0.12,,
2007-11-03,38,47,29,0.00,,
2007-11-04,40,47,,0.06,,
2007-11-05,29,35,,0.04,,
2007-11-06,29,35,18,0.00,,
2007-11-07,35,39,30,0.03,,0.8
2007-11-08,39,44,33,0.17,,
2007-11-09,39,42,36,0.07,,
2007-11-10,35,41,,0.17,,
2007-11-11,31,33,28,0.00,,
2007-11-12,31,32,28,0.00,,
2007-11-13,32,34,,0.00,,
2007-11-14,31,34,29,0.07,,0.4
2007-11-15,28,32,25,0.00,,
2007-11-16,27,32,20,0.00,,
2007-11-17,31,32,29,0.02,,0.4
2007-11-18,31,32,,0.01,,
2007-11-19,27,33,24,0.00,,
2007-11-20,27,30,20,0.00,,
2007-11-21,29,31,27,0.00,,
2007-11-22,30,34,26,0.00,,
2007-11-23,34,,29,0.00,,
2007-11-24,36,39,32,0.00,,
2007-11-25,34,,30,0.17,,
2007-11-26,34,38,,0.02,,
2007-11-27,32,34,31,0.24,,3.1
2007-11-28,30,33,,0.00,,2.4
2007-11-29,29,33,26,0.00,,2.4
2007-11-30,32,,28,0.00,,2.0
2007-12-01,34,35,33,0.16,,1.2
2007-12-02,38,40,33,0.14,,
2007-12-03,40,43,36,0.04,,
2007-12-04,40,42,38,0.14,,
2007-12-05,37,41,,0.02,,
2007-12-06,34,36,31,0.00,,
2007-12-07,39,,35,0.02,,
2007-12-08,40,44,36,0.13,,
2007-12-09,36,40,28,0.00,,
2007-12-10,40,,37,0.00,,
2007-12-11,39,44,,0.00,,
2007-12-12,34,37,31,0.00,,
2007-12-13,29,37,27,0.00,,
2007-12-14,30,31,,0.00,,
2007-12-15,29,30,,0.00,,
2007-12-16,27,31,22,0.00,,
2007-12-17,29,,27,0.00,,
2007-12-18,32,34,30,0.00,,
2007-12-19,35,36,32,0.00,,
2007-12-20,34,36,31,0.00,,
2007-12-21,33,36,,0.00,,
2007-12-22,24,31,,0.00,,
2007-12-23,22,23,20,0.00,,
2007-12-24,23,26,22,0.00,,
2007-12-25,22,,21,0.00,,
2007-12-26,21,24,,0.00,,
2007-12-27,21,,19,0.00,,
2007-12-28,27,,21,0.00,,0.4
2007-12-29,29,33,,0.00,,
2007-12-30,28,31,21,0.00,,
2007-12-31,26,30,20,0.01,,0.4
2008-01-01,27,29,20,0.00,,0.4
2008-01-02,21,27,,0.02,,0.8
2008-01-03,15,20,10,0.00,,0.4
2008-01-04,11,20,,0.01,,0.8
2008-01-05,12,19,5,0.00,,0.4
2008-01-06,21,,15,0.03,,0.8
2008-01-07,25,27,24,0.28,,4.7
2008-01-08,31,,24,0.00,,4.7
2008-01-09,33,39,,0.05,,3.9
2008-01-10,32,35,28,0.11,,5.1
2008-01-11,33,37,29,0.00,,4.3
2008-01-12,34,38,30,0.00,,3.9
2008-01-13,33,41,,0.00,,3.5
2008-01-14,29,38,19,0.00,,3.1
2008-01-15,30,33,26,0.00,,2.8
2008-01-16,32,37,29,0.00,,2.8
2008-01-17,33,,31,0.00,,2.4
2008-01-18,35,38,33,0.00,,2.4
2008-01-19,38,42,35,0.00,,2.0
2008-01-20,35,43,32,0.60,,
2008-01-21,35,40,32,0.07,,0.4
2008-01-22,34,40,31,0.15,,
2008-01-23,32,34,,0.22,,1.6
2008-01-24,31,,27,0.02,,2.0
2008-01-25,38,40,35,0.36,,
2008-01-26,41,44,36,0.13,,
2008-01-27,34,42,31,0.26,,
2008-01-28,30,34,,0.09,,2.0
2008-01-29,32,,24,0.00,,2.0
2008-01-30,37,40,35,0.00,,
2008-01-31,35,37,,0.06,,
2008-02-01,34,37,30,0.02,,
2008-02-02,37,40,35,0.03,,
2008-02-03,32,38,,0.02,,
2008-02-04,34,43,26,0.00,,
2008-02-05,36,41,32,0.00,,
2008-02-06,38,,29,0.04,,
2008-02-07,40,43,,0.32,,
2008-02-08,36,40,33,0.00,,
2008-02-09,35,40,,0.00,,
2008-02-10,36,42,30,0.00,,
2008-02-11,31,35,29,0.00,,
2008-02-12,33,35,31,0.00,,
2008-02-13,34,35,,0.00,,
2008-02-14,33,36,,0.01,,
2008-02-15,25,31,,0.00,,
2008-02-16,19,25,15,0.02,,0.4
2008-02-17,23,29,12,0.00,,0.4
2008-02-18,34,36,26,0.08,,2.0
2008-02-19,34,39,,0.01,,
2008-02-20,30,37,20,0.00,,
2008-02-21,38,45,34,0.03,,
2008-02-22,43,48,38,0.00,,
2008-02-23,42,49,39,0.22,,
2008-02-24,42,47,38,0.00,,
2008-02-25,40,47,,0.00,,
2008-02-26,41,,32,0.06,,
2008-02-27,46,49,,0.20,,
2008-02-28,42,45,39,0.00,,
2008-02-29,39,45,31,0.01,,
2008-03-01,40,44,36,0.04,,
2008-03-02,39,43,33,0.41,,
2008-03-03,38,44,35,0.06,,
2008-03-04,35,39,,0.02,,
2008-03-05,29,39,18,0.02,,0.4
2008-03-06,31,39,24,0.09,,0.8
2008-03-07,38,43,,0.12,,
2008-03-08,38,45,29,0.00,,
2008-03-09,37,50,27,0.00,,
2008-03-10,40,51,29,0.00,,
2008-03-11,41,47,35,0.00,,
2008-03-12,42,49,,0.11,,
2008-03-13,40,46,36,0.22,,
2008-03-14,39,43,,0.21,,
2008-03-15,34,42,26,0.01,,
2008-03-16,39,45,34,0.15,,
2008-03-17,37,42,,0.02,,
2008-03-18,32,38,30,0.09,,
2008-03-19,33,36,30,0.13,,1.2
2008-03-20,31,37,,0.03,,0.4
2008-03-21,32,40,25,0.00,,
2008-03-22,36,42,,0.10,,
2008-03-23,33,40,30,0.07,,
2008-03-24,30,33,26,0.03,,
2008-03-25,33,40,28,0.01,,
2008-03-26,32,38,28,0.00,,
2008-03-27,31,38,,0.02,,
2008-03-28,34,48,18,0.00,,
2008-03-29,43,55,31,0.00,,
2008-03-30,44,53,,0.14,,
2008-03-31,43,57,30,0.00,,
2008-04-01,42,55,29,0.00,,
2008-04-02,42,47,34,0.00,,
2008-04-03,47,54,40,0.01,,
2008-04-04,48,52,45,0.03,,
2008-04-05,44,51,38,0.00,,
2008-04-06,45,47,43,0.04,,
2008-04-07,46,54,40,0.07,,
2008-04-08,39,46,36,0.18,,
2008-04-09,45,56,29,0.07,,
2008-04-10,53,63,47,0.09,,
2008-04-11,49,57,43,0.02,,
2008-04-12,54,67,,0.36,,
2008-04-13,45,53,40,0.04,,
2008-04-14,47,63,29,0.00,,
2008-04-15,51,65,36,0.00,,
2008-04-16,49,58,,0.00,,
2008-04-17,42,45,40,0.06,,
2008-04-18,42,46,,0.04,,
2008-04-19,42,48,31,0.07,,
2008-04-20,46,50,43,0.31,,
2008-04-21,47,57,,0.14,,
2008-04-22,50,60,37,0.00,,
2008-04-23,49,59,41,0.00,,
2008-04-24,46,59,30,0.00,,
2008-04-25,48,63,29,0.00,,
2008-04-26,52,66,35,0.00,,
2008-04-27,53,67,37,0.00,,
2008-04-28,55,69,37,0.00,,
2008-04-29,50,58,38,0.03,,
2008-04-30,51,59,46,0.20,,
2008-05-01,55,64,46,0.00,,
2008-05-02,53,63,47,0.12,,
2008-05-03,53,66,,0.57,,
2008-05-04,55,67,43,0.04,,
2008-05-05,56,69,41,0.00,,
2008-05-06,53,61,,0.00,,
2008-05-07,48,59,31,0.00,,
2008-05-08,51,58,45,0.00,,
2008-05-09,51,63,41,0.02,,
2008-05-10,50,65,38,0.00,,
2008-05-11,55,67,43,0.30,,
2008-05-12,55,70,43,0.04,,
2008-05-13,51,58,,0.08,,
2008-05-14,47,59,32,0.00,,
2008-05-15,51,65,34,0.00,,
2008-05-16,57,72,37,0.00,,
2008-05-17,57,70,42,0.00,,
2008-05-18,61,71,51,0.14,,
2008-05-19,47,56,44,0.30,,
2008-05-20,53,61,44,0.12,,
2008-05-21,52,56,48,0.02,,
2008-05-22,54,58,49,0.04,,
2008-05-23,52,55,,0.00,,
2008-05-24,49,52,,0.27,,
2008-05-25,53,62,47,0.23,,
2008-05-26,55,66,38,0.00,,
2008-05-27,56,67,,0.00,,
2008-05-28,51,60,,0.01,,
2008-05-29,54,69,34,0.00,,
2008-05-30,58,73,40,0.00,,
2008-05-31,61,75,42,0.00,,
2008-06-01,62,74,44,0.00,,
2008-06-02,60,74,43,0.00,,
2008-06-03,65,78,47,0.00,,
2008-06-04,59,69,52,0.00,,
2008-06-05,58,70,45,0.00,,
2008-06-06,61,75,44,0.00,,
2008-06-07,64,80,45,0.00,,
2008-06-08,69,81,51,0.00,,
2008-06-09,67,81,50,0.00,,
2008-06-10,64,78,45,0.00,,
2008-06-11,63,74,48,0.00,,
2008-06-12,57,68,46,0.00,,
2008-06-13,59,69,39,0.00,,
2008-06-14,57,65,,0.67,,
2008-06-15,56,67,41,0.00,,
2008-06-16,59,71,43,0.00,,
2008-06-17,56,65,,0.02,,
2008-06-18,58,71,41,0.12,,
2008-06-19,62,75,42,0.00,,
2008-06-20,63,78,51,0.04,,
2008-06-21,60,71,,0.00,,
2008-06-22,59,72,42,0.00,,
2008-06-23,67,79,54,0.08,,
2008-06-24,61,74,53,0.00,,
2008-06-25,57,70,41,0.00,,
2008-06-26,62,74,50,0.11,,
2008-06-27,63,76,47,0.00,,
2008-06-28,60,69,52,0.08,,
2008-06-29,62,70,,0.21,,
2008-06-30,65,78,50,0.00,,
2008-07-01,61,71,47,0.02,,
2008-07-02,62,75,45,0.00,,
2008-07-03,64,77,48,0.00,,
2008-07-04,57,69,,0.01,,
2008-07-05,59,67,51,0.66,,
2008-07-06,64,76,56,0.45,,
2008-07-07,65,76,55,0.01,,
2008-07-08,64,72,,0.43,,
2008-07-09,58,71,49,0.04,,
2008-07-10,59,69,50,0.50,,
2008-07-11,65,77,45,0.00,,
2008-07-12,71,84,62,0.43,,
2008-07-13,69,77,,0.08,,
2008-07-14,62,71,,0.28,,
2008-07-15,62,72,53,0.02,,
2008-07-16,63,69,54,0.00,,
2008-07-17,62,70,,0.00,,
2008-07-18,60,68,51,0.00,,
2008-07-19,61,69,50,0.00,,
2008-07-20,61,72,50,0.12,,
2008-07-21,56,67,50,0.16,,
2008-07-22,59,70,52,0.01,,
2008-07-23,63,70,53,0.00,,
2008-07-24,71,82,61,0.28,,
2008-07-25,74,83,64,0.00,,
2008-07-26,71,80,,0.00,,
2008-07-27,69,82,54,0.00,,
2008-07-28,67,77,56,0.00,,
2008-07-29,62,74,51,0.39,,
2008-07-30,61,74,47,0.00,,
2008-07-31,64,78,48,0.00,,
2008-08-01,65,81,49,0.00,,
2008-08-02,66,85,50,0.20,,
2008-08-03,65,75,58,0.52,,
2008-08-04,67,81,58,0.07,,
2008-08-05,61,68,56,0.17,,
2008-08-06,60,67,,0.13,,
2008-08-07,60,72,46,0.02,,
2008-08-08,67,81,56,0.00,,
2008-08-09,64,73,57,0.00,,
2008-08-10,61,71,51,0.00,,
2008-08-11,63,75,53,0.00,,
2008-08-12,70,83,57,0.00,,
2008-08-13,65,79,,0.03,,
2008-08-14,66,80,52,0.00,,
2008-08-15,66,74,57,0.59,,
2008-08-16,72,86,60,0.31,,
2008-08-17,62,79,,0.06,,
2008-08-18,61,74,53,0.00,,
2008-08-19,65,80,52,0.00,,
2008-08-20,70,82,56,0.02,,
2008-08-21,64,74,,0.00,,
2008-08-22,62,75,48,0.00,,
2008-08-23,65,79,55,0.00,,
2008-08-24,55,67,48,0.00,,
2008-08-25,58,66,51,0.39,,
2008-08-26,60,71,51,0.02,,
2008-08-27,62,71,50,0.00,,
2008-08-28,64,71,59,0.00,,
2008-08-29,57,64,,0.11,,
2008-08-30,56,62,51,0.59,,
2008-08-31,54,63,,0.00,,
2008-09-01,52,64,39,0.05,,
2008-09-02,58,68,45,0.00,,
2008-09-03,66,80,50,0.00,,
2008-09-04,67,78,59,0.00,,
2008-09-05,65,77,52,0.00,,
2008-09-06,69,85,56,0.00,,
2008-09-07,72,85,59,0.00,,
2008-09-08,62,76,,0.24,,
2008-09-09,59,68,,0.35,,
2008-09-10,58,69,45,0.00,,
2008-09-11,57,64,49,0.00,,
2008-09-12,47,58,,0.00,,
2008-09-13,45,48,40,0.07,,
2008-09-14,49,58,,0.06,,
2008-09-15,45,51,39,0.00,,
2008-09-16,46,50,43,0.00,,
2008-09-17,46,48,45,0.11,,
2008-09-18,47,51,44,0.05,,
2008-09-19,47,49,45,0.09,,
2008-09-20,48,52,45,0.02,,
2008-09-21,51,57,45,0.04,,
2008-09-22,50,51,48,0.05,,
2008-09-23,50,,48,0.53,,
2008-09-24,49,52,47,0.01,,
2008-09-25,48,59,,0.00,,
2008-09-26,46,61,35,0.00,,
2008-09-27,46,61,34,0.00,,
2008-09-28,51,61,40,0.00,,
2008-09-29,49,53,46,0.02,,
2008-09-30,47,55,40,0.01,,
2008-10-01,51,55,44,0.06,,
2008-10-02,52,58,,0.18,,
2008-10-03,48,55,39,0.00,,
2008-10-04,47,50,,0.04,,
2008-10-05,43,54,35,0.29,,
2008-10-06,46,57,31,0.00,,
2008-10-07,51,55,,0.02,,
2008-10-08,48,59,,0.05,,
2008-10-09,48,59,34,0.00,,
2008-10-10,49,53,43,0.00,,
2008-10-11,51,60,41,0.00,,
2008-10-12,53,58,45,0.00,,
2008-10-13,52,58,47,0.00,,
2008-10-14,52,61,44,0.08,,
2008-10-15,48,56,42,0.00,,
2008-10-16,52,56,43,0.03,,
2008-10-17,46,54,,0.39,,
2008-10-18,44,50,41,0.04,,
2008-10-19,46,53,42,0.00,,
2008-10-20,48,57,43,0.02,,
2008-10-21,49,60,38,0.00,,
2008-10-22,49,53,42,0.00,,
2008-10-23,43,51,,0.00,,
2008-10-24,39,47,30,0.08,,
2008-10-25,38,44,31,0.00,,
2008-10-26,43,50,39,0.00,,
2008-10-27,44,50,37,0.00,,
2008-10-28,47,50,44,0.00,,
2008-10-29,50,61,39,0.00,,
2008-10-30,57,65,51,0.00,,
2008-10-31,43,59,,0.13,,
2008-11-01,43,58,31,0.00,,
2008-11-02,44,50,40,0.00,,
2008-11-03,40,42,38,0.00,,
2008-11-04,44,47,40,0.00,,
2008-11-05,47,47,,0.00,,
2008-11-06,37,46,,0.00,,
2008-11-07,36,42,30,0.00,,
2008-11-08,42,49,37,0.00,,
2008-11-09,44,50,40,0.00,,
2008-11-10,46,54,39,0.00,,
2008-11-11,43,50,,0.00,,
2008-11-12,39,45,31,0.00,,
2008-11-13,40,49,,0.00,,
2008-11-14,35,,28,0.00,,
2008-11-15,44,,36,0.11,,
2008-11-16,46,50,42,0.06,,
2008-11-17,36,42,,0.08,,
2008-11-18,29,37,20,0.00,,
2008-11-19,36,41,31,0.08,,0.4
2008-11-20,43,46,35,0.24,,
2008-11-21,34,41,31,0.35,,
2008-11-22,27,32,23,0.05,,
2008-11-23,28,31,21,0.00,,
2008-11-24,30,32,27,0.06,,1.2
2008-11-25,30,33,27,0.02,,1.6
2008-11-26,32,34,28,0.00,,1.6
2008-11-27,39,43,32,0.01,,0.4
2008-11-28,38,42,,0.01,,
2008-11-29,36,38,33,0.00,,
2008-11-30,43,,38,0.02,,
2008-12-01,42,46,38,0.11,,
2008-12-02,41,46,,0.00,,
2008-12-03,35,39,30,0.12,,
2008-12-04,36,39,29,0.00,,
2008-12-05,40,42,31,0.27,,
2008-12-06,39,42,36,0.09,,
2008-12-07,37,40,,0.11,,
2008-12-08,33,38,32,0.00,,
2008-12-09,33,36,29,0.00,,
2008-12-10,31,36,,0.01,,
2008-12-11,32,36,27,0.00,,
2008-12-12,35,38,30,0.00,,
2008-12-13,31,37,27,0.00,,
2008-12-14,26,31,24,0.00,,
2008-12-15,27,,23,0.00,,
2008-12-16,30,32,29,0.00,,
2008-12-17,32,,29,0.00,,
2008-12-18,34,35,,0.00,,
2008-12-19,31,,31,0.00,,
2008-12-20,33,34,31,0.11,,1.2
2008-12-21,36,39,33,0.15,,0.4
2008-12-22,38,43,33,0.19,,
2008-12-23,34,40,32,0.37,,
2008-12-24,31,33,26,0.09,,0.8
2008-12-25,30,31,29,0.00,,0.8
2008-12-26,27,30,,0.00,,0.8
2008-12-27,26,,24,0.00,,0.8
2008-12-28,28,,27,0.00,,0.8
2008-12-29,23,31,20,0.00,,0.8
2008-12-30,19,26,,0.00,,0.8
2008-12-31,19,32,11,0.00,,0.8
2009-01-01,20,24,13,0.00,,0.4
2009-01-02,15,23,6,0.01,,0.8
2009-01-03,22,26,18,0.00,,0.4
2009-01-04,19,29,,0.25,,3.9
2009-01-05,0,13,,0.00,,3.9
2009-01-06,-3,9,-13,0.00,,3.9
2009-01-07,10,,-2,0.00,,3.5
2009-01-08,18,23,12,0.03,,4.3
2009-01-09,26,,18,0.03,,5.1
2009-01-10,28,34,21,0.01,,5.1
2009-01-11,29,31,17,0.00,,5.1
2009-01-12,24,30,19,0.00,,5.1
2009-01-13,22,30,13,0.00,,4.7
2009-01-14,19,27,6,0.00,,4.7
2009-01-15,28,,24,0.00,,4.3
2009-01-16,29,34,27,0.09,,5.5
2009-01-17,22,29,15,0.00,,5.5
2009-01-18,17,22,10,0.00,,5.5
2009-01-19,26,33,9,0.01,,5.5
2009-01-20,30,,20,0.00,,5.5
2009-01-21,35,38,31,0.04,,5.1
2009-01-22,34,36,32,0.27,,3.1
2009-01-23,34,36,32,0.15,,3.5
2009-01-24,35,37,,0.00,,2.4
2009-01-25,34,35,32,0.13,,
2009-01-26,33,34,32,0.18,,
2009-01-27,32,34,31,0.00,,
2009-01-28,31,32,29,0.00,,
2009-01-29,32,34,30,0.00,,
2009-01-30,31,32,29,0.01,,
2009-01-31,28,31,,0.01,,
2009-02-01,24,27,23,0.00,,
2009-02-02,19,24,16,0.00,,
2009-02-03,18,,11,0.00,,
2009-02-04,30,33,22,0.00,,
2009-02-05,32,33,31,0.01,,0.4
2009-02-06,35,37,32,0.01,,
2009-02-07,40,49,34,0.00,,
2009-02-08,41,47,,0.04,,
2009-02-09,32,42,,0.20,,
2009-02-10,27,29,25,0.00,,
2009-02-11,32,33,29,0.06,,0.8
2009-02-12,33,34,,0.17,,2.0
2009-02-13,32,33,29,0.00,,1.6
2009-02-14,32,34,,0.19,,3.5
2009-02-15,24,31,,0.06,,4.7
2009-02-16,25,28,13,0.00,,4.3
2009-02-17,23,27,21,0.09,,6.3
2009-02-18,24,26,,0.08,,7.5
2009-02-19,21,26,16,0.00,,7.5
2009-02-20,21,26,16,0.00,,7.1
2009-02-21,18,26,,0.00,,7.1
2009-02-22,14,26,-2,0.00,,6.7
2009-02-23,26,,22,0.03,,7.1
2009-02-24,30,34,26,0.00,,7.1
2009-02-25,31,34,29,0.04,,6.7
2009-02-26,34,36,32,0.11,,6.7
2009-02-27,34,36,,0.03,,5.5
2009-02-28,30,35,,0.08,,5.5
2009-03-01,25,34,,0.00,,5.1
2009-03-02,21,,9,,,5.1
2009-03-03,30,38,19,0.00,,4.3
2009-03-04,36,42,33,0.00,,3.9
2009-03-05,35,38,32,0.00,,3.1
2009-03-06,34,36,32,0.02,,2.8
2009-03-07,33,36,,0.01,,2.0
2009-03-08,31,33,30,0.08,,3.9
2009-03-09,33,34,31,0.07,,3.1
2009-03-10,35,38,32,0.07,,2.8
2009-03-11,35,38,,0.05,,
2009-03-12,33,36,,0.09,,0.8
2009-03-13,34,42,29,0.02,,
2009-03-14,32,45,23,0.00,,
2009-03-15,36,47,22,0.00,,
2009-03-16,36,45,,0.03,,
2009-03-17,33,36,28,0.02,,
2009-03-18,32,36,,0.37,,1.2
2009-03-19,32,35,30,0.38,,5.1
2009-03-20,33,35,29,0.00,,2.4
2009-03-21,35,39,29,0.00,,1.6
2009-03-22,33,37,,0.03,,1.6
2009-03-23,33,36,30,0.26,,3.1
2009-03-24,33,35,29,0.30,,3.9
2009-03-25,30,35,,0.06,,3.1
2009-03-26,28,37,16,0.00,,2.8
2009-03-27,37,44,28,0.00,,2.0
2009-03-28,44,53,38,0.18,,0.8
2009-03-29,46,52,42,0.04,,
2009-03-30,42,46,,0.19,,
2009-03-31,40,53,26,0.00,,
2009-04-01,42,54,29,0.00,,
2009-04-02,39,50,29,0.00,,
2009-04-03,42,58,25,0.00,,
2009-04-04,46,64,30,0.00,,
2009-04-05,51,70,31,0.00,,
2009-04-06,46,58,,0.00,,
2009-04-07,47,62,30,0.00,,
2009-04-08,53,67,38,0.00,,
2009-04-09,52,62,43,0.04,,
2009-04-10,45,53,,0.15,,
2009-04-11,46,52,38,0.00,,
2009-04-12,48,56,42,0.00,,
2009-04-13,48,60,39,0.00,,
2009-04-14,48,61,33,0.00,,
2009-04-15,44,54,30,0.00,,
2009-04-16,48,57,39,0.00,,
2009-04-17,53,68,37,0.00,,
2009-04-18,51,60,,0.00,,
2009-04-19,38,50,29,0.00,,
2009-04-20,44,57,25,0.00,,
2009-04-21,43,53,,0.00,,
2009-04-22,43,58,25,0.00,,
2009-04-23,48,62,30,0.00,,
2009-04-24,47,59,36,0.00,,
2009-04-25,49,64,30,0.00,,
2009-04-26,53,67,33,0.00,,
2009-04-27,58,71,45,0.00,,
2009-04-28,59,76,42,0.00,,
2009-04-29,60,77,40,0.00,,
2009-04-30,62,78,44,0.00,,
2009-05-01,52,66,41,0.00,,
2009-05-02,53,66,38,0.00,,
2009-05-03,54,70,34,,,
2009-05-04,56,72,35,0.00,,
2009-05-05,49,59,40,0.00,,
2009-05-06,48,56,43,0.00,,
2009-05-07,49,58,42,0.72,,
2009-05-08,55,67,38,0.00,,
2009-05-09,54,64,,0.04,,
2009-05-10,56,69,40,0.10,,
2009-05-11,57,66,52,0.00,,
2009-05-12,47,60,,0.15,,
2009-05-13,46,57,37,0.21,,
2009-05-14,48,59,37,0.00,,
2009-05-15,47,58,40,0.04,,
2009-05-16,51,61,34,0.00,,
2009-05-17,52,58,,0.31,,
2009-05-18,50,60,40,0.01,,
2009-05-19,59,70,45,0.00,,
2009-05-20,60,70,,0.00,,
2009-05-21,58,65,49,0.00,,
2009-05-22,62,71,53,0.20,,
2009-05-23,51,57,44,0.11,,
2009-05-24,56,66,47,0.22,,
2009-05-25,57,69,41,0.00,,
2009-05-26,59,73,42,0.00,,
2009-05-27,59,77,49,0.12,,
2009-05-28,53,65,40,0.02,,
2009-05-29,56,64,49,0.00,,
2009-05-30,58,69,53,0.55,,
2009-05-31,61,76,54,0.43,,
2009-06-01,58,66,52,0.04,,
2009-06-02,57,65,50,0.41,,
2009-06-03,52,65,,0.04,,
2009-06-04,48,58,40,0.00,,
2009-06-05,47,56,40,0.00,,
2009-06-06,51,61,40,0.17,,
2009-06-07,54,59,,0.43,,
2009-06-08,57,70,42,0.19,,
2009-06-09,66,76,54,0.37,,
2009-06-10,63,72,59,0.63,,
2009-06-11,63,72,55,0.02,,
2009-06-12,55,66,,0.00,,
2009-06-13,50,56,41,0.08,,
2009-06-14,53,60,51,0.54,,
2009-06-15,60,72,51,0.32,,
2009-06-16,54,63,,0.14,,
2009-06-17,53,61,44,0.19,,
2009-06-18,56,65,42,0.01,,
2009-06-19,61,70,53,0.02,,
2009-06-20,59,65,,0.11,,
2009-06-21,58,65,51,0.00,,
2009-06-22,60,68,54,0.17,,
2009-06-23,67,80,61,0.10,,
2009-06-24,65,69,61,1.17,,
2009-06-25,67,74,,0.00,,
2009-06-26,61,66,58,0.08,,
2009-06-27,68,80,58,0.00,,
2009-06-28,73,83,60,0.00,,
2009-06-29,71,86,62,0.47,,
2009-06-30,70,82,63,0.02,,
2009-07-01,68,77,62,0.17,,
2009-07-02,69,79,,1.07,,
2009-07-03,70,79,62,0.00,,
2009-07-04,65,74,58,0.08,,
2009-07-05,66,74,58,0.04,,
2009-07-06,62,73,50,0.00,,
2009-07-07,67,78,56,0.01,,
2009-07-08,63,72,,0.00,,
2009-07-09,60,68,53,0.02,,
2009-07-10,60,70,49,0.01,,
2009-07-11,60,69,52,0.00,,
2009-07-12,58,66,47,0.00,,
2009-07-13,61,72,49,0.00,,
2009-07-14,65,77,49,0.00,,
2009-07-15,71,83,54,0.00,,
2009-07-16,70,77,65,0.39,,
2009-07-17,70,80,59,0.05,,
2009-07-18,75,85,62,0.00,,
2009-07-19,69,79,,0.00,,
2009-07-20,61,70,56,0.13,,
2009-07-21,61,70,53,0.22,,
2009-07-22,65,78,51,0.01,,
2009-07-23,73,85,60,0.03,,
2009-07-24,66,74,,0.04,,
2009-07-25,62,73,57,0.85,,
2009-07-26,59,66,56,0.43,,
2009-07-27,60,69,,0.29,,
2009-07-28,63,77,47,0.00,,
2009-07-29,66,74,56,0.00,,
2009-07-30,69,82,56,0.00,,
2009-07-31,65,74,59,0.00,,
2009-08-01,60,72,46,0.00,,
2009-08-02,62,75,46,0.00,,
2009-08-03,68,79,57,0.00,,
2009-08-04,68,75,60,0.02,,
2009-08-05,65,71,,0.01,,
2009-08-06,65,76,56,0.00,,
2009-08-07,63,75,51,0.00,,
2009-08-08,61,74,49,0.00,,
2009-08-09,60,74,46,0.00,,
2009-08-10,62,76,45,0.00,,
2009-08-11,64,76,52,0.16,,
2009-08-12,62,69,,0.16,,
2009-08-13,58,67,,0.19,,
2009-08-14,59,70,49,0.27,,
2009-08-15,57,68,49,0.00,,
2009-08-16,66,81,50,0.00,,
2009-08-17,70,81,56,0.00,,
2009-08-18,63,70,,0.22,,
2009-08-19,60,69,51,0.00,,
2009-08-20,59,71,45,0.00,,
2009-08-21,60,74,45,0.00,,
2009-08-22,62,74,47,0.00,,
2009-08-23,58,65,,0.25,,
2009-08-24,56,69,43,0.17,,
2009-08-25,59,74,42,0.00,,
2009-08-26,68,81,55,0.00,,
2009-08-27,62,68,,0.70,,
2009-08-28,60,73,50,0.00,,
2009-08-29,60,68,54,0.87,,
2009-08-30,57,66,,0.12,,
2009-08-31,56,69,42,0.00,,
2009-09-01,58,72,42,0.00,,
2009-09-02,58,73,45,0.00,,
2009-09-03,62,74,45,0.00,,
2009-09-04,62,67,59,0.20,,
2009-09-05,57,63,54,0.20,,
2009-09-06,56,63,52,0.10,,
2009-09-07,58,66,,0.00,,
2009-09-08,57,72,43,0.00,,
2009-09-09,59,72,45,0.00,,
2009-09-10,61,78,49,0.00,,
2009-09-11,62,76,49,0.00,,
2009-09-12,59,65,55,0.16,,
2009-09-13,54,66,45,0.00,,
2009-09-14,53,60,43,0.04,,
2009-09-15,60,69,53,0.00,,
2009-09-16,63,75,,0.00,,
2009-09-17,57,67,,0.00,,
2009-09-18,50,63,,0.00,,
2009-09-19,50,64,37,0.00,,
2009-09-20,51,67,37,0.00,,
2009-09-21,55,71,41,0.00,,
2009-09-22,55,64,47,0.00,,
2009-09-23,61,70,50,0.00,,
2009-09-24,56,64,48,0.00,,
2009-09-25,54,63,47,0.00,,
2009-09-26,56,64,50,0.00,,
2009-09-27,55,65,47,0.00,,
2009-09-28,57,68,42,0.00,,
2009-09-29,51,60,,0.24,,
2009-09-30,44,55,35,0.05,,
2009-10-01,46,56,39,0.00,,
2009-10-02,45,51,,0.13,,
2009-10-03,44,49,39,0.02,,
2009-10-04,51,58,44,0.00,,
2009-10-05,48,55,,0.01,,
2009-10-06,43,57,32,0.00,,
2009-10-07,54,62,34,0.04,,
2009-10-08,60,70,,0.04,,
2009-10-09,47,53,,0.00,,
2009-10-10,42,51,31,0.00,,
2009-10-11,44,,42,0.06,,
2009-10-12,47,53,,0.35,,
2009-10-13,39,45,,0.29,,
2009-10-14,34,38,32,0.22,,1.2
2009-10-15,37,44,33,0.31,,0.4
2009-10-16,35,38,30,0.06,,
2009-10-17,31,37,26,0.00,,
2009-10-18,33,39,29,0.00,,
2009-10-19,34,45,,0.00,,
2009-10-20,35,40,25,0.16,,
2009-10-21,40,42,39,0.37,,
2009-10-22,42,45,38,0.00,,
2009-10-23,44,45,40,0.01,,
2009-10-24,45,47,44,0.00,,
2009-10-25,47,49,45,0.28,,
2009-10-26,49,51,48,0.01,,
2009-10-27,49,52,47,0.24,,
2009-10-28,44,50,40,0.02,,
2009-10-29,40,43,38,0.01,,
2009-10-30,34,39,,0.00,,
2009-10-31,32,37,24,0.00,,
2009-11-01,33,38,,0.00,,
2009-11-02,29,37,23,0.00,,
2009-11-03,27,33,23,0.00,,
2009-11-04,29,,27,0.00,,
2009-11-05,33,35,30,0.07,,0.8
2009-11-06,33,35,31,0.12,,1.2
2009-11-07,36,37,32,0.03,,
2009-11-08,39,,36,0.07,,
2009-11-09,44,48,40,0.11,,
2009-11-10,40,43,,0.12,,
2009-11-11,39,,38,0.04,,
2009-11-12,40,42,,0.48,,
2009-11-13,37,40,,0.06,,
2009-11-14,36,45,28,0.00,,
2009-11-15,36,41,33,0.00,,
2009-11-16,37,39,35,0.11,,
2009-11-17,42,,38,0.03,,
2009-11-18,45,48,41,0.28,,
2009-11-19,47,,43,0.10,,
2009-11-20,44,50,,0.00,,
2009-11-21,44,51,37,0.00,,
2009-11-22,42,,36,0.00,,
2009-11-23,44,47,41,0.00,,
2009-11-24,45,50,42,0.07,,
2009-11-25,45,48,42,0.00,,
2009-11-26,42,48,39,0.03,,
2009-11-27,40,45,34,0.00,,
2009-11-28,40,45,,0.00,,
2009-11-29,39,45,32,0.00,,
2009-11-30,39,45,32,0.00,,
2009-12-01,42,45,39,0.00,,
2009-12-02,42,46,,0.00,,
2009-12-03,35,40,27,0.00,,
2009-12-04,39,41,26,0.00,,
2009-12-05,34,41,33,0.00,,
2009-12-06,35,36,33,0.00,,
2009-12-07,36,,32,0.23,,0.4
2009-12-08,40,42,38,0.16,,
2009-12-09,39,40,38,0.00,,
2009-12-10,35,40,34,0.00,,
2009-12-11,31,35,28,0.00,,
2009-12-12,24,29,,0.00,,
2009-12-13,22,23,17,0.00,,
2009-12-14,23,25,21,0.03,,0.4
2009-12-15,22,24,16,0.01,,1.2
2009-12-16,10,21,5,0.01,,1.6
2009-12-17,9,10,4,0.02,,2.0
2009-12-18,7,9,,0.12,,4.7
2009-12-19,2,12,,0.03,,5.1
2009-12-20,0,6,-10,0.00,,5.1
2009-12-21,8,,-3,0.02,,5.5
2009-12-22,21,,9,0.02,,5.5
2009-12-23,36,40,29,0.00,,5.5
2009-12-24,34,35,32,0.33,,2.8
2009-12-25,40,45,33,0.00,,2.4
2009-12-26,39,45,37,0.39,,
2009-12-27,34,39,,0.00,,
2009-12-28,30,32,25,0.24,,
2009-12-29,30,32,,0.21,,4.7
2009-12-30,24,27,,0.00,,4.7
2009-12-31,16,24,7,0.00,,4.7
2010-01-01,23,25,18,,,4.7
2010-01-02,24,24,23,0.21,,7.9
2010-01-03,8,24,,0.02,,9.1
2010-01-04,3,15,-13,0.00,,8.7
2010-01-05,13,20,,0.00,,8.7
2010-01-06,15,20,4,0.00,,8.7
2010-01-07,20,22,17,0.14,,10.6
2010-01-08,21,23,18,0.00,,10.6
2010-01-09,23,24,20,0.02,,10.2
2010-01-10,23,26,20,0.08,,11.4
2010-01-11,24,26,24,0.08,,11.4
2010-01-12,25,28,,0.15,,13.0
2010-01-13,13,26,,0.00,,12.2
2010-01-14,8,19,-2,0.00,,11.8
2010-01-15,8,16,2,0.00,,11.4
2010-01-16,14,,4,0.00,,11.0
2010-01-17,19,22,10,0.00,,11.0
2010-01-18,18,20,,0.00,,10.6
2010-01-19,13,15,11,0.00,,10.6
2010-01-20,13,16,12,0.11,,11.8
2010-01-21,10,13,7,0.00,,11.8
2010-01-22,6,13,0,0.00,,11.4
2010-01-23,-1,9,,0.00,,11.4
2010-01-24,-7,7,-16,0.00,,11.0
2010-01-25,-10,4,-20,0.00,,10.6
2010-01-26,-2,8,-17,0.00,,10.6
2010-01-27,5,,-1,0.00,,10.6
2010-01-28,19,28,6,0.12,,12.6
2010-01-29,26,29,,0.30,,18.1
2010-01-30,26,31,21,0.01,,18.1
2010-01-31,24,29,18,0.03,,18.9
2010-02-01,22,24,19,0.02,,19.3
2010-02-02,27,31,21,0.01,,19.3
2010-02-03,24,27,19,0.00,,19.3
2010-02-04,21,32,,0.08,,19.7
2010-02-05,20,24,6,0.00,,15.7
2010-02-06,19,22,,0.00,,15.7
2010-02-07,15,21,11,0.00,,18.5
2010-02-08,14,18,11,0.00,,18.9
2010-02-09,16,20,12,0.01,,18.5
2010-02-10,20,26,15,0.00,,18.1
2010-02-11,24,31,16,0.00,,18.1
2010-02-12,25,31,24,0.19,,19.7
2010-02-13,24,28,22,0.01,,19.7
2010-02-14,22,24,,0.13,,21.7
2010-02-15,18,23,8,0.30,,25.2
2010-02-16,22,25,19,0.00,,25.6
2010-02-17,24,27,20,0.01,,25.6
2010-02-18,28,32,24,0.00,,25.2
2010-02-19,34,40,30,0.00,,24.4
2010-02-20,35,37,,0.15,,22.0
2010-02-21,32,37,29,0.04,,19.7
2010-02-22,30,36,24,0.00,,18.1
2010-02-23,36,45,27,0.00,,16.5
2010-02-24,34,40,32,0.06,,14.2
2010-02-25,34,36,33,0.05,,13.4
2010-02-26,35,38,31,0.02,,13.0
2010-02-27,36,37,,0.04,,12.2
2010-02-28,35,41,30,0.01,,11.4
2010-03-01,38,48,35,0.02,,9.8
2010-03-02,35,38,,0.11,,7.1
2010-03-03,31,35,27,0.00,,5.9
2010-03-04,26,35,,0.04,,6.7
2010-03-05,23,35,10,0.00,,5.9
2010-03-06,21,28,13,0.00,,5.9
2010-03-07,20,28,,0.00,,5.9
2010-03-08,16,29,5,0.00,,5.5
2010-03-09,20,30,4,0.00,,5.1
2010-03-10,26,36,17,0.00,,4.7
2010-03-11,26,38,13,0.00,,4.3
2010-03-12,29,36,25,,,4.3
2010-03-13,29,34,25,0.05,,4.7
2010-03-14,30,37,23,0.01,,4.7
2010-03-15,27,34,18,0.00,,4.7
2010-03-16,29,35,25,0.02,,4.3
2010-03-17,29,,22,0.01,,3.9
2010-03-18,35,39,33,0.08,,4.3
2010-03-19,43,51,34,0.01,,3.1
2010-03-20,45,53,39,0.00,,1.6
2010-03-21,50,57,41,0.09,,
2010-03-22,36,51,31,0.20,,
2010-03-23,42,50,28,0.00,,
2010-03-24,40,49,,0.00,,
2010-03-25,44,57,29,0.00,,
2010-03-26,53,63,45,0.02,,
2010-03-27,49,59,,0.00,,
2010-03-28,44,55,36,0.03,,
2010-03-29,44,53,34,0.03,,
2010-03-30,54,62,44,0.38,,
2010-03-31,56,68,47,0.00,,
2010-04-01,46,55,,0.09,,
2010-04-02,43,49,38,0.03,,
2010-04-03,39,45,32,0.00,,
2010-04-04,46,58,31,0.00,,
2010-04-05,51,62,42,,,
2010-04-06,44,49,43,0.10,,
2010-04-07,44,48,,0.37,,
2010-04-08,43,54,32,0.00,,
2010-04-09,46,58,33,0.16,,
2010-04-10,42,48,32,,,
2010-04-11,48,57,40,0.04,,
2010-04-12,49,61,,0.00,,
2010-04-13,47,61,32,0.12,,
2010-04-14,49,62,35,0.00,,
2010-04-15,52,66,36,0.00,,
2010-04-16,49,62,,0.08,,
2010-04-17,45,54,37,0.00,,
2010-04-18,52,64,40,0.00,,
2010-04-19,50,61,37,0.00,,
2010-04-20,41,53,,0.00,,
2010-04-21,40,54,25,0.02,,
2010-04-22,36,43,33,0.15,,
2010-04-23,41,52,32,0.15,,
2010-04-24,44,52,36,0.00,,
2010-04-25,42,56,26,0.00,,
2010-04-26,48,62,29,0.00,,
2010-04-27,49,56,42,0.05,,
2010-04-28,48,,,0.04,,
2010-04-29,50,61,34,0.00,,
2010-04-30,62,74,45,0.00,,
2010-05-01,54,68,,0.01,,
2010-05-02,53,60,46,0.22,,
2010-05-03,58,68,47,0.00,,
2010-05-04,49,60,,0.08,,
2010-05-05,44,50,,0.09,,
2010-05-06,46,,37,0.26,,
2010-05-07,59,72,50,0.19,,
2010-05-08,55,62,,0.16,,
2010-05-09,53,63,40,0.00,,
2010-05-10,56,65,44,0.00,,
2010-05-11,58,69,50,0.46,,
2010-05-12,62,74,49,0.00,,
2010-05-13,63,72,,0.02,,
2010-05-14,61,70,55,0.01,,
2010-05-15,54,60,,0.45,,
2010-05-16,58,71,47,0.06,,
2010-05-17,61,69,58,0.54,,
2010-05-18,57,60,,0.81,,
2010-05-19,60,71,51,0.14,,
2010-05-20,62,72,50,0.00,,
2010-05-21,65,76,52,0.00,,
2010-05-22,64,77,50,0.00,,
2010-05-23,63,72,52,0.02,,
2010-05-24,57,64,,0.32,,
2010-05-25,50,57,,0.14,,
2010-05-26,49,58,,0.11,,
2010-05-27,52,64,34,0.00,,
2010-05-28,56,63,,0.00,,
2010-05-29,54,68,42,0.01,,
2010-05-30,57,68,41,0.00,,
2010-05-31,61,68,58,0.03,,
2010-06-01,63,71,57,0.19,,
2010-06-02,69,80,57,0.00,,
2010-06-03,69,83,59,0.69,,
2010-06-04,64,71,,0.27,,
2010-06-05,57,68,44,0.00,,
2010-06-06,61,72,50,0.00,,
2010-06-07,65,79,46,,,
2010-06-08,63,71,,0.00,,
2010-06-09,66,80,49,0.00,,
2010-06-10,74,86,60,0.00,,
2010-06-11,77,88,64,0.00,,
2010-06-12,72,80,63,0.00,,
2010-06-13,59,74,,0.55,,
2010-06-14,53,60,42,0.00,,
2010-06-15,58,66,49,0.26,,
2010-06-16,57,64,52,0.05,,
2010-06-17,58,68,47,0.00,,
2010-06-18,60,72,41,0.00,,
2010-06-19,60,68,,0.28,,
2010-06-20,57,65,47,0.20,,
2010-06-21,56,59,54,1.29,,
2010-06-22,58,66,51,0.00,,
2010-06-23,54,63,45,,,
2010-06-24,57,60,51,0.60,,
2010-06-25,63,70,56,0.08,,
2010-06-26,64,72,58,0.02,,
2010-06-27,63,74,51,0.00,,
2010-06-28,65,76,50,0.00,,
2010-06-29,66,78,50,0.00,,
2010-06-30,69,82,52,0.00,,
2010-07-01,67,76,56,0.00,,
2010-07-02,65,74,51,0.00,,
2010-07-03,65,75,52,0.00,,
2010-07-04,65,70,58,0.22,,
2010-07-05,70,81,55,0.00,,
2010-07-06,68,81,58,0.83,,
2010-07-07,64,70,59,0.24,,
2010-07-08,66,75,55,0.00,,
2010-07-09,69,78,59,0.00,,
2010-07-10,72,84,57,0.00,,
2010-07-11,74,85,60,0.00,,
2010-07-12,76,86,62,0.00,,
2010-07-13,69,82,64,2.28,,
2010-07-14,71,78,63,0.23,,
2010-07-15,74,84,67,0.16,,
2010-07-16,76,88,63,0.00,,
2010-07-17,78,89,63,0.00,,
2010-07-18,75,90,68,0.04,,
2010-07-19,70,77,64,0.00,,
2010-07-20,71,80,62,0.00,,
2010-07-21,74,84,62,0.00,,
2010-07-22,77,89,64,0.04,,
2010-07-23,79,90,66,0.00,,
2010-07-24,76,89,66,0.00,,
2010-07-25,65,73,62,0.01,,
2010-07-26,66,72,60,0.00,,
2010-07-27,68,77,,0.00,,
2010-07-28,65,72,,0.59,,
2010-07-29,61,69,53,0.00,,
2010-07-30,66,80,51,0.00,,
2010-07-31,70,80,61,0.20,,
2010-08-01,72,84,60,0.02,,
2010-08-02,70,83,58,0.00,,
2010-08-03,74,86,61,0.00,,
2010-08-04,65,78,,0.07,,
2010-08-05,67,76,61,0.02,,
2010-08-06,72,85,58,0.00,,
2010-08-07,76,87,66,0.00,,
2010-08-08,71,82,65,0.10,,
2010-08-09,65,75,54,0.00,,
2010-08-10,65,79,54,0.00,,
2010-08-11,68,81,53,0.00,,
2010-08-12,71,83,55,0.00,,
2010-08-13,76,90,66,0.02,,
2010-08-14,79,93,66,0.22,,
2010-08-15,80,93,65,0.00,,
2010-08-16,75,85,64,0.00,,
2010-08-17,66,75,,,,
2010-08-18,61,66,57,0.29,,
2010-08-19,62,71,56,0.08,,
2010-08-20,63,72,,0.19,,
2010-08-21,61,74,47,0.01,,
2010-08-22,69,83,55,0.00,,
2010-08-23,67,76,61,0.57,,
2010-08-24,67,75,,0.20,,
2010-08-25,62,67,,1.02,,
2010-08-26,59,66,53,0.00,,
2010-08-27,59,61,55,0.24,,
2010-08-28,58,65,,0.91,,
2010-08-29,54,62,,0.04,,
2010-08-30,53,63,41,0.35,,
2010-08-31,53,61,45,0.19,,
2010-09-01,52,54,,0.67,,
2010-09-02,52,58,49,2.26,,
2010-09-03,51,60,,0.11,,
2010-09-04,50,62,37,0.00,,
2010-09-05,50,61,37,0.00,,
2010-09-06,53,57,49,0.43,,
2010-09-07,54,62,,0.17,,
2010-09-08,53,65,44,0.07,,
2010-09-09,53,64,45,0.00,,
2010-09-10,54,57,52,0.15,,
2010-09-11,54,58,51,0.02,,
2010-09-12,57,63,54,0.06,,
2010-09-13,60,71,50,0.00,,
2010-09-14,58,64,55,0.01,,
2010-09-15,55,59,,0.00,,
2010-09-16,52,64,,0.08,,
2010-09-17,51,64,42,0.10,,
2010-09-18,50,56,45,0.17,,
2010-09-19,48,57,41,0.00,,
2010-09-20,51,62,41,0.00,,
2010-09-21,53,61,46,0.04,,
2010-09-22,49,59,,0.04,,
2010-09-23,48,63,33,0.00,,
2010-09-24,56,69,41,0.00,,
2010-09-25,58,69,49,0.00,,
2010-09-26,60,68,46,0.00,,
2010-09-27,59,67,,0.04,,
2010-09-28,51,55,50,0.04,,
2010-09-29,45,51,,0.06,,
2010-09-30,40,42,38,0.60,,
2010-10-01,42,50,,0.09,,
2010-10-02,43,56,29,0.00,,
2010-10-03,47,56,36,0.00,,
2010-10-04,44,53,37,0.00,,
2010-10-05,42,53,33,0.00,,
2010-10-06,42,51,35,0.00,,
2010-10-07,35,42,,0.00,,
2010-10-08,37,51,26,0.00,,
2010-10-09,41,56,29,0.00,,
2010-10-10,40,59,26,0.00,,
2010-10-11,39,50,,0.00,,
2010-10-12,42,49,29,0.00,,
2010-10-13,38,48,27,0.00,,
2010-10-14,42,46,32,0.01,,
2010-10-15,40,49,,0.06,,
2010-10-16,33,47,21,0.00,,
2010-10-17,31,47,19,0.00,,
2010-10-18,31,38,18,0.00,,
2010-10-19,42,45,36,0.06,,
2010-10-20,42,48,,0.50,,
2010-10-21,38,42,,0.01,,
2010-10-22,39,43,30,0.13,,
2010-10-23,41,52,32,0.22,,
2010-10-24,46,56,35,0.00,,
2010-10-25,42,51,37,0.00,,
2010-10-26,36,43,,0.00,,
2010-10-27,35,45,27,0.00,,
2010-10-28,38,44,28,,,
2010-10-29,43,49,,0.01,,
2010-10-30,44,54,32,0.00,,
2010-10-31,45,54,36,0.00,,
2010-11-01,47,55,39,0.00,,
2010-11-02,46,55,37,0.00,,
2010-11-03,48,52,41,0.00,,
2010-11-04,46,49,44,0.14,,
2010-11-05,51,57,46,0.47,,
2010-11-06,44,51,41,0.30,,
2010-11-07,40,44,37,0.37,,
2010-11-08,44,,37,0.31,,
2010-11-09,47,56,,0.10,,
2010-11-10,44,51,35,0.00,,
2010-11-11,42,49,34,0.22,,
2010-11-12,41,46,34,0.01,,
2010-11-13,48,53,43,0.17,,
2010-11-14,50,60,45,0.09,,
2010-11-15,47,59,40,0.00,,
2010-11-16,44,46,38,0.00,,
2010-11-17,43,,41,0.01,,
2010-11-18,47,49,44,0.00,,
2010-11-19,44,49,,0.16,,
2010-11-20,41,44,32,0.00,,
2010-11-21,39,44,33,0.00,,
2010-11-22,38,42,31,0.00,,
2010-11-23,41,45,35,0.14,,
2010-11-24,36,41,34,0.06,,
2010-11-25,32,37,31,0.04,,
2010-11-26,29,34,24,0.00,,
2010-11-27,28,32,,0.00,,
2010-11-28,24,26,22,,,
2010-11-29,19,26,14,0.00,,
2010-11-30,10,15,,0.62,,8.7
2010-12-01,-1,7,-14,0.00,,9.1
2010-12-02,13,,5,0.02,,9.4
2010-12-03,19,21,16,0.03,,10.2
2010-12-04,15,19,11,0.12,,12.2
2010-12-05,13,19,5,0.00,,12.2
2010-12-06,26,30,15,,,11.8
2010-12-07,28,29,27,0.00,,12.2
2010-12-08,29,31,28,,,11.8
2010-12-09,31,37,28,0.20,,9.4
2010-12-10,28,31,,0.02,,6.7
2010-12-11,22,27,18,0.00,,5.9
2010-12-12,26,28,23,0.06,,7.9
2010-12-13,18,24,,0.03,,8.3
2010-12-14,6,14,2,0.01,,8.3
2010-12-15,13,15,-1,0.10,,9.1
2010-12-16,14,17,,0.00,,9.1
2010-12-17,15,18,9,0.00,,9.1
2010-12-18,15,18,12,0.00,,8.7
2010-12-19,14,19,9,0.00,,9.1
2010-12-20,24,35,11,0.02,,9.4
2010-12-21,23,27,20,0.16,,11.0
2010-12-22,25,27,21,0.02,,11.0
2010-12-23,29,,25,0.00,,10.6
2010-12-24,38,45,31,0.00,,10.2
2010-12-25,33,39,,0.02,,6.7
2010-12-26,27,30,,0.00,,5.5
2010-12-27,18,24,,0.00,,5.5
2010-12-28,16,20,10,0.00,,4.7
2010-12-29,20,21,18,0.08,,6.7
2010-12-30,24,28,19,0.29,,12.6
2010-12-31,20,25,15,0.17,,16.1
2011-01-01,31,35,24,0.03,,15.7
2011-01-02,29,33,,0.09,,17.3
2011-01-03,26,28,22,0.01,,18.1
2011-01-04,22,26,17,0.09,,19.3
2011-01-05,16,26,,0.02,,18.5
2011-01-06,16,,7,0.00,,17.3
2011-01-07,32,37,21,0.10,,16.5
2011-01-08,35,36,33,0.11,,12.6
2011-01-09,35,,34,0.15,,9.4
2011-01-10,35,37,,0.00,,8.3
2011-01-11,30,33,28,0.00,,7.9
2011-01-12,33,35,31,0.01,,6.7
2011-01-13,33,35,31,0.07,,5.9
2011-01-14,32,33,30,0.02,,5.1
2011-01-15,33,34,,0.09,,3.9
2011-01-16,33,,30,0.12,,3.5
2011-01-17,39,40,36,0.02,,3.1
2011-01-18,37,40,34,0.00,,2.8
2011-01-19,34,38,,0.02,,2.4
2011-01-20,31,33,,0.00,,2.4
2011-01-21,28,30,,0.02,,2.8
2011-01-22,28,,22,0.02,,3.1
2011-01-23,28,30,,0.14,,5.5
2011-01-24,19,27,,0.00,,5.5
2011-01-25,20,,13,0.00,,5.5
2011-01-26,29,31,24,0.01,,5.9
2011-01-27,25,31,,0.01,,5.9
2011-01-28,12,16,8,0.01,,5.9
2011-01-29,17,19,12,0.00,,5.9
2011-01-30,26,32,18,0.00,,5.9
2011-01-31,25,27,,0.00,,5.5
2011-02-01,23,25,21,0.00,,5.5
2011-02-02,25,,21,0.00,,5.1
2011-02-03,31,,29,0.01,,5.1
2011-02-04,34,35,32,0.07,,3.9
2011-02-05,42,45,33,0.53,,2.0
2011-02-06,38,44,32,0.21,,
2011-02-07,38,43,32,0.12,,0.4
2011-02-08,40,44,38,0.21,,
2011-02-09,35,40,,0.02,,
2011-02-10,27,33,22,0.00,,
2011-02-11,33,36,28,0.05,,0.8
2011-02-12,24,35,18,0.10,,1.2
2011-02-13,17,23,12,0.00,,1.2
2011-02-14,9,18,2,0.00,,1.2
2011-02-15,7,18,0,0.00,,1.2
2011-02-16,13,22,4,0.00,,1.2
2011-02-17,20,27,12,0.00,,0.8
2011-02-18,20,24,18,0.03,,1.2
2011-02-19,19,23,,0.30,,4.7
2011-02-20,14,17,9,0.06,,5.9
2011-02-21,8,13,,0.00,,6.3
2011-02-22,4,14,-7,0.00,,6.3
2011-02-23,6,16,-3,,,6.3
2011-02-24,6,20,-7,0.00,,6.3
2011-02-25,10,22,-2,0.00,,6.3
2011-02-26,17,26,1,0.00,,5.9
2011-02-27,19,27,12,0.00,,5.9
2011-02-28,17,29,6,0.00,,5.5
2011-03-01,14,34,-2,0.00,,5.1
2011-03-02,19,39,3,0.00,,4.3
2011-03-03,22,39,7,0.00,,3.9
2011-03-04,27,36,12,0.00,,3.9
2011-03-05,32,34,30,0.00,,3.9
2011-03-06,29,35,26,0.00,,3.5
2011-03-07,24,32,13,0.00,,3.9
2011-03-08,27,37,20,0.00,,3.9
2011-03-09,28,38,15,0.00,,3.5
2011-03-10,32,38,27,,,3.1
2011-03-11,38,45,,0.00,,2.8
2011-03-12,37,48,30,0.00,,1.6
2011-03-13,41,55,32,0.00,,
2011-03-14,43,60,31,0.00,,
2011-03-15,37,43,30,0.00,,
2011-03-16,32,40,26,0.00,,
2011-03-17,34,,28,,,
2011-03-18,32,34,30,0.00,,
2011-03-19,33,34,32,0.14,,1.2
2011-03-20,32,38,,0.04,,0.8
2011-03-21,32,38,23,0.00,,
2011-03-22,47,56,33,0.00,,
2011-03-23,44,49,38,0.00,,
2011-03-24,41,44,35,0.00,,
2011-03-25,37,44,,0.13,,
2011-03-26,30,37,,0.26,,0.4
2011-03-27,30,41,16,0.00,,
2011-03-28,38,46,28,0.00,,
2011-03-29,39,45,32,0.00,,
2011-03-30,42,51,37,0.00,,
2011-03-31,47,60,36,,,
2011-04-01,48,58,43,0.09,,
2011-04-02,45,49,42,0.13,,
2011-04-03,47,62,34,0.00,,
2011-04-04,49,60,36,0.00,,
2011-04-05,46,57,,0.15,,
2011-04-06,47,55,32,0.00,,
2011-04-07,52,64,,0.12,,
2011-04-08,44,51,40,0.13,,
2011-04-09,40,45,,0.19,,
2011-04-10,42,48,35,0.01,,
2011-04-11,38,45,30,0.00,,
2011-04-12,44,47,39,0.25,,
2011-04-13,40,44,34,0.50,,
2011-04-14,46,54,36,0.51,,
2011-04-15,44,51,38,0.00,,
2011-04-16,45,55,31,0.00,,
2011-04-17,47,55,,,,
2011-04-18,49,61,33,0.00,,
2011-04-19,47,56,38,0.00,,
2011-04-20,44,60,28,0.00,,
2011-04-21,49,66,32,0.00,,
2011-04-22,53,68,34,0.00,,
2011-04-23,54,64,41,0.00,,
2011-04-24,52,58,42,0.00,,
2011-04-25,59,70,47,0.00,,
2011-04-26,57,72,38,0.00,,
2011-04-27,58,74,43,0.00,,
2011-04-28,57,73,40,0.00,,
2011-04-29,54,71,40,0.00,,
2011-04-30,52,63,,0.25,,
2011-05-01,44,55,36,0.00,,
2011-05-02,44,54,,0.36,,
2011-05-03,40,46,36,0.00,,
2011-05-04,39,51,,0.47,,
2011-05-05,37,48,27,0.00,,
2011-05-06,40,53,28,0.00,,
2011-05-07,45,,38,0.09,,
2011-05-08,53,64,,0.23,,
2011-05-09,60,74,41,0.00,,
2011-05-10,59,72,42,0.00,,
2011-05-11,59,75,40,0.00,,
2011-05-12,61,75,42,0.00,,
2011-05-13,53,62,,,,
2011-05-14,53,64,,0.00,,
2011-05-15,52,65,35,0.02,,
2011-05-16,51,59,,0.52,,
2011-05-17,54,61,39,0.00,,
2011-05-18,57,65,,0.00,,
2011-05-19,62,78,41,0.00,,
2011-05-20,65,81,48,,,
2011-05-21,63,74,53,0.04,,
2011-05-22,64,76,52,0.00,,
2011-05-23,60,69,,0.08,,
2011-05-24,60,74,40,0.00,,
2011-05-25,52,68,,0.00,,
2011-05-26,53,66,36,0.00,,
2011-05-27,63,76,44,0.00,,
2011-05-28,58,67,,0.30,,
2011-05-29,58,67,,0.36,,
2011-05-30,64,76,48,0.09,,
2011-05-31,69,82,52,0.00,,
2011-06-01,71,85,55,0.00,,
2011-06-02,72,82,61,0.09,,
2011-06-03,66,76,55,0.00,,
2011-06-04,65,77,51,0.00,,
2011-06-05,67,80,50,0.00,,
2011-06-06,71,84,51,0.00,,
2011-06-07,71,82,58,0.00,,
2011-06-08,72,85,58,0.00,,
2011-06-09,66,83,56,0.39,,
2011-06-10,60,64,,,,
2011-06-11,56,60,54,0.04,,
2011-06-12,58,62,54,0.08,,
2011-06-13,60,71,,0.00,,
2011-06-14,60,76,40,0.00,,
2011-06-15,63,71,53,0.00,,
2011-06-16,63,74,50,0.00,,
2011-06-17,65,78,50,0.04,,
2011-06-18,63,75,47,0.83,,
2011-06-19,62,67,,0.11,,
2011-06-20,56,64,49,,,
2011-06-21,59,69,51,0.04,,
2011-06-22,61,76,45,0.04,,
2011-06-23,65,73,,0.45,,
2011-06-24,59,69,50,0.00,,
2011-06-25,57,66,49,0.15,,
2011-06-26,56,65,45,0.00,,
2011-06-27,60,71,50,0.06,,
2011-06-28,69,78,57,0.00,,
2011-06-29,70,76,63,0.08,,
2011-06-30,69,77,62,0.00,,
2011-07-01,61,74,,0.02,,
2011-07-02,54,58,52,1.37,,
2011-07-03,55,59,53,0.41,,
2011-07-04,56,63,52,0.01,,
2011-07-05,63,74,54,0.11,,
2011-07-06,67,73,62,1.06,,
2011-07-07,65,71,60,0.10,,
2011-07-08,67,78,58,0.00,,
2011-07-09,69,76,,0.11,,
2011-07-10,68,82,52,0.00,,
2011-07-11,71,81,60,0.00,,
2011-07-12,64,72,,0.15,,
2011-07-13,65,77,51,0.00,,
2011-07-14,71,86,58,0.31,,
2011-07-15,68,75,,0.65,,
2011-07-16,63,70,,0.23,,
2011-07-17,65,77,48,0.00,,
2011-07-18,71,86,62,0.04,,
2011-07-19,67,76,59,0.30,,
2011-07-20,72,85,62,0.22,,
2011-07-21,70,84,63,0.36,,
2011-07-22,65,74,58,0.83,,
2011-07-23,57,66,55,0.01,,
2011-07-24,60,69,45,0.04,,
2011-07-25,67,77,57,0.04,,
2011-07-26,67,77,56,0.44,,
2011-07-27,66,72,,0.09,,
2011-07-28,63,68,60,0.06,,
2011-07-29,65,74,,0.03,,
2011-07-30,64,74,52,0.00,,
2011-07-31,69,77,63,0.13,,
2011-08-01,67,73,63,0.48,,
2011-08-02,66,73,,0.02,,
2011-08-03,61,72,51,0.00,,
2011-08-04,60,72,45,0.00,,
2011-08-05,61,75,44,0.00,,
2011-08-06,63,76,46,0.00,,
2011-08-07,71,82,55,0.00,,
2011-08-08,66,73,,0.25,,
2011-08-09,61,68,,0.03,,
2011-08-10,57,65,50,0.00,,
2011-08-11,57,61,48,0.11,,
2011-08-12,66,78,54,0.00,,
2011-08-13,62,78,54,0.24,,
2011-08-14,65,76,57,0.00,,
2011-08-15,67,80,52,0.00,,
2011-08-16,65,70,,0.00,,
2011-08-17,59,71,,0.00,,
2011-08-18,60,76,43,0.00,,
2011-08-19,65,80,51,0.71,,
2011-08-20,59,66,54,0.04,,
2011-08-21,60,71,,0.00,,
2011-08-22,59,69,46,0.24,,
2011-08-23,63,72,,0.00,,
2011-08-24,64,74,52,0.00,,
2011-08-25,67,76,57,0.00,,
2011-08-26,69,78,60,0.00,,
2011-08-27,72,82,62,0.00,,
2011-08-28,62,75,,0.00,,
2011-08-29,59,72,45,0.00,,
2011-08-30,57,67,,0.00,,
2011-08-31,55,65,43,0.00,,
2011-09-01,56,65,43,0.00,,
2011-09-02,53,65,43,0.00,,
2011-09-03,54,67,44,0.00,,
2011-09-04,56,71,40,0.00,,
2011-09-05,62,76,44,0.00,,
2011-09-06,59,68,,0.29,,
2011-09-07,55,69,41,0.00,,
2011-09-08,54,61,51,0.03,,
2011-09-09,54,62,51,0.41,,
2011-09-10,53,63,44,0.08,,
2011-09-11,61,74,48,0.00,,
2011-09-12,66,80,54,0.00,,
2011-09-13,62,73,52,0.00,,
2011-09-14,61,67,,0.00,,
2011-09-15,55,63,48,0.00,,
2011-09-16,51,61,,0.00,,
2011-09-17,48,62,34,0.00,,
2011-09-18,57,70,40,0.00,,
2011-09-19,63,74,54,0.00,,
2011-09-20,58,64,51,0.00,,
2011-09-21,53,70,39,0.00,,
2011-09-22,58,66,45,0.00,,
2011-09-23,53,62,44,0.00,,
2011-09-24,50,61,41,0.00,,
2011-09-25,53,66,41,0.00,,
2011-09-26,52,70,37,0.00,,
2011-09-27,56,72,41,0.02,,
2011-09-28,54,62,47,0.00,,
2011-09-29,58,62,53,,,
2011-09-30,59,69,53,0.00,,
2011-10-01,58,69,,,,
2011-10-02,47,61,35,0.00,,
2011-10-03,55,69,35,0.00,,
2011-10-04,62,72,56,0.00,,
2011-10-05,59,63,55,0.00,,
2011-10-06,57,67,47,0.00,,
2011-10-07,52,58,,0.01,,
2011-10-08,45,53,,0.01,,
2011-10-09,39,48,,0.00,,
2011-10-10,43,51,30,,,
2011-10-11,51,55,,0.22,,
2011-10-12,45,49,,0.34,,
2011-10-13,43,50,38,0.20,,
2011-10-14,41,47,35,0.02,,
2011-10-15,37,45,,0.00,,
2011-10-16,32,47,21,0.00,,
2011-10-17,33,48,22,0.00,,
2011-10-18,38,51,24,0.00,,
2011-10-19,44,49,40,0.00,,
2011-10-20,43,45,,0.07,,
2011-10-21,35,43,,0.00,,
2011-10-22,32,42,26,0.00,,
2011-10-23,34,47,25,0.00,,
2011-10-24,39,51,25,0.00,,
2011-10-25,42,49,38,0.00,,
2011-10-26,40,51,33,0.00,,
2011-10-27,38,50,31,0.00,,
2011-10-28,39,52,31,0.00,,
2011-10-29,37,50,27,0.00,,
2011-10-30,42,51,32,0.00,,
2011-10-31,45,51,36,0.00,,
2011-11-01,43,50,,0.04,,
2011-11-02,39,53,30,0.00,,
2011-11-03,38,51,33,0.00,,
2011-11-04,38,55,31,0.00,,
2011-11-05,38,50,30,0.00,,
2011-11-06,39,44,36,0.00,,
2011-11-07,37,47,32,0.00,,
2011-11-08,33,46,24,0.00,,
2011-11-09,38,47,,0.00,,
2011-11-10,32,35,24,0.00,,
2011-11-11,31,40,,0.00,,
2011-11-12,31,35,22,0.00,,
2011-11-13,35,36,,0.01,,
2011-11-14,32,34,31,0.00,,
2011-11-15,38,40,33,0.00,,
2011-11-16,29,40,,0.02,,
2011-11-17,24,35,17,0.00,,
2011-11-18,28,30,20,0.00,,
2011-11-19,33,,29,,,
2011-11-20,40,,35,0.04,,
2011-11-21,40,42,,0.09,,
2011-11-22,37,40,35,0.11,,
2011-11-23,40,41,38,0.00,,
2011-11-24,36,40,33,0.00,,
2011-11-25,37,41,33,0.00,,
2011-11-26,40,43,36,0.00,,
2011-11-27,42,,39,0.00,,
2011-11-28,42,47,,0.06,,
2011-11-29,36,40,,0.01,,
2011-11-30,33,38,26,0.00,,
2011-12-01,35,38,34,0.00,,
2011-12-02,40,,33,0.00,,
2011-12-03,40,46,38,0.00,,
2011-12-04,42,46,38,0.04,,
2011-12-05,38,46,,0.03,,
2011-12-06,34,36,31,0.41,,
2011-12-07,32,35,30,0.05,,0.4
2011-12-08,33,34,30,0.03,,0.4
2011-12-09,34,37,31,0.00,,
2011-12-10,34,37,30,0.10,,
2011-12-11,33,35,,0.00,,
2011-12-12,30,35,24,0.00,,
2011-12-13,35,38,32,,,
2011-12-14,41,46,35,0.00,,
2011-12-15,38,45,,0.00,,
2011-12-16,32,,25,0.00,,
2011-12-17,38,41,36,0.17,,
2011-12-18,36,39,34,0.06,,
2011-12-19,34,37,,0.00,,
2011-12-20,28,32,22,0.00,,
2011-12-21,29,31,26,0.00,,
2011-12-22,23,28,21,0.00,,
2011-12-23,26,28,20,0.00,,
2011-12-24,30,,27,0.00,,
2011-12-25,35,37,32,0.16,,
2011-12-26,43,,34,0.00,,
2011-12-27,47,48,,0.00,,
2011-12-28,36,46,31,0.04,,
2011-12-29,39,41,34,0.00,,
2011-12-30,33,40,30,0.00,,
2011-12-31,32,34,,0.07,,0.4
2012-01-01,27,,20,0.05,,
2012-01-02,37,,30,0.08,,
2012-01-03,39,43,32,0.17,,
2012-01-04,41,44,33,0.00,,
2012-01-05,36,41,33,0.20,,
2012-01-06,35,37,,0.05,,
2012-01-07,31,35,27,0.00,,
2012-01-08,32,33,31,0.02,,0.4
2012-01-09,34,36,,0.07,,
2012-01-10,29,33,,0.04,,
2012-01-11,31,,19,0.00,,
2012-01-12,39,,34,0.05,,
2012-01-13,33,43,31,0.25,,
2012-01-14,28,31,,0.08,,1.6
2012-01-15,26,29,23,0.03,,3.1
2012-01-16,26,28,,0.00,,2.8
2012-01-17,24,27,22,0.00,,2.8
2012-01-18,24,,21,0.00,,2.8
2012-01-19,31,33,25,0.06,,3.9
2012-01-20,32,33,32,0.26,,5.9
2012-01-21,31,33,,0.13,,6.7
2012-01-22,32,34,29,0.10,,7.5
2012-01-23,33,34,,0.17,,7.5
2012-01-24,29,32,24,0.23,,9.1
2012-01-25,26,30,,0.00,,8.7
2012-01-26,18,27,,0.00,,8.3
2012-01-27,10,13,8,0.00,,7.9
2012-01-28,8,14,,0.00,,7.5
2012-01-29,7,16,0,0.00,,7.1
2012-01-30,6,15,,0.00,,
2012-01-31,2,15,-8,0.00,,
2012-02-01,0,8,-6,0.00,,5.9
2012-02-02,-8,2,,0.00,,5.9
2012-02-03,-11,2,-22,0.00,,5.9
2012-02-04,-6,3,-15,0.00,,5.5
2012-02-05,-4,3,-8,0.00,,5.5
2012-02-06,2,9,-4,0.00,,5.5
2012-02-07,13,18,4,0.02,,5.9
2012-02-08,15,20,10,0.00,,5.9
2012-02-09,10,16,,0.00,,5.9
2012-02-10,2,13,-8,0.00,,5.9
2012-02-11,-1,16,-11,0.00,,5.9
2012-02-12,3,,-13,0.00,,5.9
2012-02-13,17,19,10,0.02,,6.7
2012-02-14,22,25,19,0.03,,7.9
2012-02-15,21,23,,0.00,,7.9
2012-02-16,13,22,,0.02,,8.7
2012-02-17,12,24,-7,0.00,,8.3
2012-02-18,22,24,20,0.08,,9.8
2012-02-19,30,34,21,0.00,,9.8
2012-02-20,32,35,,0.22,,9.8
2012-02-21,30,34,24,0.00,,9.1
2012-02-22,35,37,31,0.04,,8.7
2012-02-23,37,41,35,0.04,,7.5
2012-02-24,39,,35,0.21,,5.1
2012-02-25,37,42,35,0.07,,2.4
2012-02-26,31,36,,0.02,,
2012-02-27,28,31,,0.00,,
2012-02-28,26,,15,0.00,,
2012-02-29,35,42,28,0.09,,0.4
2012-03-01,38,,28,0.00,,
2012-03-02,38,42,,0.00,,
2012-03-03,35,41,,0.00,,
2012-03-04,29,35,24,0.00,,
2012-03-05,26,34,19,0.00,,
2012-03-06,24,27,18,0.00,,
2012-03-07,24,26,,0.01,,0.4
2012-03-08,24,34,12,0.00,,
2012-03-09,29,40,12,0.00,,
2012-03-10,35,,29,0.12,,
2012-03-11,35,40,,0.37,,
2012-03-12,34,38,25,0.10,,0.8
2012-03-13,38,42,31,0.00,,
2012-03-14,35,43,,0.00,,
2012-03-15,33,38,26,0.00,,
2012-03-16,38,47,,0.00,,
2012-03-17,45,63,26,0.00,,
2012-03-18,46,65,29,0.00,,
2012-03-19,41,51,35,0.00,,
2012-03-20,40,46,33,0.00,,
2012-03-21,45,48,43,0.00,,
2012-03-22,44,52,,0.00,,
2012-03-23,46,59,30,0.00,,
2012-03-24,39,53,24,0.00,,
2012-03-25,39,51,29,0.00,,
2012-03-26,37,48,29,0.00,,
2012-03-27,45,56,36,0.00,,
2012-03-28,47,64,33,0.00,,
2012-03-29,43,52,37,0.00,,
2012-03-30,37,47,,0.03,,
2012-03-31,34,39,33,0.06,,
2012-04-01,34,39,31,0.17,,
2012-04-02,34,41,,0.11,,0.4
2012-04-03,36,42,23,0.00,,
2012-04-04,40,50,32,0.16,,
2012-04-05,34,42,,0.00,,
2012-04-06,33,40,21,0.00,,
2012-04-07,38,45,30,0.00,,
2012-04-08,35,39,,0.00,,
2012-04-09,33,44,,0.00,,
2012-04-10,38,51,18,0.00,,
2012-04-11,48,61,32,0.00,,
2012-04-12,51,62,42,0.00,,
2012-04-13,44,54,,0.00,,
2012-04-14,46,57,30,0.00,,
2012-04-15,52,62,44,0.00,,
2012-04-16,49,56,,0.38,,
2012-04-17,40,49,,0.44,,
2012-04-18,44,55,24,0.00,,
2012-04-19,47,50,43,0.00,,
2012-04-20,50,62,,0.36,,
2012-04-21,53,69,35,0.09,,
2012-04-22,53,64,,0.00,,
2012-04-23,43,54,,0.00,,
2012-04-24,47,59,31,0.00,,
2012-04-25,51,61,,0.05,,
2012-04-26,54,68,33,0.00,,
2012-04-27,61,76,43,0.00,,
2012-04-28,66,83,45,0.00,,
2012-04-29,67,84,48,0.00,,
2012-04-30,68,85,49,0.00,,
2012-05-01,65,79,47,0.00,,
2012-05-02,62,76,48,0.00,,
2012-05-03,58,75,41,0.00,,
2012-05-04,61,79,40,0.28,,
2012-05-05,60,72,,0.08,,
2012-05-06,58,73,,0.00,,
2012-05-07,43,59,,,,
2012-05-08,47,61,35,0.02,,
2012-05-09,53,68,34,0.00,,
2012-05-10,59,73,40,0.00,,
2012-05-11,69,81,53,0.00,,
2012-05-12,53,74,,0.00,,
2012-05-13,47,57,,0.07,,
2012-05-14,49,60,32,0.00,,
2012-05-15,53,58,42,0.00,,
2012-05-16,54,62,,0.00,,
2012-05-17,45,52,44,0.87,,
2012-05-18,46,58,33,0.29,,
2012-05-19,54,67,36,0.00,,
2012-05-20,65,78,43,0.00,,
2012-05-21,71,83,,0.00,,
2012-05-22,70,81,,0.00,,
2012-05-23,69,80,53,0.00,,
2012-05-24,59,72,,0.00,,
2012-05-25,57,68,,0.00,,
2012-05-26,59,69,42,0.00,,
2012-05-27,55,66,44,0.01,,
2012-05-28,59,70,,0.35,,
2012-05-29,57,75,44,0.00,,
2012-05-30,50,59,,0.07,,
2012-05-31,49,58,34,0.00,,
2012-06-01,50,57,,0.00,,
2012-06-02,46,51,,0.71,,
2012-06-03,49,59,37,0.06,,
2012-06-04,53,60,47,0.06,,
2012-06-05,57,63,51,0.00,,
2012-06-06,54,62,,0.02,,
2012-06-07,53,63,,0.00,,
2012-06-08,59,72,42,0.00,,
2012-06-09,64,76,55,0.00,,
2012-06-10,65,76,49,0.00,,
2012-06-11,61,67,57,0.04,,
2012-06-12,61,71,46,0.00,,
2012-06-13,59,65,,0.08,,
2012-06-14,57,71,45,0.02,,
2012-06-15,56,59,,0.13,,
2012-06-16,62,74,43,0.00,,
2012-06-17,68,77,,0.00,,
2012-06-18,67,80,49,0.00,,
2012-06-19,71,,,,,
2012-06-20,60,72,49,0.39,,
2012-06-21,62,69,57,1.21,,
2012-06-22,63,68,60,0.23,,
2012-06-23,64,73,,0.02,,
2012-06-24,64,73,49,0.00,,
2012-06-25,61,68,,0.21,,
2012-06-26,55,62,49,0.00,,
2012-06-27,55,60,,0.24,,
2012-06-28,56,67,45,0.08,,
2012-06-29,59,72,42,0.00,,
2012-06-30,68,81,47,0.00,,
2012-07-01,73,88,59,0.04,,
2012-07-02,70,77,61,0.00,,
2012-07-03,72,84,62,0.00,,
2012-07-04,72,85,63,0.59,,
2012-07-05,74,84,63,0.58,,
2012-07-06,78,88,64,0.00,,
2012-07-07,77,90,64,0.00,,
2012-07-08,76,85,66,0.63,,
2012-07-09,69,79,62,0.59,,
2012-07-10,68,78,56,0.00,,
2012-07-11,66,79,54,0.03,,
2012-07-12,64,71,57,0.14,,
2012-07-13,59,69,53,0.00,,
2012-07-14,63,72,54,0.06,,
2012-07-15,62,70,,0.08,,
2012-07-16,60,67,,0.00,,
2012-07-17,56,65,48,0.03,,
2012-07-18,57,64,47,0.04,,
2012-07-19,61,72,54,0.30,,
2012-07-20,59,67,,0.12,,
2012-07-21,60,69,47,0.00,,
2012-07-22,60,69,,0.00,,
2012-07-23,59,72,44,0.00,,
2012-07-24,63,78,45,0.00,,
2012-07-25,67,83,47,0.00,,
2012-07-26,68,79,58,0.04,,
2012-07-27,74,88,,0.00,,
2012-07-28,76,91,59,0.00,,
2012-07-29,75,93,,0.00,,
2012-07-30,65,71,,0.04,,
2012-07-31,66,78,53,0.13,,
2012-08-01,67,76,,0.00,,
2012-08-02,71,82,53,0.00,,
2012-08-03,74,88,62,0.00,,
2012-08-04,67,77,,0.00,,
2012-08-05,70,82,52,0.00,,
2012-08-06,73,88,62,0.31,,
2012-08-07,63,74,,0.97,,
2012-08-08,60,71,,0.20,,
2012-08-09,57,68,48,0.13,,
2012-08-10,56,64,51,0.23,,
2012-08-11,57,63,,0.52,,
2012-08-12,56,65,42,0.72,,
2012-08-13,56,61,51,0.00,,
2012-08-14,55,57,54,0.62,,
2012-08-15,60,65,56,0.08,,
2012-08-16,61,70,54,0.00,,
2012-08-17,61,69,53,0.00,,
2012-08-18,64,73,54,0.00,,
2012-08-19,68,79,59,0.00,,
2012-08-20,69,81,59,0.00,,
2012-08-21,67,77,56,0.06,,
2012-08-22,68,81,,0.00,,
2012-08-23,61,72,,0.24,,
2012-08-24,60,73,46,0.00,,
2012-08-25,60,71,,0.09,,
2012-08-26,61,67,52,0.12,,
2012-08-27,60,68,,0.09,,
2012-08-28,53,65,,0.00,,
2012-08-29,57,69,40,0.00,,
2012-08-30,56,71,43,0.00,,
2012-08-31,61,73,44,0.00,,
2012-09-01,63,71,56,0.00,,
2012-09-02,60,70,,0.07,,
2012-09-03,60,71,49,0.00,,
2012-09-04,57,69,,0.00,,
2012-09-05,60,71,45,0.03,,
2012-09-06,56,63,,0.02,,
2012-09-07,54,62,44,0.16,,
2012-09-08,56,62,51,0.00,,
2012-09-09,53,64,,0.00,,
2012-09-10,55,71,37,0.00,,
2012-09-11,64,80,49,0.00,,
2012-09-12,62,73,,0.04,,
2012-09-13,56,62,,0.35,,
2012-09-14,53,63,47,0.03,,
2012-09-15,54,61,46,0.00,,
2012-09-16,56,63,50,0.01,,
2012-09-17,56,66,,0.00,,
2012-09-18,58,72,43,0.00,,
2012-09-19,59,73,,0.00,,
2012-09-20,50,56,,0.04,,
2012-09-21,46,62,34,0.00,,
2012-09-22,47,55,34,0.00,,
2012-09-23,50,54,47,0.08,,
2012-09-24,47,58,40,0.00,,
2012-09-25,53,66,42,0.00,,
2012-09-26,58,71,43,0.00,,
2012-09-27,64,79,,0.00,,
2012-09-28,53,63,,0.02,,
2012-09-29,54,67,39,0.07,,
2012-09-30,52,60,,0.05,,
2012-10-01,50,60,35,0.00,,
2012-10-02,51,59,,0.11,,
2012-10-03,51,54,42,0.04,,
2012-10-04,56,62,51,0.45,,
2012-10-05,52,59,49,0.14,,
2012-10-06,56,,49,0.00,,
2012-10-07,46,63,,0.34,,
2012-10-08,45,51,37,0.00,,
2012-10-09,45,51,37,0.00,,
2012-10-10,44,49,38,0.00,,
2012-10-11,40,45,,0.04,,
2012-10-12,39,47,,0.13,,
2012-10-13,40,46,31,0.00,,
2012-10-14,46,54,40,0.00,,
2012-10-15,52,58,45,0.00,,
2012-10-16,52,54,49,0.00,,
2012-10-17,47,56,,0.30,,
2012-10-18,46,62,31,0.00,,
2012-10-19,48,64,,0.00,,
2012-10-20,48,61,39,0.00,,
2012-10-21,45,48,38,0.00,,
2012-10-22,49,52,45,0.00,,
2012-10-23,45,52,,0.00,,
2012-10-24,40,45,31,0.00,,
2012-10-25,43,47,39,0.00,,
2012-10-26,36,47,,0.06,,
2012-10-27,30,33,25,0.02,,
2012-10-28,30,35,,0.33,,3.5
2012-10-29,24,33,13,0.00,,2.4
2012-10-30,29,31,,0.00,,2.4
2012-10-31,33,36,23,0.00,,2.0
2012-11-01,40,,30,0.04,,1.2
2012-11-02,48,50,,0.06,,
2012-11-03,43,47,39,0.11,,
2012-11-04,45,48,38,0.02,,
2012-11-05,46,50,40,0.13,,
2012-11-06,41,45,,0.80,,
2012-11-07,40,44,37,0.01,,
2012-11-08,45,47,41,0.06,,
2012-11-09,44,48,,0.17,,
2012-11-10,44,49,40,0.00,,
2012-11-11,46,53,41,0.00,,
2012-11-12,44,49,,0.00,,
2012-11-13,38,43,,0.00,,
2012-11-14,33,36,29,0.00,,
2012-11-15,34,36,31,0.00,,
2012-11-16,35,38,,0.00,,
2012-11-17,32,36,30,0.00,,
2012-11-18,34,,31,0.00,,
2012-11-19,39,41,35,0.00,,
2012-11-20,40,42,38,0.00,,
2012-11-21,42,45,,0.00,,
2012-11-22,39,42,37,0.00,,
2012-11-23,41,42,40,0.00,,
2012-11-24,38,41,36,0.08,,
2012-11-25,38,,36,0.02,,
2012-11-26,40,49,,0.00,,
2012-11-27,40,44,32,0.00,,
2012-11-28,44,46,42,0.22,,
2012-11-29,45,46,43,0.01,,
2012-11-30,40,46,,0.05,,
2012-12-01,32,37,,0.04,,
2012-12-02,28,33,22,0.00,,
2012-12-03,30,31,,0.11,,1.6
2012-12-04,27,30,22,0.11,,2.8
2012-12-05,31,32,27,0.00,,2.8
2012-12-06,24,32,,0.00,,2.4
2012-12-07,16,23,9,0.00,,2.0
2012-12-08,20,23,17,0.01,,2.0
2012-12-09,17,21,14,0.00,,2.0
2012-12-10,23,25,16,0.00,,2.0
2012-12-11,24,26,,0.01,,2.8
2012-12-12,22,23,20,0.00,,2.0
2012-12-13,23,27,,0.00,,2.0
2012-12-14,19,23,13,0.00,,2.4
2012-12-15,25,28,20,0.00,,2.0
2012-12-16,27,29,,0.22,,2.0
2012-12-17,19,25,,0.17,,7.1
2012-12-18,17,20,,0.09,,9.8
2012-12-19,16,17,,0.05,,11.0
2012-12-20,12,15,,0.00,,11.0
2012-12-21,7,12,4,0.00,,11.0
2012-12-22,8,16,-2,0.02,,11.4
2012-12-23,3,,-10,0.00,,11.4
2012-12-24,17,,6,0.06,,11.8
2012-12-25,38,,24,0.00,,11.0
2012-12-26,39,42,,0.00,,6.3
2012-12-27,37,39,36,0.01,,3.9
2012-12-28,32,39,,0.21,,2.0
2012-12-29,27,,22,0.00,,1.2
2012-12-30,33,38,26,0.00,,1.2
2012-12-31,36,39,31,0.00,,0.8
2013-01-01,34,39,31,0.00,,0.8
2013-01-02,34,,31,0.00,,0.4
2013-01-03,36,,34,0.00,,
2013-01-04,38,41,36,0.23,,
2013-01-05,33,37,,0.00,,
2013-01-06,29,32,27,0.00,,
2013-01-07,26,29,,0.00,,
2013-01-08,23,25,22,0.00,,
2013-01-09,23,28,16,0.00,,
2013-01-10,30,34,23,0.04,,0.4
2013-01-11,28,33,25,0.18,,2.4
2013-01-12,26,28,25,0.06,,3.9
2013-01-13,21,26,11,0.04,,4.7
2013-01-14,19,,11,0.00,,4.3
2013-01-15,25,28,19,0.06,,5.1
2013-01-16,27,29,25,0.03,,5.5
2013-01-17,21,28,20,0.23,,8.7
2013-01-18,16,21,13,0.00,,8.3
2013-01-19,13,15,11,0.00,,8.3
2013-01-20,11,16,,0.13,,9.8
2013-01-21,6,11,-5,0.00,,9.8
2013-01-22,10,15,8,0.00,,9.1
2013-01-23,13,19,7,0.00,,9.1
2013-01-24,18,22,13,0.00,,8.7
2013-01-25,13,23,,0.01,,9.1
2013-01-26,5,15,-9,0.00,,8.7
2013-01-27,4,15,,0.00,,8.3
2013-01-28,15,22,-3,0.00,,8.3
2013-01-29,30,33,21,0.02,,8.7
2013-01-30,35,,32,0.01,,7.9
2013-01-31,38,40,35,0.50,,5.1
2013-02-01,34,39,31,0.07,,3.9
2013-02-02,33,34,31,0.00,,2.0
2013-02-03,32,33,,0.23,,2.4
2013-02-04,31,35,29,0.00,,2.0
2013-02-05,36,40,32,0.05,,1.6
2013-02-06,33,36,,0.00,,1.6
2013-02-07,30,32,23,0.12,,2.8
2013-02-08,31,33,30,0.22,,4.7
2013-02-09,29,31,28,0.00,,4.7
2013-02-10,27,31,,0.00,,4.7
2013-02-11,27,30,20,0.00,,4.7
2013-02-12,27,32,18,0.07,,5.9
2013-02-13,31,34,24,0.00,,5.9
2013-02-14,33,36,31,0.00,,5.9
2013-02-15,28,33,,0.00,,4.7
2013-02-16,24,27,,0.00,,4.7
2013-02-17,24,27,22,0.00,,4.7
2013-02-18,25,27,24,0.00,,4.7
2013-02-19,27,29,25,0.11,,6.7
2013-02-20,27,30,,0.29,,10.2
2013-02-21,26,32,22,0.04,,11.0
2013-02-22,27,29,21,0.00,,10.6
2013-02-23,31,34,27,0.03,,11.0
2013-02-24,31,34,28,0.03,,10.6
2013-02-25,34,,32,0.00,,9.4
2013-02-26,35,37,,0.00,,7.9
2013-02-27,33,41,,0.00,,6.7
2013-02-28,32,38,25,0.00,,5.1
2013-03-01,35,41,32,0.00,,4.7
2013-03-02,32,,30,0.00,,3.5
2013-03-03,35,38,,0.00,,2.8
2013-03-04,28,33,23,0.00,,2.4
2013-03-05,35,45,26,0.00,,2.0
2013-03-06,35,51,23,0.00,,1.6
2013-03-07,33,42,25,0.00,,1.2
2013-03-08,27,33,,0.00,,
2013-03-09,26,31,21,0.00,,
2013-03-10,23,28,20,0.00,,
2013-03-11,21,24,20,0.00,,
2013-03-12,22,25,,0.07,,1.6
2013-03-13,21,24,17,0.04,,2.8
2013-03-14,22,29,11,0.07,,3.9
2013-03-15,22,25,,0.00,,3.5
2013-03-16,23,32,14,0.00,,3.1
2013-03-17,21,33,5,0.00,,2.8
2013-03-18,22,33,3,0.00,,2.4
2013-03-19,25,28,24,0.08,,1.6
2013-03-20,26,29,23,0.16,,3.9
2013-03-21,24,29,11,0.00,,3.9
2013-03-22,21,27,,0.00,,3.9
2013-03-23,14,22,6,0.00,,2.8
2013-03-24,19,29,7,0.00,,2.8
2013-03-25,23,32,7,0.00,,2.4
2013-03-26,24,34,14,0.00,,2.4
2013-03-27,27,37,11,0.00,,2.0
2013-03-28,29,36,19,0.00,,1.6
2013-03-29,30,36,23,0.04,,1.2
2013-03-30,32,34,29,0.04,,2.4
2013-03-31,32,39,24,0.00,,2.0
2013-04-01,32,33,,0.48,,7.9
2013-04-02,31,34,,0.04,,7.5
2013-04-03,31,34,29,0.00,,5.9
2013-04-04,33,34,31,0.39,,9.8
2013-04-05,33,35,32,0.53,,11.8
2013-04-06,32,34,,0.07,,10.2
2013-04-07,32,41,20,0.00,,9.1
2013-04-08,33,44,21,0.00,,8.7
2013-04-09,34,41,25,0.00,,7.1
2013-04-10,36,41,32,0.02,,5.9
2013-04-11,43,51,33,0.00,,4.7
2013-04-12,47,57,40,0.12,,3.5
2013-04-13,48,58,42,0.13,,
2013-04-14,40,46,38,0.09,,
2013-04-15,39,45,,0.00,,
2013-04-16,46,61,29,0.00,,
2013-04-17,53,66,40,0.00,,
2013-04-18,57,71,38,0.00,,
2013-04-19,50,62,44,0.00,,
2013-04-20,47,54,,0.12,,
2013-04-21,42,53,,0.00,,
2013-04-22,46,61,29,0.00,,
2013-04-23,54,68,33,0.00,,
2013-04-24,53,61,,0.00,,
2013-04-25,51,60,,0.00,,
2013-04-26,57,72,35,0.00,,
2013-04-27,58,72,,0.00,,
2013-04-28,43,53,,0.18,,
2013-04-29,49,60,31,0.21,,
2013-04-30,54,60,45,0.02,,
2013-05-01,50,60,,0.09,,
2013-05-02,53,62,37,0.00,,
2013-05-03,52,56,51,0.47,,
2013-05-04,55,63,51,0.33,,
2013-05-05,60,70,51,0.00,,
2013-05-06,55,68,39,0.00,,
2013-05-07,61,73,44,0.01,,
2013-05-08,67,80,51,0.00,,
2013-05-09,67,80,50,0.00,,
2013-05-10,67,81,52,0.00,,
2013-05-11,63,72,53,0.00,,
2013-05-12,62,73,53,0.00,,
2013-05-13,54,67,,0.85,,
2013-05-14,54,65,44,0.00,,
2013-05-15,59,71,42,0.00,,
2013-05-16,63,76,50,0.00,,
2013-05-17,68,80,53,0.02,,
2013-05-18,68,79,54,0.00,,
2013-05-19,66,77,56,0.00,,
2013-05-20,69,81,52,0.00,,
2013-05-21,62,71,,0.00,,
2013-05-22,60,69,46,0.00,,
2013-05-23,53,62,51,0.13,,
2013-05-24,55,60,50,0.00,,
2013-05-25,51,58,,0.33,,
2013-05-26,54,64,41,0.90,,
2013-05-27,57,67,49,0.14,,
2013-05-28,53,59,,0.21,,
2013-05-29,59,70,44,0.16,,
2013-05-30,67,76,54,0.00,,
2013-05-31,63,72,58,0.00,,
2013-06-01,64,74,,0.53,,
2013-06-02,60,69,54,0.00,,
2013-06-03,62,71,57,0.41,,
2013-06-04,63,73,55,0.13,,
2013-06-05,65,75,54,0.01,,
2013-06-06,64,77,54,0.01,,
2013-06-07,65,75,52,0.08,,
2013-06-08,66,77,56,0.02,,
2013-06-09,61,74,,0.62,,
2013-06-10,59,67,,0.48,,
2013-06-11,59,68,,0.03,,
2013-06-12,62,72,47,0.00,,
2013-06-13,63,74,48,0.00,,
2013-06-14,65,78,52,0.00,,
2013-06-15,61,71,,0.00,,
2013-06-16,66,76,51,0.00,,
2013-06-17,64,72,51,0.00,,
2013-06-18,61,74,47,0.00,,
2013-06-19,65,77,50,0.00,,
2013-06-20,70,81,54,0.00,,
2013-06-21,74,86,60,0.00,,
2013-06-22,73,83,63,0.00,,
2013-06-23,68,77,61,0.55,,
2013-06-24,70,77,60,0.00,,
2013-06-25,71,81,65,0.01,,
2013-06-26,62,70,,0.00,,
2013-06-27,58,64,,0.00,,
2013-06-28,57,60,53,0.01,,
2013-06-29,60,69,,0.07,,
2013-06-30,58,72,47,0.00,,
2013-07-01,56,67,45,0.05,,
2013-07-02,65,76,48,0.00,,
2013-07-03,69,81,55,0.00,,
2013-07-04,70,83,54,0.00,,
2013-07-05,71,83,55,0.00,,
2013-07-06,67,76,,0.00,,
2013-07-07,63,75,53,0.00,,
2013-07-08,67,78,53,0.00,,
2013-07-09,64,75,,0.00,,
2013-07-10,66,79,50,0.00,,
2013-07-11,65,72,,0.01,,
2013-07-12,60,69,,1.50,,
2013-07-13,62,73,51,0.56,,
2013-07-14,62,70,,0.88,,
2013-07-15,61,71,53,0.15,,
2013-07-16,61,67,51,0.01,,
2013-07-17,64,74,52,0.00,,
2013-07-18,65,76,54,0.00,,
2013-07-19,63,72,,0.08,,
2013-07-20,58,67,50,0.08,,
2013-07-21,61,75,49,0.02,,
2013-07-22,58,71,50,0.00,,
2013-07-23,58,62,50,0.00,,
2013-07-24,62,65,58,0.00,,
2013-07-25,63,69,,0.00,,
2013-07-26,62,71,,0.00,,
2013-07-27,67,81,50,0.00,,
2013-07-28,71,85,56,0.00,,
2013-07-29,75,84,64,0.00,,
2013-07-30,72,85,,0.00,,
2013-07-31,69,78,61,0.25,,
2013-08-01,64,75,,0.00,,
2013-08-02,65,75,52,0.00,,
2013-08-03,65,78,52,0.00,,
2013-08-04,69,82,51,0.00,,
2013-08-05,65,73,,0.47,,
2013-08-06,70,84,56,0.00,,
2013-08-07,74,87,59,0.00,,
2013-08-08,80,92,65,0.00,,
2013-08-09,73,84,64,0.00,,
2013-08-10,66,80,,0.24,,
2013-08-11,63,73,,0.13,,
2013-08-12,62,72,,0.00,,
2013-08-13,59,71,50,0.16,,
2013-08-14,58,68,49,0.00,,
2013-08-15,59,70,49,0.00,,
2013-08-16,59,72,46,0.00,,
2013-08-17,62,76,45,0.00,,
2013-08-18,68,82,53,0.00,,
2013-08-19,67,79,58,0.00,,
2013-08-20,71,83,60,0.00,,
2013-08-21,62,69,,0.00,,
2013-08-22,58,63,,0.54,,
2013-08-23,58,63,,0.87,,
2013-08-24,57,69,,0.13,,
2013-08-25,54,67,43,0.00,,
2013-08-26,56,66,43,0.00,,
2013-08-27,60,71,46,0.00,,
2013-08-28,57,70,48,0.00,,
2013-08-29,59,72,45,0.00,,
2013-08-30,60,72,48,0.00,,
2013-08-31,59,71,44,0.00,,
2013-09-01,58,65,52,0.00,,
2013-09-02,53,58,48,0.00,,
2013-09-03,56,63,49,0.57,,
2013-09-04,56,66,47,0.09,,
2013-09-05,57,67,,0.00,,
2013-09-06,56,68,41,0.00,,
2013-09-07,53,68,40,0.00,,
2013-09-08,54,71,38,0.00,,
2013-09-09,57,74,38,0.00,,
2013-09-10,52,58,,0.06,,
2013-09-11,56,68,41,0.10,,
2013-09-12,58,62,,0.28,,
2013-09-13,53,55,52,0.00,,
2013-09-14,54,57,51,2.17,,
2013-09-15,56,60,,0.00,,
2013-09-16,56,62,47,0.02,,
2013-09-17,58,62,,0.06,,
2013-09-18,54,56,,0.72,,
2013-09-19,52,54,51,0.94,,
2013-09-20,52,54,51,0.27,,
2013-09-21,53,57,,1.01,,
2013-09-22,52,59,44,0.07,,
2013-09-23,54,59,,0.07,,
2013-09-24,49,57,,0.03,,
2013-09-25,44,52,,0.06,,
2013-09-26,42,50,32,0.02,,
2013-09-27,43,50,37,0.00,,
2013-09-28,43,50,36,0.00,,
2013-09-29,43,53,,0.01,,
2013-09-30,40,51,29,0.00,,
2013-10-01,40,50,30,0.00,,
2013-10-02,40,46,31,0.00,,
2013-10-03,40,45,,0.00,,
2013-10-04,37,51,26,0.00,,
2013-10-05,41,54,27,0.00,,
2013-10-06,48,59,38,0.00,,
2013-10-07,52,55,49,0.00,,
2013-10-08,52,58,,0.00,,
2013-10-09,52,63,45,0.00,,
2013-10-10,52,61,43,0.00,,
2013-10-11,49,60,44,0.00,,
2013-10-12,46,49,,0.00,,
2013-10-13,49,54,38,0.00,,
2013-10-14,52,54,49,0.04,,
2013-10-15,46,54,,0.02,,
2013-10-16,43,52,,0.00,,
2013-10-17,42,54,30,0.00,,
2013-10-18,46,53,,0.09,,
2013-10-19,37,48,26,0.09,,
2013-10-20,48,56,32,0.00,,
2013-10-21,54,57,49,0.00,,
2013-10-22,46,56,,0.07,,
2013-10-23,51,62,41,0.00,,
2013-10-24,54,58,50,0.00,,
2013-10-25,45,55,,0.10,,
2013-10-26,54,59,34,0.00,,
2013-10-27,58,63,48,0.02,,
2013-10-28,57,,50,0.01,,
2013-10-29,56,63,,0.00,,
2013-10-30,46,55,38,0.00,,
2013-10-31,41,52,,0.00,,
2013-11-01,40,49,29,0.00,,
2013-11-02,47,53,33,0.01,,
2013-11-03,53,56,,0.00,,
2013-11-04,45,53,43,0.42,,
2013-11-05,47,51,,0.00,,
2013-11-06,42,45,,0.23,,
2013-11-07,44,,38,0.00,,
2013-11-08,44,49,42,0.01,,
2013-11-09,48,55,43,0.17,,
2013-11-10,40,50,,0.04,,
2013-11-11,38,45,29,0.00,,
2013-11-12,41,44,,0.00,,
2013-11-13,39,41,37,0.00,,
2013-11-14,36,40,35,0.01,,
2013-11-15,36,41,,0.00,,
2013-11-16,37,,28,0.00,,
2013-11-17,42,44,38,0.00,,
2013-11-18,40,44,,0.00,,
2013-11-19,39,45,34,0.00,,
2013-11-20,43,48,37,0.00,,
2013-11-21,45,47,43,0.00,,
2013-11-22,47,49,44,0.01,,
2013-11-23,45,48,45,0.00,,
2013-11-24,43,45,,0.01,,
2013-11-25,33,41,31,0.33,,
2013-11-26,29,34,,0.00,,
2013-11-27,28,,18,0.00,,
2013-11-28,38,43,31,0.00,,
2013-11-29,36,40,,0.02,,
2013-11-30,35,,31,0.02,,
2013-12-01,38,41,35,0.06,,
2013-12-02,33,41,,0.06,,0.4
2013-12-03,30,35,26,0.00,,
2013-12-04,32,34,28,0.00,,
2013-12-05,35,38,32,0.05,,0.4
2013-12-06,32,36,30,0.09,,0.8
2013-12-07,31,32,,0.06,,3.9
2013-12-08,27,30,24,0.15,,5.1
2013-12-09,31,37,26,0.33,,6.7
2013-12-10,24,27,17,0.02,,5.1
2013-12-11,33,36,24,0.00,,5.1
2013-12-12,34,35,,0.00,,2.8
2013-12-13,33,34,31,0.00,,1.6
2013-12-14,30,34,28,0.00,,1.2
2013-12-15,33,,30,0.00,,1.2
2013-12-16,38,40,34,0.04,,
2013-12-17,35,39,31,0.00,,
2013-12-18,35,36,,0.00,,
2013-12-19,30,35,29,0.00,,
2013-12-20,31,,28,0.02,,
2013-12-21,37,39,32,0.15,,
2013-12-22,38,,33,0.00,,
2013-12-23,40,44,,0.02,,
2013-12-24,38,43,31,0.02,,
2013-12-25,39,46,37,0.00,,
2013-12-26,40,46,,0.00,,
2013-12-27,38,42,36,0.00,,
2013-12-28,38,44,34,0.00,,
2013-12-29,40,,36,0.00,,
2013-12-30,37,44,35,0.00,,
2013-12-31,34,40,28,0.00,,
2014-01-01,33,,29,0.01,,0.4
2014-01-02,34,35,33,0.00,,
2014-01-03,35,,34,0.00,,
2014-01-04,35,41,31,0.00,,
2014-01-05,40,43,32,0.06,,
2014-01-06,37,43,28,0.46,,
2014-01-07,40,43,30,0.00,,
2014-01-08,40,,33,0.24,,
2014-01-09,42,45,40,0.03,,
2014-01-10,42,45,,0.10,,
2014-01-11,39,41,,0.02,,
2014-01-12,36,39,,0.13,,
2014-01-13,29,36,27,0.00,,
2014-01-14,29,31,23,0.00,,
2014-01-15,27,31,,0.19,,2.4
2014-01-16,24,26,,0.26,,5.9
2014-01-17,21,23,,0.00,,5.5
2014-01-18,19,21,,0.22,,7.9
2014-01-19,14,19,9,0.00,,7.5
2014-01-20,12,16,10,0.00,,6.3
2014-01-21,12,14,11,0.00,,5.5
2014-01-22,13,19,,0.00,,5.1
2014-01-23,3,13,,0.00,,4.7
2014-01-24,2,13,-9,0.00,,4.7
2014-01-25,2,9,-6,0.00,,4.7
2014-01-26,13,16,5,0.00,,4.7
2014-01-27,17,22,13,0.00,,4.7
2014-01-28,15,20,,0.00,,4.3
2014-01-29,11,13,10,0.00,,4.3
2014-01-30,4,13,1,0.01,,4.7
2014-01-31,13,18,3,0.00,,4.3
2014-02-01,19,24,13,0.00,,4.3
2014-02-02,22,26,18,0.00,,4.3
2014-02-03,20,29,,0.00,,3.9
2014-02-04,20,34,9,0.00,,3.9
2014-02-05,26,39,8,0.00,,3.1
2014-02-06,30,36,23,0.00,,3.1
2014-02-07,37,43,31,0.00,,3.1
2014-02-08,35,44,,0.14,,2.0
2014-02-09,34,40,28,0.00,,1.6
2014-02-10,32,33,28,0.00,,
2014-02-11,34,,30,0.41,,1.2
2014-02-12,34,40,29,0.01,,0.8
2014-02-13,31,34,30,0.28,,0.8
2014-02-14,33,36,30,0.00,,0.8
2014-02-15,36,40,33,0.00,,
2014-02-16,36,40,34,0.01,,
2014-02-17,36,43,,0.09,,
2014-02-18,35,44,,0.00,,
2014-02-19,35,37,29,0.00,,
2014-02-20,38,41,,0.00,,
2014-02-21,40,52,30,0.00,,
2014-02-22,38,45,30,0.00,,
2014-02-23,35,47,,0.00,,
2014-02-24,33,43,23,0.00,,
2014-02-25,32,38,28,0.00,,
2014-02-26,33,36,31,0.00,,
2014-02-27,32,37,28,0.00,,
2014-02-28,33,36,26,0.00,,
2014-03-01,35,38,31,0.00,,
2014-03-02,33,37,31,0.00,,
2014-03-03,38,45,32,0.00,,
2014-03-04,34,38,29,0.00,,
2014-03-05,35,37,33,0.00,,
2014-03-06,38,42,36,0.07,,
2014-03-07,38,41,36,0.00,,
2014-03-08,39,47,,0.00,,
2014-03-09,35,53,21,0.00,,
2014-03-10,40,57,25,0.00,,
2014-03-11,40,54,25,0.00,,
2014-03-12,37,50,28,0.00,,
2014-03-13,44,58,28,0.00,,
2014-03-14,45,54,36,0.00,,
2014-03-15,40,46,,0.12,,
2014-03-16,34,41,,0.09,,0.4
2014-03-17,39,51,27,0.07,,0.4
2014-03-18,41,46,34,0.08,,
2014-03-19,43,48,41,0.27,,
2014-03-20,47,51,41,0.01,,
2014-03-21,55,69,40,0.00,,
2014-03-22,53,62,45,0.00,,
2014-03-23,50,59,42,0.00,,
2014-03-24,51,61,46,0.16,,
2014-03-25,42,51,,0.04,,
2014-03-26,40,44,35,0.00,,
2014-03-27,45,57,,0.28,,
2014-03-28,48,62,34,0.00,,
2014-03-29,40,53,27,0.00,,
2014-03-30,41,58,24,0.00,,
2014-03-31,42,55,28,0.00,,
2014-04-01,35,45,,0.00,,
2014-04-02,35,49,20,0.00,,
2014-04-03,40,52,24,0.00,,
2014-04-04,39,49,,0.00,,
2014-04-05,39,53,25,0.00,,
2014-04-06,43,55,25,0.00,,
2014-04-07,46,58,28,0.01,,
2014-04-08,58,67,,0.03,,
2014-04-09,44,61,,0.01,,
2014-04-10,42,51,30,0.05,,
2014-04-11,44,52,31,0.04,,
2014-04-12,44,48,,0.00,,
2014-04-13,45,53,,0.02,,
2014-04-14,42,48,36,0.10,,
2014-04-15,42,48,,0.21,,
2014-04-16,40,48,,0.23,,
2014-04-17,41,55,28,0.00,,
2014-04-18,50,64,29,0.00,,
2014-04-19,60,71,45,0.00,,
2014-04-20,60,69,54,0.00,,
2014-04-21,54,61,,0.01,,
2014-04-22,56,71,41,0.02,,
2014-04-23,60,74,42,0.04,,
2014-04-24,56,64,,0.00,,
2014-04-25,55,66,42,0.00,,
2014-04-26,56,67,44,0.00,,
2014-04-27,53,60,49,0.03,,
2014-04-28,53,,,0.13,,
2014-04-29,55,69,40,0.00,,
2014-04-30,54,68,39,0.00,,
2014-05-01,53,67,36,0.00,,
2014-05-02,44,55,35,0.00,,
2014-05-03,43,51,,0.00,,
2014-05-04,43,55,27,0.00,,
2014-05-05,42,50,31,0.00,,
2014-05-06,43,54,28,0.00,,
2014-05-07,57,69,38,0.08,,
2014-05-08,53,57,,0.25,,
2014-05-09,58,68,46,0.20,,
2014-05-10,51,60,,0.01,,
2014-05-11,53,64,39,0.10,,
2014-05-12,50,59,,0.25,,
2014-05-13,50,62,,0.87,,
2014-05-14,53,63,37,0.14,,
2014-05-15,58,64,47,0.00,,
2014-05-16,53,62,50,0.03,,
2014-05-17,60,72,51,0.28,,
2014-05-18,63,72,,0.12,,
2014-05-19,64,73,53,0.00,,
2014-05-20,63,71,,0.00,,
2014-05-21,64,76,,0.17,,
2014-05-22,67,81,50,0.00,,
2014-05-23,70,81,54,0.00,,
2014-05-24,69,83,55,0.04,,
2014-05-25,70,83,54,0.00,,
2014-05-26,66,80,,0.01,,
2014-05-27,66,76,56,0.16,,
2014-05-28,57,66,,0.00,,
2014-05-29,49,55,46,0.00,,
2014-05-30,50,57,,0.00,,
2014-05-31,57,68,37,0.00,,
2014-06-01,54,64,49,0.08,,
2014-06-02,56,60,51,0.28,,
2014-06-03,57,62,,0.00,,
2014-06-04,55,62,47,0.04,,
2014-06-05,62,74,49,0.15,,
2014-06-06,61,73,51,0.07,,
2014-06-07,61,74,,0.45,,
2014-06-08,66,81,47,0.00,,
2014-06-09,63,75,48,0.02,,
2014-06-10,69,79,58,0.00,,
2014-06-11,67,78,,0.00,,
2014-06-12,62,73,51,0.00,,
2014-06-13,57,66,,0.00,,
2014-06-14,54,60,50,0.15,,
2014-06-15,55,62,,0.10,,
2014-06-16,54,65,45,0.04,,
2014-06-17,55,64,,0.00,,
2014-06-18,58,71,40,0.00,,
2014-06-19,62,73,45,0.00,,
2014-06-20,55,68,,0.01,,
2014-06-21,52,60,41,0.09,,
2014-06-22,56,63,,0.15,,
2014-06-23,53,63,45,0.00,,
2014-06-24,54,64,,0.14,,
2014-06-25,52,64,39,0.05,,
2014-06-26,56,65,42,0.00,,
2014-06-27,54,65,40,0.00,,
2014-06-28,60,74,39,0.04,,
2014-06-29,66,77,56,0.03,,
2014-06-30,63,72,,0.01,,
2014-07-01,58,70,,1.42,,
2014-07-02,59,72,44,0.02,,
2014-07-03,60,71,46,0.00,,
2014-07-04,63,76,46,0.00,,
2014-07-05,67,79,51,0.00,,
2014-07-06,70,81,56,0.00,,
2014-07-07,68,77,61,0.50,,
2014-07-08,73,84,60,0.00,,
2014-07-09,72,83,,0.00,,
2014-07-10,69,80,58,0.00,,
2014-07-11,59,67,,0.00,,
2014-07-12,59,,56,0.26,,
2014-07-13,62,73,,1.55,,
2014-07-14,67,81,48,0.15,,
2014-07-15,69,83,56,0.00,,
2014-07-16,71,81,,0.04,,
2014-07-17,72,81,58,0.00,,
2014-07-18,71,80,,0.00,,
2014-07-19,69,80,53,0.00,,
2014-07-20,68,78,54,0.00,,
2014-07-21,67,78,53,0.00,,
2014-07-22,69,81,58,0.00,,
2014-07-23,67,78,57,0.04,,
2014-07-24,68,81,,0.00,,
2014-07-25,69,83,53,0.00,,
2014-07-26,72,85,57,0.00,,
2014-07-27,73,86,58,0.00,,
2014-07-28,71,81,61,0.02,,
2014-07-29,74,87,60,0.00,,
2014-07-30,71,86,57,0.00,,
2014-07-31,72,87,60,0.04,,
2014-08-01,69,73,66,0.09,,
2014-08-02,75,90,,0.00,,
2014-08-03,75,91,58,0.00,,
2014-08-04,77,91,,0.00,,
2014-08-05,73,87,,0.00,,
2014-08-06,67,75,57,0.08,,
2014-08-07,70,80,63,0.00,,
2014-08-08,68,76,61,0.00,,
2014-08-09,67,77,,0.13,,
2014-08-10,70,85,53,0.00,,
2014-08-11,73,88,60,0.00,,
2014-08-12,66,73,,0.02,,
2014-08-13,65,76,51,0.01,,
2014-08-14,65,72,,1.13,,
2014-08-15,62,75,,0.00,,
2014-08-16,58,66,50,0.02,,
2014-08-17,58,67,51,0.08,,
2014-08-18,63,72,51,0.00,,
2014-08-19,60,70,51,0.02,,
2014-08-20,58,70,,0.00,,
2014-08-21,52,60,41,0.08,,
2014-08-22,55,68,40,0.00,,
2014-08-23,58,71,46,0.00,,
2014-08-24,54,58,49,0.01,,
2014-08-25,54,63,,0.43,,
2014-08-26,51,55,46,0.06,,
2014-08-27,54,62,47,0.26,,
2014-08-28,57,68,,0.00,,
2014-08-29,56,70,44,0.00,,
2014-08-30,58,70,46,0.00,,
2014-08-31,60,72,50,0.04,,
2014-09-01,53,60,,0.00,,
2014-09-02,54,62,47,0.00,,
2014-09-03,55,66,,0.00,,
2014-09-04,55,67,,0.00,,
2014-09-05,54,68,41,0.00,,
2014-09-06,55,71,42,0.00,,
2014-09-07,58,73,44,0.00,,
2014-09-08,60,76,46,0.00,,
2014-09-09,60,73,52,0.16,,
2014-09-10,57,67,,0.00,,
2014-09-11,57,63,44,0.08,,
2014-09-12,64,76,54,0.00,,
2014-09-13,63,78,50,0.00,,
2014-09-14,63,76,48,0.00,,
2014-09-15,57,67,,0.00,,
2014-09-16,54,67,40,0.00,,
2014-09-17,53,67,40,0.00,,
2014-09-18,57,71,42,0.00,,
2014-09-19,58,69,46,0.00,,
2014-09-20,55,65,,0.13,,
2014-09-21,53,66,42,0.00,,
2014-09-22,54,58,,0.08,,
2014-09-23,46,53,,0.21,,
2014-09-24,44,53,,0.03,,
2014-09-25,49,59,37,0.00,,
2014-09-26,49,58,,0.11,,
2014-09-27,51,62,,0.03,,
2014-09-28,50,62,40,0.01,,
2014-09-29,53,65,42,0.00,,
2014-09-30,53,59,,0.00,,
2014-10-01,46,57,,0.00,,
2014-10-02,43,59,32,0.00,,
2014-10-03,44,60,33,0.00,,
2014-10-04,42,59,29,0.00,,
2014-10-05,44,59,30,0.00,,
2014-10-06,46,53,39,0.00,,
2014-10-07,51,59,42,0.00,,
2014-10-08,53,62,45,0.00,,
2014-10-09,59,70,49,0.00,,
2014-10-10,58,72,,0.00,,
2014-10-11,58,70,47,0.00,,
2014-10-12,57,68,47,0.00,,
2014-10-13,56,66,48,0.00,,
2014-10-14,58,67,49,0.04,,
2014-10-15,53,61,45,0.01,,
2014-10-16,49,54,43,0.02,,
2014-10-17,49,55,44,0.00,,
2014-10-18,36,49,,0.00,,
2014-10-19,48,59,25,0.00,,
2014-10-20,55,62,,0.02,,
2014-10-21,49,56,,0.04,,
2014-10-22,42,50,,0.00,,
2014-10-23,32,39,,0.00,,
2014-10-24,28,39,19,0.00,,
2014-10-25,30,42,18,0.00,,
2014-10-26,33,46,25,0.00,,
2014-10-27,36,54,26,0.00,,
2014-10-28,36,56,22,0.00,,
2014-10-29,36,53,,0.00,,
2014-10-30,36,50,19,0.00,,
2014-10-31,42,47,,0.00,,
2014-11-01,37,44,29,0.00,,
2014-11-02,37,43,28,0.00,,
2014-11-03,42,55,,0.00,,
2014-11-04,44,54,33,0.00,,
2014-11-05,50,61,42,0.00,,
2014-11-06,54,65,44,0.00,,
2014-11-07,52,59,,0.00,,
2014-11-08,43,49,38,0.09,,
2014-11-09,44,,42,0.18,,
2014-11-10,48,49,45,0.00,,
2014-11-11,47,54,38,0.00,,
2014-11-12,39,47,38,0.00,,
2014-11-13,42,45,38,0.00,,
2014-11-14,41,,,,,
2014-11-15,37,39,35,0.00,,
2014-11-16,38,,35,0.00,,
2014-11-17,39,42,,0.00,,
2014-11-18,32,38,,0.03,,
2014-11-19,31,,29,0.02,,0.4
2014-11-20,31,32,,0.27,,1.6
2014-11-21,31,33,30,0.17,,2.4
2014-11-22,32,33,30,0.22,,6.3
2014-11-23,33,35,32,0.00,,3.9
2014-11-24,31,34,29,0.00,,2.0
2014-11-25,31,32,30,0.02,,1.6
2014-11-26,29,31,,0.02,,1.6
2014-11-27,24,28,21,0.00,,2.4
2014-11-28,23,26,,0.00,,2.0
2014-11-29,14,22,,0.00,,1.6
2014-11-30,17,,5,0.00,,1.6
2014-12-01,22,24,,0.00,,1.6
2014-12-02,18,25,13,0.00,,1.6
2014-12-03,22,,16,0.00,,1.6
2014-12-04,29,31,26,0.00,,1.2
2014-12-05,28,,26,0.00,,1.2
2014-12-06,30,,28,0.00,,1.2
2014-12-07,32,33,31,0.00,,1.2
2014-12-08,31,,31,0.00,,1.2
2014-12-09,30,36,,0.01,,1.6
2014-12-10,23,28,19,0.00,,1.2
2014-12-11,29,32,22,0.00,,1.2
2014-12-12,35,,28,0.07,,2.0
2014-12-13,41,43,37,0.00,,1.2
2014-12-14,35,40,31,0.00,,
2014-12-15,37,,34,0.01,,
2014-12-16,40,43,36,0.00,,
2014-12-17,37,40,,0.24,,
2014-12-18,35,,29,0.00,,
2014-12-19,47,51,38,0.24,,
2014-12-20,40,50,,0.20,,
2014-12-21,37,40,34,0.07,,
2014-12-22,41,46,35,0.16,,
2014-12-23,43,47,,0.33,,
2014-12-24,42,45,39,0.11,,
2014-12-25,35,44,,0.39,,
2014-12-26,17,31,,0.11,,0.4
2014-12-27,17,21,6,0.00,,0.4
2014-12-28,18,20,16,0.03,,1.2
2014-12-29,18,20,16,0.00,,1.2
2014-12-30,13,18,10,0.00,,1.2
2014-12-31,20,26,10,0.00,,1.2
2015-01-01,34,35,26,0.09,,1.2
2015-01-02,36,40,32,0.00,,0.8
2015-01-03,37,40,34,0.08,,
2015-01-04,34,36,32,0.01,,
2015-01-05,31,34,,0.03,,0.4
2015-01-06,11,29,,0.02,,1.2
2015-01-07,9,,-1,0.00,,1.2
2015-01-08,24,29,14,0.00,,1.2
2015-01-09,34,,27,0.21,,2.0
2015-01-10,38,,34,0.26,,0.8
2015-01-11,37,47,35,0.27,,
2015-01-12,36,,32,0.06,,0.4
2015-01-13,42,,38,0.03,,
2015-01-14,40,45,,0.00,,
2015-01-15,32,42,26,0.06,,
2015-01-16,37,44,29,0.00,,
2015-01-17,38,43,33,0.00,,
2015-01-18,31,40,,0.00,,
2015-01-19,26,,21,0.00,,
2015-01-20,30,31,29,0.00,,0.4
2015-01-21,32,33,30,0.07,,1.6
2015-01-22,33,34,32,0.00,,1.2
2015-01-23,33,35,,0.17,,0.4
2015-01-24,32,33,30,0.00,,
2015-01-25,33,35,,0.01,,
2015-01-26,30,33,29,0.00,,0.4
2015-01-27,32,35,30,0.00,,
2015-01-28,32,33,31,0.02,,0.4
2015-01-29,31,32,29,0.02,,
2015-01-30,32,36,25,0.03,,0.8
2015-01-31,34,37,31,0.15,,
2015-02-01,33,38,,0.24,,
2015-02-02,28,38,23,0.00,,
2015-02-03,27,35,,0.00,,
2015-02-04,24,32,17,0.00,,
2015-02-05,28,30,21,0.00,,
2015-02-06,29,31,26,0.00,,
2015-02-07,29,,,0.00,,
2015-02-08,29,33,,0.03,,1.2
2015-02-09,27,,24,0.01,,1.2
2015-02-10,32,35,28,0.04,,2.0
2015-02-11,32,33,,0.00,,0.8
2015-02-12,33,34,31,0.00,,0.4
2015-02-13,32,42,,0.00,,
2015-02-14,31,43,22,0.00,,
2015-02-15,28,,24,0.00,,
2015-02-16,24,32,18,0.00,,
2015-02-17,25,34,18,0.00,,
2015-02-18,28,36,17,0.00,,
2015-02-19,35,36,33,0.02,,
2015-02-20,35,45,,0.00,,
2015-02-21,33,41,24,0.00,,
2015-02-22,36,46,27,0.00,,
2015-02-23,40,47,32,0.00,,
2015-02-24,40,45,38,0.00,,
2015-02-25,41,44,34,0.00,,
2015-02-26,40,42,,0.00,,
2015-02-27,37,40,36,0.00,,
2015-02-28,38,42,,0.00,,
2015-03-01,40,46,33,0.00,,
2015-03-02,40,48,,0.03,,
2015-03-03,35,39,,0.10,,
2015-03-04,32,38,28,0.00,,
2015-03-05,33,38,30,0.30,,1.2
2015-03-06,31,34,,0.00,,0.8
2015-03-07,37,42,28,0.01,,
2015-03-08,43,50,,0.01,,
2015-03-09,42,50,,0.00,,
2015-03-10,39,57,25,0.00,,
2015-03-11,39,,27,0.00,,
2015-03-12,39,46,31,0.00,,
2015-03-13,38,42,35,0.00,,
2015-03-14,40,42,39,0.00,,
2015-03-15,42,48,39,0.00,,
2015-03-16,44,55,36,0.00,,
2015-03-17,42,54,,0.00,,
2015-03-18,37,53,23,0.00,,
2015-03-19,35,51,20,0.00,,
2015-03-20,37,51,20,0.00,,
2015-03-21,43,53,,0.00,,
2015-03-22,28,43,,0.02,,0.4
2015-03-23,31,44,16,0.00,,
2015-03-24,40,57,25,0.00,,
2015-03-25,46,62,30,0.00,,
2015-03-26,50,60,39,0.00,,
2015-03-27,55,69,44,0.08,,
2015-03-28,40,58,37,0.04,,
2015-03-29,42,50,38,0.39,,
2015-03-30,44,51,,0.11,,
2015-03-31,40,45,36,0.22,,
2015-04-01,38,42,35,0.29,,
2015-04-02,35,41,,0.00,,
2015-04-03,35,43,26,0.04,,0.4
2015-04-04,36,44,,0.06,,
2015-04-05,36,42,29,0.05,,
2015-04-06,38,45,32,0.15,,
2015-04-07,40,49,31,0.00,,
2015-04-08,46,56,,0.00,,
2015-04-09,44,56,32,0.00,,
2015-04-10,47,62,30,0.00,,
2015-04-11,51,69,31,0.00,,
2015-04-12,48,57,,0.00,,
2015-04-13,43,56,34,0.04,,
2015-04-14,42,50,35,0.06,,
2015-04-15,48,55,38,0.07,,
2015-04-16,48,54,,0.04,,
2015-04-17,42,52,,0.00,,
2015-04-18,38,46,32,0.01,,
2015-04-19,41,46,37,0.06,,
2015-04-20,44,52,,0.02,,
2015-04-21,42,49,35,0.00,,
2015-04-22,44,57,28,0.00,,
2015-04-23,51,65,28,0.00,,
2015-04-24,51,61,,0.00,,
2015-04-25,55,71,35,0.00,,
2015-04-26,56,65,48,0.02,,
2015-04-27,57,,41,0.00,,
2015-04-28,63,77,50,0.03,,
2015-04-29,46,59,,0.41,,
2015-04-30,45,59,27,0.00,,
2015-05-01,49,63,34,0.00,,
2015-05-02,47,58,33,0.07,,
2015-05-03,45,60,30,0.00,,
2015-05-04,51,62,33,0.00,,
2015-05-05,61,72,43,0.00,,
2015-05-06,58,63,,0.00,,
2015-05-07,54,67,48,0.57,,
2015-05-08,52,61,,0.30,,
2015-05-09,52,65,36,0.00,,
2015-05-10,52,62,39,0.08,,
2015-05-11,50,58,,0.00,,
2015-05-12,55,66,37,0.00,,
2015-05-13,53,60,,0.13,,
2015-05-14,48,58,,0.01,,
2015-05-15,47,60,,0.12,,
2015-05-16,48,61,30,0.07,,
2015-05-17,49,57,,0.00,,
2015-05-18,48,60,,0.02,,
2015-05-19,59,75,35,0.00,,
2015-05-20,62,71,55,0.22,,
2015-05-21,53,66,,0.39,,
2015-05-22,52,61,,0.18,,
2015-05-23,51,59,37,0.00,,
2015-05-24,54,66,,0.00,,
2015-05-25,57,68,40,0.08,,
2015-05-26,60,71,,0.30,,
2015-05-27,49,60,45,1.34,,
2015-05-28,53,62,,0.14,,
2015-05-29,54,66,37,0.00,,
2015-05-30,61,73,45,0.00,,
2015-05-31,55,66,,0.11,,
2015-06-01,61,75,41,0.00,,
2015-06-02,69,80,53,0.00,,
2015-06-03,71,82,,0.00,,
2015-06-04,58,77,,0.00,,
2015-06-05,55,69,37,0.00,,
2015-06-06,63,77,42,0.00,,
2015-06-07,66,81,51,0.00,,
2015-06-08,61,70,,0.00,,
2015-06-09,57,65,49,0.00,,
2015-06-10,59,70,,0.03,,
2015-06-11,59,72,45,0.00,,
2015-06-12,64,78,43,0.00,,
2015-06-13,68,81,,0.09,,
2015-06-14,67,80,53,0.00,,
2015-06-15,62,70,,0.26,,
2015-06-16,57,66,44,0.00,,
2015-06-17,56,66,,0.00,,
2015-06-18,58,68,42,0.00,,
2015-06-19,55,63,,0.08,,
2015-06-20,56,67,42,0.00,,
2015-06-21,54,62,,0.12,,
2015-06-22,58,70,41,0.00,,
2015-06-23,57,62,,0.00,,
2015-06-24,57,67,,0.41,,
2015-06-25,58,69,44,0.00,,
2015-06-26,61,70,49,0.00,,
2015-06-27,59,70,,0.03,,
2015-06-28,62,75,44,0.00,,
2015-06-29,63,74,49,0.00,,
2015-06-30,65,75,58,0.00,,
2015-07-01,63,74,56,0.02,,
2015-07-02,65,77,50,0.00,,
2015-07-03,68,84,48,0.00,,
2015-07-04,71,88,50,0.00,,
2015-07-05,74,90,54,0.00,,
2015-07-06,72,91,,0.00,,
2015-07-07,67,81,54,0.00,,
2015-07-08,69,82,56,0.02,,
2015-07-09,62,74,,0.00,,
2015-07-10,54,61,50,0.05,,
2015-07-11,58,66,50,0.09,,
2015-07-12,63,74,53,0.00,,
2015-07-13,61,67,,0.02,,
2015-07-14,60,68,,0.07,,
2015-07-15,61,72,50,0.13,,
2015-07-16,60,72,47,0.00,,
2015-07-17,64,76,,,,
2015-07-18,65,85,43,0.12,,
2015-07-19,67,79,57,0.02,,
2015-07-20,63,73,,0.93,,
2015-07-21,62,73,46,0.00,,
2015-07-22,68,79,,0.06,,
2015-07-23,69,80,57,0.00,,
2015-07-24,65,82,49,0.26,,
2015-07-25,71,84,53,0.00,,
2015-07-26,61,78,,0.31,,
2015-07-27,62,71,46,0.05,,
2015-07-28,62,73,,0.17,,
2015-07-29,62,72,53,0.09,,
2015-07-30,60,67,52,0.10,,
2015-07-31,59,68,49,0.00,,
2015-08-01,56,67,,0.00,,
2015-08-02,63,80,43,0.00,,
2015-08-03,70,86,52,0.00,,
2015-08-04,73,89,56,0.00,,
2015-08-05,74,90,57,0.00,,
2015-08-06,76,92,58,0.00,,
2015-08-07,77,93,61,0.00,,
2015-08-08,79,94,61,0.00,,
2015-08-09,77,88,68,0.00,,
2015-08-10,72,83,,0.00,,
2015-08-11,74,90,61,0.00,,
2015-08-12,76,92,59,0.00,,
2015-08-13,73,83,,0.00,,
2015-08-14,70,81,58,0.00,,
2015-08-15,68,84,51,0.00,,
2015-08-16,69,84,49,0.00,,
2015-08-17,68,78,57,0.00,,
2015-08-18,63,74,52,0.00,,
2015-08-19,59,72,44,0.00,,
2015-08-20,58,72,42,0.00,,
2015-08-21,59,74,42,0.00,,
2015-08-22,62,76,,0.00,,
2015-08-23,66,82,50,0.01,,
2015-08-24,68,85,50,0.00,,
2015-08-25,69,87,56,0.08,,
2015-08-26,62,75,,0.20,,
2015-08-27,65,81,,0.00,,
2015-08-28,70,83,57,0.00,,
2015-08-29,62,74,,0.00,,
2015-08-30,63,80,45,0.00,,
2015-08-31,73,89,53,0.00,,
2015-09-01,75,92,60,0.00,,
2015-09-02,63,74,,0.00,,
2015-09-03,55,70,45,0.00,,
2015-09-04,51,57,42,0.43,,
2015-09-05,58,69,46,0.00,,
2015-09-06,55,65,47,0.00,,
2015-09-07,53,62,48,0.23,,
2015-09-08,52,60,,0.06,,
2015-09-09,53,65,,0.19,,
2015-09-10,53,66,40,0.17,,
2015-09-11,56,66,42,0.00,,
2015-09-12,56,62,50,0.00,,
2015-09-13,57,65,,,,
2015-09-14,58,67,49,0.00,,
2015-09-15,65,73,58,0.03,,
2015-09-16,70,80,59,0.00,,
2015-09-17,71,85,60,0.00,,
2015-09-18,64,70,,,,
2015-09-19,58,71,,0.00,,
2015-09-20,53,61,44,0.03,,
2015-09-21,50,55,,0.00,,
2015-09-22,51,64,38,0.00,,
2015-09-23,60,71,49,0.00,,
2015-09-24,66,78,51,0.00,,
2015-09-25,60,70,,0.06,,
2015-09-26,57,60,,0.09,,
2015-09-27,53,62,,0.02,,
2015-09-28,50,61,,0.04,,
2015-09-29,50,58,40,0.00,,
2015-09-30,47,60,,0.00,,
2015-10-01,46,61,30,0.00,,
2015-10-02,51,62,42,0.00,,
2015-10-03,47,65,33,0.00,,
2015-10-04,53,72,36,0.00,,
2015-10-05,56,68,42,0.00,,
2015-10-06,51,59,,0.00,,
2015-10-07,37,49,,0.00,,
2015-10-08,35,49,23,0.00,,
2015-10-09,31,45,19,0.00,,
2015-10-10,31,48,17,0.00,,
2015-10-11,33,46,22,0.00,,
2015-10-12,37,45,23,0.00,,
2015-10-13,42,48,35,0.00,,
2015-10-14,44,51,,0.00,,
2015-10-15,45,54,35,0.00,,
2015-10-16,47,54,43,0.00,,
2015-10-17,47,51,41,0.00,,
2015-10-18,48,52,46,0.13,,
2015-10-19,46,48,45,0.06,,
2015-10-20,46,49,,0.04,,
2015-10-21,42,46,40,0.39,,
2015-10-22,42,44,41,0.67,,
2015-10-23,48,52,42,0.05,,
2015-10-24,48,54,,0.06,,
2015-10-25,46,54,38,0.00,,
2015-10-26,44,52,,0.02,,
2015-10-27,36,45,,0.00,,
2015-10-28,38,44,29,0.00,,
2015-10-29,35,49,,0.00,,
2015-10-30,34,50,25,0.00,,
2015-10-31,38,53,27,0.00,,
2015-11-01,43,57,27,0.00,,
2015-11-02,42,48,37,0.00,,
2015-11-03,42,44,,0.00,,
2015-11-04,35,41,33,0.00,,
2015-11-05,38,39,35,0.00,,
2015-11-06,37,39,,0.00,,
2015-11-07,35,,33,0.29,,
2015-11-08,48,57,36,0.14,,
2015-11-09,46,49,43,0.30,,
2015-11-10,51,,46,0.18,,
2015-11-11,54,57,51,0.57,,
2015-11-12,51,54,,0.10,,
2015-11-13,44,50,42,0.11,,
2015-11-14,44,47,,0.18,,
2015-11-15,41,44,,0.06,,
2015-11-16,40,44,35,0.04,,
2015-11-17,46,49,39,0.04,,
2015-11-18,50,55,,0.24,,
2015-11-19,46,51,43,0.23,,
2015-11-20,44,49,,0.19,,
2015-11-21,39,42,,0.13,,
2015-11-22,38,40,,0.04,,
2015-11-23,32,37,,0.06,,
2015-11-24,28,32,,0.00,,
2015-11-25,27,35,18,0.00,,
2015-11-26,26,33,,0.00,,
2015-11-27,22,27,14,0.00,,
2015-11-28,28,32,17,0.00,,
2015-11-29,34,,30,0.07,,0.4
2015-11-30,39,41,,0.16,,
2015-12-01,36,39,34,0.07,,
2015-12-02,35,39,31,0.04,,
2015-12-03,41,44,33,0.02,,
2015-12-04,44,45,41,0.01,,
2015-12-05,44,,42,0.01,,
2015-12-06,46,49,45,0.00,,
2015-12-07,45,50,,0.00,,
2015-12-08,34,41,25,0.00,,
2015-12-09,33,37,31,0.00,,
2015-12-10,37,42,31,0.00,,
2015-12-11,34,38,29,0.02,,
2015-12-12,38,40,34,0.05,,
2015-12-13,35,39,32,0.47,,
2015-12-14,33,36,,0.02,,0.4
2015-12-15,26,34,,0.00,,
2015-12-16,26,34,16,0.00,,
2015-12-17,35,,30,0.00,,
2015-12-18,47,,38,0.28,,
2015-12-19,48,50,,0.02,,
2015-12-20,45,48,,0.00,,
2015-12-21,40,45,36,0.12,,
2015-12-22,44,47,,0.29,,
2015-12-23,50,54,40,0.03,,
2015-12-24,39,51,,0.00,,
2015-12-25,38,45,31,0.01,,
2015-12-26,42,52,33,0.39,,
2015-12-27,38,,34,,,
2015-12-28,38,46,,0.35,,
2015-12-29,24,29,17,0.02,,
2015-12-30,20,27,,0.00,,
2015-12-31,14,28,7,0.00,,
2016-01-01,13,17,4,0.00,,0.4
2016-01-02,8,16,,0.02,,0.8
2016-01-03,0,6,-5,0.00,,0.4
2016-01-04,4,12,-3,0.00,,0.4
2016-01-05,7,,0,0.00,,0.4
2016-01-06,16,18,6,0.00,,0.4
2016-01-07,14,16,13,0.00,,0.8
2016-01-08,18,,13,0.00,,0.8
2016-01-09,31,33,21,0.09,,1.6
2016-01-10,30,32,29,0.00,,1.2
2016-01-11,31,34,28,0.00,,1.2
2016-01-12,29,34,,0.05,,1.6
2016-01-13,30,33,24,0.00,,1.6
2016-01-14,28,,24,0.04,,2.4
2016-01-15,30,31,,0.00,,2.4
2016-01-16,18,29,,0.14,,4.7
2016-01-17,16,25,0,0.00,,4.3
2016-01-18,19,27,,0.00,,4.3
2016-01-19,19,,3,0.00,,3.9
2016-01-20,19,,15,0.01,,4.3
2016-01-21,19,24,,0.10,,6.7
2016-01-22,18,,10,0.00,,6.3
2016-01-23,17,28,,0.02,,6.7
2016-01-24,18,,4,0.00,,5.9
2016-01-25,33,34,23,0.04,,5.5
2016-01-26,35,,33,0.09,,4.3
2016-01-27,40,,36,0.10,,2.4
2016-01-28,41,45,,0.07,,
2016-01-29,36,40,32,0.16,,
2016-01-30,42,46,37,0.03,,
2016-01-31,37,42,,0.08,,
2016-02-01,34,,32,0.06,,0.8
2016-02-02,45,49,33,0.00,,
2016-02-03,40,45,,0.11,,
2016-02-04,35,37,,0.00,,
2016-02-05,33,36,30,0.00,,0.4
2016-02-06,35,38,31,0.00,,
2016-02-07,38,44,32,0.00,,
2016-02-08,40,45,35,0.00,,
2016-02-09,45,49,40,0.00,,
2016-02-10,44,49,40,0.01,,
2016-02-11,35,41,32,0.26,,
2016-02-12,35,40,,0.24,,1.2
2016-02-13,35,39,28,0.03,,0.4
2016-02-14,35,37,33,0.06,,
2016-02-15,38,41,35,0.00,,
2016-02-16,35,39,,0.27,,
2016-02-17,31,37,20,0.00,,
2016-02-18,37,,33,,,
2016-02-19,35,37,33,0.03,,
2016-02-20,33,36,,0.30,,
2016-02-21,35,40,32,0.09,,0.8
2016-02-22,42,49,34,0.37,,
2016-02-23,36,42,,0.39,,
2016-02-24,35,40,29,0.00,,
2016-02-25,32,40,,0.00,,
2016-02-26,29,33,22,0.00,,0.4
2016-02-27,27,32,,0.00,,
2016-02-28,32,41,22,0.00,,
2016-02-29,31,35,25,0.00,,
2016-03-01,32,33,,0.05,,0.8
2016-03-02,32,34,30,0.10,,1.6
2016-03-03,36,43,32,0.00,,
2016-03-04,32,35,31,0.00,,
2016-03-05,33,38,30,0.00,,
2016-03-06,43,53,33,0.04,,
2016-03-07,38,45,30,0.21,,
2016-03-08,38,40,,0.78,,
2016-03-09,38,44,31,0.21,,
2016-03-10,38,41,34,0.00,,
2016-03-11,41,43,,0.19,,
2016-03-12,38,42,,0.04,,
2016-03-13,35,44,,0.00,,
2016-03-14,31,38,27,0.08,,
2016-03-15,35,40,32,0.04,,0.8
2016-03-16,36,42,,0.00,,
2016-03-17,38,42,30,0.00,,
2016-03-18,38,45,,0.00,,
2016-03-19,29,,23,0.01,,0.4
2016-03-20,38,42,31,0.08,,0.8
2016-03-21,41,49,36,0.01,,
2016-03-22,37,44,,0.04,,
2016-03-23,30,40,,0.00,,
2016-03-24,29,41,18,0.00,,
2016-03-25,34,46,18,0.00,,
2016-03-26,41,48,33,0.00,,
2016-03-27,39,53,26,0.00,,
2016-03-28,40,55,24,0.00,,
2016-03-29,43,57,32,0.24,,
2016-03-30,44,53,40,0.01,,
2016-03-31,43,54,,0.13,,
2016-04-01,39,47,30,0.04,,
2016-04-02,40,53,,0.00,,
2016-04-03,43,58,27,0.00,,
2016-04-04,49,65,30,0.00,,
2016-04-05,55,69,40,0.00,,
2016-04-06,50,67,,0.04,,
2016-04-07,50,63,36,0.00,,
2016-04-08,53,60,43,0.00,,
2016-04-09,50,55,47,0.00,,
2016-04-10,47,50,45,0.02,,
2016-04-11,47,50,43,0.00,,
2016-04-12,52,59,46,0.06,,
2016-04-13,51,55,,0.27,,
2016-04-14,47,53,,0.04,,
2016-04-15,44,56,32,0.00,,
2016-04-16,51,63,34,0.00,,
2016-04-17,55,72,46,0.01,,
2016-04-18,49,55,,0.41,,
2016-04-19,45,52,,0.00,,
2016-04-20,44,54,35,0.00,,
2016-04-21,46,56,33,0.00,,
2016-04-22,44,53,,0.00,,
2016-04-23,44,55,26,0.01,,
2016-04-24,45,50,,0.00,,
2016-04-25,40,46,,0.00,,
2016-04-26,41,51,,0.00,,
2016-04-27,47,60,30,0.00,,
2016-04-28,42,55,33,0.24,,0.4
2016-04-29,41,50,32,0.11,,
2016-04-30,44,49,33,0.22,,
2016-05-01,49,58,,0.04,,
2016-05-02,52,65,38,0.00,,
2016-05-03,55,69,41,0.00,,
2016-05-04,59,70,47,0.00,,
2016-05-05,60,71,46,0.01,,
2016-05-06,57,71,42,0.00,,
2016-05-07,57,72,40,0.00,,
2016-05-08,62,75,43,0.00,,
2016-05-09,60,73,43,0.00,,
2016-05-10,59,75,42,0.16,,
2016-05-11,61,75,45,0.00,,
2016-05-12,59,71,47,0.18,,
2016-05-13,60,72,48,0.00,,
2016-05-14,57,62,,0.14,,
2016-05-15,49,56,,0.61,,
2016-05-16,47,55,38,0.00,,
2016-05-17,46,54,,0.07,,
2016-05-18,45,57,32,0.04,,
2016-05-19,51,65,33,0.00,,
2016-05-20,56,68,37,0.00,,
2016-05-21,57,68,40,0.00,,
2016-05-22,60,72,45,0.00,,
2016-05-23,63,76,49,0.00,,
2016-05-24,63,75,45,0.00,,
2016-05-25,62,71,,0.20,,
2016-05-26,62,73,51,0.00,,
2016-05-27,62,76,48,0.00,,
2016-05-28,65,78,49,0.00,,
2016-05-29,70,81,53,0.00,,
2016-05-30,69,83,58,0.16,,
2016-05-31,67,79,59,0.28,,
2016-06-01,66,77,,0.03,,
2016-06-02,65,76,52,0.00,,
2016-06-03,65,76,49,0.00,,
2016-06-04,67,79,54,0.01,,
2016-06-05,62,72,49,0.00,,
2016-06-06,53,62,,0.00,,
2016-06-07,53,66,35,0.00,,
2016-06-08,60,74,39,0.00,,
2016-06-09,57,66,,0.05,,
2016-06-10,53,67,37,0.00,,
2016-06-11,51,60,,0.21,,
2016-06-12,52,64,37,0.02,,
2016-06-13,57,70,38,0.00,,
2016-06-14,59,70,45,0.02,,
2016-06-15,60,68,,0.75,,
2016-06-16,64,75,51,0.18,,
2016-06-17,69,85,57,0.00,,
2016-06-18,63,72,,0.50,,
2016-06-19,66,79,49,0.00,,
2016-06-20,66,73,56,0.00,,
2016-06-21,64,72,58,0.00,,
2016-06-22,66,78,54,0.00,,
2016-06-23,69,81,54,0.00,,
2016-06-24,73,86,56,0.00,,
2016-06-25,78,88,63,0.00,,
2016-06-26,77,90,66,0.00,,
2016-06-27,66,75,62,0.00,,
2016-06-28,63,71,,0.00,,
2016-06-29,67,79,49,0.00,,
2016-06-30,73,84,60,0.00,,
2016-07-01,70,81,,0.00,,
2016-07-02,76,88,57,0.06,,
2016-07-03,62,81,,0.03,,
2016-07-04,58,70,,0.40,,
2016-07-05,61,72,49,0.36,,
2016-07-06,60,69,,0.03,,
2016-07-07,57,66,50,0.28,,
2016-07-08,60,69,49,0.47,,
2016-07-09,62,69,57,0.00,,
2016-07-10,63,71,57,0.17,,
2016-07-11,72,86,55,0.03,,
2016-07-12,67,77,,1.14,,
2016-07-13,63,69,,1.10,,
2016-07-14,61,66,54,0.61,,
2016-07-15,59,68,55,0.26,,
2016-07-16,62,72,53,0.04,,
2016-07-17,63,68,57,0.01,,
2016-07-18,60,67,,0.16,,
2016-07-19,62,72,52,0.00,,
2016-07-20,62,72,52,0.00,,
2016-07-21,63,71,53,0.00,,
2016-07-22,63,67,60,0.00,,
2016-07-23,68,76,62,0.00,,
2016-07-24,69,79,58,0.00,,
2016-07-25,71,84,58,0.00,,
2016-07-26,72,85,60,0.00,,
2016-07-27,72,82,60,0.08,,
2016-07-28,69,82,,1.69,,
2016-07-29,67,75,,0.24,,
2016-07-30,67,77,59,0.16,,
2016-07-31,71,81,60,0.00,,
2016-08-01,66,74,,0.20,,
2016-08-02,64,74,,0.08,,
2016-08-03,61,71,,0.16,,
2016-08-04,66,76,54,0.00,,
2016-08-05,74,86,58,0.00,,
2016-08-06,63,72,,0.00,,
2016-08-07,60,69,,0.20,,
2016-08-08,66,78,50,0.00,,
2016-08-09,65,75,58,0.16,,
2016-08-10,56,64,,0.22,,
2016-08-11,55,65,,0.48,,
2016-08-12,54,67,39,0.00,,
2016-08-13,58,67,47,0.00,,
2016-08-14,62,71,,0.02,,
2016-08-15,57,67,49,0.07,,
2016-08-16,56,65,49,0.16,,
2016-08-17,55,62,47,0.24,,
2016-08-18,58,69,51,0.05,,
2016-08-19,63,76,48,0.00,,
2016-08-20,66,81,50,0.00,,
2016-08-21,69,83,54,0.00,,
2016-08-22,64,70,,0.54,,
2016-08-23,65,74,60,0.29,,
2016-08-24,63,72,,0.02,,
2016-08-25,62,76,49,0.00,,
2016-08-26,64,78,50,0.00,,
2016-08-27,67,82,52,0.00,,
2016-08-28,68,84,53,0.00,,
2016-08-29,71,83,56,0.00,,
2016-08-30,61,73,,0.00,,
2016-08-31,58,66,45,0.00,,
2016-09-01,62,73,,0.00,,
2016-09-02,59,73,,0.00,,
2016-09-03,59,72,47,0.00,,
2016-09-04,64,76,52,0.00,,
2016-09-05,61,65,59,0.36,,
2016-09-06,60,71,,0.00,,
2016-09-07,58,73,45,0.00,,
2016-09-08,60,76,45,0.00,,
2016-09-09,64,79,51,0.00,,
2016-09-10,67,82,55,0.00,,
2016-09-11,66,82,55,0.00,,
2016-09-12,65,80,51,0.00,,
2016-09-13,63,76,,0.00,,
2016-09-14,56,70,44,0.00,,
2016-09-15,53,70,40,0.00,,
2016-09-16,56,72,39,0.00,,
2016-09-17,56,65,,0.00,,
2016-09-18,51,62,44,0.00,,
2016-09-19,46,58,,0.00,,
2016-09-20,46,57,35,0.08,,
2016-09-21,49,59,37,0.12,,
2016-09-22,49,58,43,0.09,,
2016-09-23,51,59,41,0.04,,
2016-09-24,53,64,,0.05,,
2016-09-25,49,60,,0.00,,
2016-09-26,44,52,,0.00,,
2016-09-27,46,53,33,0.00,,
2016-09-28,48,56,36,0.04,,
2016-09-29,60,65,53,0.03,,
2016-09-30,60,68,,0.00,,
2016-10-01,57,66,48,0.04,,
2016-10-02,60,71,52,0.00,,
2016-10-03,58,62,55,0.05,,
2016-10-04,50,59,,0.24,,
2016-10-05,44,47,40,0.45,,
2016-10-06,43,48,,1.14,,
2016-10-07,39,45,31,0.26,,
2016-10-08,40,44,,0.05,,
2016-10-09,42,49,33,0.00,,
2016-10-10,43,48,,0.22,,
2016-10-11,41,44,39,0.33,,
2016-10-12,42,45,,0.00,,
2016-10-13,38,48,,0.00,,
2016-10-14,36,50,25,0.00,,
2016-10-15,32,35,29,0.00,,
2016-10-16,36,44,,0.00,,
2016-10-17,38,49,27,0.00,,
2016-10-18,40,47,31,0.00,,
2016-10-19,43,47,39,0.00,,
2016-10-20,43,47,,0.00,,
2016-10-21,39,42,35,0.07,,
2016-10-22,40,,38,0.40,,
2016-10-23,44,50,41,0.67,,
2016-10-24,41,44,40,0.00,,
2016-10-25,47,52,42,0.46,,
2016-10-26,42,46,,0.56,,
2016-10-27,37,46,29,0.00,,
2016-10-28,41,,31,0.12,,
2016-10-29,43,49,,0.24,,
2016-10-30,41,44,38,0.00,,
2016-10-31,39,45,,0.05,,
2016-11-01,35,,29,0.17,,
2016-11-02,41,47,37,0.68,,
2016-11-03,37,40,,0.23,,
2016-11-04,36,40,33,0.12,,
2016-11-05,37,41,33,0.00,,
2016-11-06,40,43,37,0.00,,
2016-11-07,39,42,,0.28,,
2016-11-08,31,40,,0.00,,
2016-11-09,31,33,25,0.00,,0.4
2016-11-10,31,32,,0.39,,5.1
2016-11-11,30,32,,0.00,,3.9
2016-11-12,26,30,21,0.00,,3.1
2016-11-13,29,,22,0.00,,3.1
2016-11-14,33,36,27,0.00,,2.0
2016-11-15,33,35,31,0.00,,0.8
2016-11-16,35,38,32,0.12,,0.4
2016-11-17,39,,36,0.03,,
2016-11-18,42,46,36,0.02,,
2016-11-19,45,,38,0.00,,
2016-11-20,45,52,42,0.14,,
2016-11-21,42,48,,0.00,,
2016-11-22,36,40,,0.00,,
2016-11-23,36,38,34,0.00,,
2016-11-24,34,39,,0.00,,
2016-11-25,32,34,29,0.00,,
2016-11-26,35,39,32,0.00,,
2016-11-27,35,41,,0.00,,
2016-11-28,28,33,,0.06,,0.8
2016-11-29,26,33,,0.01,,1.2
2016-11-30,31,,12,0.02,,1.2
2016-12-01,33,35,30,0.05,,2.0
2016-12-02,31,34,26,0.00,,0.8
2016-12-03,31,34,28,0.02,,0.4
2016-12-04,25,31,20,0.05,,1.6
2016-12-05,31,33,22,0.00,,1.6
2016-12-06,32,36,,0.02,,1.6
2016-12-07,24,31,11,0.00,,1.2
2016-12-08,39,,28,0.14,,0.4
2016-12-09,45,46,43,0.04,,
2016-12-10,45,48,43,0.02,,
2016-12-11,42,47,39,0.43,,
2016-12-12,24,40,,0.37,,0.4
2016-12-13,22,28,17,0.00,,0.4
2016-12-14,32,35,23,0.08,,1.2
2016-12-15,27,33,,0.09,,0.8
2016-12-16,25,29,13,0.00,,0.8
2016-12-17,29,31,,0.00,,0.8
2016-12-18,29,,26,0.00,,0.8
2016-12-19,33,35,30,0.00,,0.8
2016-12-20,34,36,,0.13,,
2016-12-21,32,33,,0.00,,
2016-12-22,29,33,,0.00,,
2016-12-23,31,,26,0.02,,0.4
2016-12-24,33,34,32,0.00,,
2016-12-25,35,37,32,0.11,,0.4
2016-12-26,42,47,32,0.22,,
2016-12-27,36,45,33,0.16,,
2016-12-28,34,37,,0.19,,0.4
2016-12-29,31,33,,0.00,,
2016-12-30,31,33,28,0.01,,0.4
2016-12-31,30,,27,0.00,,
2017-01-01,33,,31,0.01,,
2017-01-02,33,36,,0.01,,
2017-01-03,29,33,28,0.06,,0.4
2017-01-04,33,34,29,0.14,,2.8
2017-01-05,11,32,,0.20,,6.3
2017-01-06,0,6,,0.00,,6.3
2017-01-07,0,6,-10,0.00,,5.9
2017-01-08,10,17,-6,0.00,,5.9
2017-01-09,19,22,,0.00,,5.1
2017-01-10,12,18,5,0.00,,4.7
2017-01-11,11,,2,0.00,,4.3
2017-01-12,26,34,14,0.00,,4.3
2017-01-13,31,34,26,0.04,,4.7
2017-01-14,31,33,29,0.00,,4.7
2017-01-15,28,31,25,0.05,,5.9
2017-01-16,26,29,,0.00,,5.9
2017-01-17,24,27,,0.00,,5.9
2017-01-18,20,26,15,0.00,,5.9
2017-01-19,21,,15,0.00,,5.5
2017-01-20,29,,23,0.00,,5.5
2017-01-21,34,35,31,0.00,,5.1
2017-01-22,30,34,29,0.00,,3.9
2017-01-23,27,31,,0.00,,3.9
2017-01-24,30,,23,0.00,,3.9
2017-01-25,26,33,,0.00,,3.9
2017-01-26,19,,4,0.00,,3.5
2017-01-27,30,31,27,0.00,,3.1
2017-01-28,30,30,30,0.00,,3.1
2017-01-29,28,30,27,0.00,,3.1
2017-01-30,27,29,,0.00,,3.1
2017-01-31,24,27,22,0.00,,2.8
2017-02-01,24,,23,0.00,,2.8
2017-02-02,27,,25,0.08,,2.8
2017-02-03,28,29,,0.01,,4.3
2017-02-04,22,30,,0.00,,4.3
2017-02-05,20,,11,0.00,,4.3
2017-02-06,24,25,,0.02,,4.7
2017-02-07,16,22,,0.03,,5.5
2017-02-08,12,16,10,0.11,,8.3
2017-02-09,18,,14,0.08,,9.8
2017-02-10,17,26,10,0.00,,9.4
2017-02-11,20,27,11,0.00,,9.1
2017-02-12,20,23,11,0.00,,8.7
2017-02-13,16,19,,0.00,,6.7
2017-02-14,23,,14,0.00,,6.7
2017-02-15,30,32,,0.00,,6.7
2017-02-16,29,37,,0.00,,6.3
2017-02-17,32,38,21,0.08,,5.5
2017-02-18,34,35,33,0.03,,4.7
2017-02-19,34,35,33,0.01,,3.9
2017-02-20,35,38,32,0.00,,3.5
2017-02-21,40,42,36,0.41,,2.4
2017-02-22,36,42,31,0.02,,
2017-02-23,39,43,36,0.45,,
2017-02-24,37,44,,0.09,,
2017-02-25,31,38,25,0.13,,0.4
2017-02-26,35,,30,0.05,,0.8
2017-02-27,42,51,37,0.15,,
2017-02-28,45,54,37,0.00,,
2017-03-01,39,49,,0.01,,
2017-03-02,38,46,29,0.05,,
2017-03-03,38,42,,0.23,,
2017-03-04,40,51,30,0.00,,
2017-03-05,47,61,36,0.00,,
2017-03-06,41,49,,0.17,,
2017-03-07,35,38,33,0.15,,
2017-03-08,37,42,34,0.04,,
2017-03-09,39,42,34,0.00,,
2017-03-10,39,44,36,0.08,,
2017-03-11,39,45,33,0.00,,
2017-03-12,39,42,36,0.00,,
2017-03-13,38,42,37,0.00,,
2017-03-14,37,,,0.00,,
2017-03-15,42,49,28,0.00,,
2017-03-16,40,,,0.01,,
2017-03-17,38,47,23,0.01,,
2017-03-18,38,43,35,0.03,,
2017-03-19,36,40,,0.37,,
2017-03-20,38,,32,0.08,,
2017-03-21,47,,36,0.21,,
2017-03-22,41,47,,0.19,,
2017-03-23,40,51,25,0.11,,
2017-03-24,41,52,,0.03,,
2017-03-25,37,43,26,0.00,,
2017-03-26,37,,34,0.09,,
2017-03-27,50,58,36,0.00,,
2017-03-28,47,58,,0.00,,
2017-03-29,44,59,31,0.04,,
2017-03-30,42,49,35,0.03,,
2017-03-31,50,60,42,0.06,,
2017-04-01,55,70,41,0.00,,
2017-04-02,58,74,38,0.00,,
2017-04-03,53,62,,0.00,,
2017-04-04,50,63,36,0.00,,
2017-04-05,50,66,33,0.00,,
2017-04-06,43,56,39,0.33,,
2017-04-07,43,51,35,0.12,,
2017-04-08,44,,38,0.00,,
2017-04-09,45,,33,0.00,,
2017-04-10,54,66,40,0.00,,
2017-04-11,41,57,,0.02,,
2017-04-12,41,47,32,0.10,,
2017-04-13,44,49,,0.35,,
2017-04-14,40,47,,0.30,,
2017-04-15,42,52,32,0.13,,
2017-04-16,38,45,,0.14,,
2017-04-17,33,41,27,0.05,,
2017-04-18,35,43,25,0.00,,
2017-04-19,37,42,29,0.00,,
2017-04-20,36,45,,0.00,,
2017-04-21,40,49,23,0.00,,
2017-04-22,42,49,,0.25,,
2017-04-23,38,46,,0.03,,
2017-04-24,41,49,32,0.04,,
2017-04-25,51,63,40,0.00,,
2017-04-26,42,58,39,0.10,,
2017-04-27,41,45,,0.09,,
2017-04-28,40,42,37,0.02,,
2017-04-29,40,46,,1.01,,
2017-04-30,42,51,30,0.00,,
2017-05-01,44,53,33,0.00,,
2017-05-02,40,48,,0.00,,
2017-05-03,49,59,31,0.00,,
2017-05-04,54,57,50,0.00,,
2017-05-05,58,69,,0.11,,
2017-05-06,64,77,47,0.00,,
2017-05-07,58,70,,0.10,,
2017-05-08,48,54,,3.45,,
2017-05-09,37,46,,0.01,,
2017-05-10,39,48,28,0.02,,
2017-05-11,43,52,34,0.11,,
2017-05-12,49,62,32,0.00,,
2017-05-13,54,67,41,0.00,,
2017-05-14,55,69,38,0.00,,
2017-05-15,57,71,40,0.00,,
2017-05-16,56,67,,0.00,,
2017-05-17,53,66,37,0.00,,
2017-05-18,59,71,46,0.00,,
2017-05-19,62,75,44,0.00,,
2017-05-20,64,79,46,0.00,,
2017-05-21,65,76,53,0.00,,
2017-05-22,61,71,,0.00,,
2017-05-23,59,71,44,0.00,,
2017-05-24,59,71,42,0.00,,
2017-05-25,59,69,,0.09,,
2017-05-26,57,65,44,0.00,,
2017-05-27,58,71,43,0.01,,
2017-05-28,65,79,44,0.00,,
2017-05-29,67,80,,0.02,,
2017-05-30,59,70,52,0.00,,
2017-05-31,63,71,51,0.01,,
2017-06-01,55,64,,0.04,,
2017-06-02,55,65,,0.00,,
2017-06-03,51,64,37,0.00,,
2017-06-04,62,76,40,0.00,,
2017-06-05,59,69,,0.46,,
2017-06-06,64,75,45,0.00,,
2017-06-07,61,70,,0.06,,
2017-06-08,59,70,43,0.00,,
2017-06-09,60,72,42,0.00,,
2017-06-10,65,77,48,0.00,,
2017-06-11,62,73,,0.00,,
2017-06-12,60,68,50,0.28,,
2017-06-13,58,64,53,0.05,,
2017-06-14,60,67,,0.00,,
2017-06-15,60,73,,0.00,,
2017-06-16,62,72,47,0.00,,
2017-06-17,59,69,55,0.03,,
2017-06-18,63,75,,0.11,,
2017-06-19,68,81,51,0.00,,
2017-06-20,64,79,,2.13,,
2017-06-21,59,70,47,0.00,,
2017-06-22,60,72,42,0.00,,
2017-06-23,60,66,54,0.00,,
2017-06-24,62,68,55,0.39,,
2017-06-25,65,73,60,0.02,,
2017-06-26,62,71,,0.50,,
2017-06-27,60,71,48,0.04,,
2017-06-28,62,71,51,0.05,,
2017-06-29,69,85,61,0.03,,
2017-06-30,65,73,,0.00,,
2017-07-01,63,73,56,0.00,,
2017-07-02,58,65,,0.25,,
2017-07-03,58,66,,0.09,,
2017-07-04,56,62,48,0.00,,
2017-07-05,56,65,50,0.37,,
2017-07-06,57,68,,0.16,,
2017-07-07,59,71,44,0.00,,
2017-07-08,62,72,54,0.00,,
2017-07-09,63,74,,0.18,,
2017-07-10,69,80,50,0.00,,
2017-07-11,69,81,,0.59,,
2017-07-12,66,76,57,0.03,,
2017-07-13,61,67,,0.31,,
2017-07-14,60,69,50,0.14,,
2017-07-15,59,69,,0.12,,
2017-07-16,60,71,48,0.02,,
2017-07-17,60,69,52,0.10,,
2017-07-18,60,70,48,0.00,,
2017-07-19,62,76,46,0.00,,
2017-07-20,67,79,50,0.00,,
2017-07-21,65,74,57,0.02,,
2017-07-22,65,73,,0.06,,
2017-07-23,67,75,54,0.00,,
2017-07-24,66,77,,0.20,,
2017-07-25,66,76,55,0.00,,
2017-07-26,61,71,,0.22,,
2017-07-27,64,76,50,0.13,,
2017-07-28,61,68,54,0.00,,
2017-07-29,64,73,,0.19,,
2017-07-30,68,81,51,0.00,,
2017-07-31,72,83,60,0.12,,
2017-08-01,75,89,58,0.00,,
2017-08-02,75,84,,0.00,,
2017-08-03,69,79,60,0.00,,
2017-08-04,70,80,,0.26,,
2017-08-05,67,77,,0.00,,
2017-08-06,63,74,,0.11,,
2017-08-07,59,71,,0.13,,
2017-08-08,63,74,45,0.00,,
2017-08-09,68,79,56,0.00,,
2017-08-10,71,85,60,0.39,,
2017-08-11,74,86,62,0.00,,
2017-08-12,73,85,,0.00,,
2017-08-13,60,69,,0.78,,
2017-08-14,60,70,,0.01,,
2017-08-15,63,,50,0.00,,
2017-08-16,63,78,48,0.00,,
2017-08-17,64,76,53,0.00,,
2017-08-18,69,81,56,0.00,,
2017-08-19,70,86,60,0.47,,
2017-08-20,59,64,,0.98,,
2017-08-21,58,68,,0.93,,
2017-08-22,56,65,47,0.02,,
2017-08-23,56,65,51,0.02,,
2017-08-24,57,68,,0.17,,
2017-08-25,60,73,45,0.00,,
2017-08-26,59,72,49,0.00,,
2017-08-27,60,69,48,0.43,,
2017-08-28,59,68,,0.02,,
2017-08-29,55,67,,0.00,,
2017-08-30,58,72,43,0.00,,
2017-08-31,63,75,51,0.00,,
2017-09-01,62,69,53,0.00,,
2017-09-02,59,67,,0.00,,
2017-09-03,56,58,55,0.06,,
2017-09-04,56,58,55,1.33,,
2017-09-05,58,62,,0.74,,
2017-09-06,54,60,,0.08,,
2017-09-07,52,57,49,0.11,,
2017-09-08,55,64,48,0.59,,
2017-09-09,59,71,51,0.04,,
2017-09-10,63,74,52,0.00,,
2017-09-11,66,74,59,0.19,,
2017-09-12,60,68,,0.02,,
2017-09-13,59,66,53,0.38,,
2017-09-14,59,65,,0.04,,
2017-09-15,52,60,,0.16,,
2017-09-16,54,62,42,0.00,,
2017-09-17,55,,52,0.06,,
2017-09-18,53,,,0.11,,
2017-09-19,53,64,46,0.30,,
2017-09-20,53,56,47,0.02,,
2017-09-21,53,54,52,0.15,,
2017-09-22,57,60,53,0.45,,
2017-09-23,58,66,54,0.02,,
2017-09-24,57,65,50,0.00,,
2017-09-25,57,64,51,0.02,,
2017-09-26,57,68,,0.00,,
2017-09-27,51,63,,0.00,,
2017-09-28,49,61,40,0.00,,
2017-09-29,44,58,34,0.00,,
2017-09-30,45,58,34,0.00,,
2017-10-01,41,51,34,0.00,,
2017-10-02,46,56,34,0.00,,
2017-10-03,49,,46,0.07,,
2017-10-04,51,54,,0.31,,
2017-10-05,48,51,44,0.12,,
2017-10-06,47,54,,0.59,,
2017-10-07,47,53,39,0.03,,
2017-10-08,44,50,,0.06,,
2017-10-09,42,46,35,0.19,,
2017-10-10,45,49,,0.25,,
2017-10-11,51,55,42,0.26,,
2017-10-12,54,58,,0.34,,
2017-10-13,48,54,,0.10,,
2017-10-14,51,,42,0.02,,
2017-10-15,55,61,,0.19,,
2017-10-16,54,68,39,0.03,,
2017-10-17,56,60,51,0.00,,
2017-10-18,53,63,,0.00,,
2017-10-19,49,58,42,0.00,,
2017-10-20,49,52,43,0.00,,
2017-10-21,47,51,,0.16,,
2017-10-22,41,44,,0.00,,
2017-10-23,40,42,39,0.03,,
2017-10-24,38,41,36,0.00,,
2017-10-25,40,,36,0.08,,
2017-10-26,50,53,43,0.25,,
2017-10-27,46,51,,0.26,,
2017-10-28,43,47,37,0.20,,
2017-10-29,43,47,,0.58,,
2017-10-30,38,42,,0.32,,
2017-10-31,37,41,34,0.02,,
2017-11-01,43,,38,0.07,,
2017-11-02,49,51,45,0.20,,
2017-11-03,47,49,,0.09,,
2017-11-04,44,49,39,0.00,,
2017-11-05,43,49,38,0.00,,
2017-11-06,44,52,39,0.00,,
2017-11-07,45,47,,0.00,,
2017-11-08,40,46,37,0.00,,
2017-11-09,38,,37,0.00,,
2017-11-10,42,45,38,0.01,,
2017-11-11,40,44,,0.54,,
2017-11-12,35,40,,0.02,,
2017-11-13,33,,28,0.00,,
2017-11-14,37,40,34,0.13,,
2017-11-15,40,43,35,0.02,,
2017-11-16,41,43,38,0.00,,
2017-11-17,40,42,38,0.00,,
2017-11-18,36,40,34,0.01,,
2017-11-19,37,38,34,0.00,,
2017-11-20,35,38,,0.06,,
2017-11-21,33,36,,0.06,,
2017-11-22,29,,25,0.00,,
2017-11-23,38,41,31,0.00,,
2017-11-24,40,45,34,0.00,,
2017-11-25,44,46,42,0.08,,
2017-11-26,40,46,,0.06,,
2017-11-27,34,38,29,0.00,,
2017-11-28,34,38,30,0.00,,
2017-11-29,33,34,32,0.00,,
2017-11-30,32,,31,0.07,,0.4
2017-12-01,33,34,32,0.53,,2.8
2017-12-02,34,37,31,0.01,,2.0
2017-12-03,32,35,,0.00,,1.6
2017-12-04,31,,27,0.00,,1.6
2017-12-05,34,,32,0.06,,1.6
2017-12-06,42,43,33,0.06,,
2017-12-07,41,43,,0.50,,
2017-12-08,37,40,32,0.00,,
2017-12-09,32,39,,0.00,,
2017-12-10,31,34,28,0.00,,
2017-12-11,34,,30,0.00,,
2017-12-12,44,50,33,0.00,,
2017-12-13,32,46,,0.00,,
2017-12-14,32,,24,0.04,,
2017-12-15,34,37,32,0.23,,
2017-12-16,32,36,29,0.02,,
2017-12-17,32,35,,0.00,,
2017-12-18,27,32,25,0.00,,
2017-12-19,28,,26,0.00,,0.4
2017-12-20,30,33,,0.01,,0.4
2017-12-21,28,,18,0.00,,0.4
2017-12-22,35,37,32,0.09,,0.8
2017-12-23,35,,31,0.02,,0.4
2017-12-24,45,46,37,0.30,,
2017-12-25,45,47,,0.32,,
2017-12-26,39,44,,0.06,,
2017-12-27,35,,30,0.00,,
2017-12-28,41,47,34,0.00,,
2017-12-29,36,39,33,0.07,,
2017-12-30,32,35,,0.21,,
2017-12-31,33,36,30,0.11,,2.0
2018-01-01,42,44,33,0.04,,
2018-01-02,35,43,31,0.02,,
2018-01-03,36,38,34,0.00,,
2018-01-04,39,42,34,0.02,,
2018-01-05,39,43,35,0.01,,
2018-01-06,39,43,,0.12,,
2018-01-07,31,39,,0.00,,
2018-01-08,26,32,20,0.00,,
2018-01-09,23,28,19,0.00,,
2018-01-10,26,29,22,0.00,,
2018-01-11,27,31,,,,
2018-01-12,27,,23,0.00,,
2018-01-13,23,29,,0.00,,
2018-01-14,19,21,,0.00,,
2018-01-15,16,18,,0.00,,
2018-01-16,17,23,12,0.00,,0.4
2018-01-17,24,,18,0.08,,1.6
2018-01-18,31,33,26,0.13,,3.5
2018-01-19,30,32,,0.09,,5.1
2018-01-20,27,29,24,0.05,,6.7
2018-01-21,25,28,18,0.06,,7.1
2018-01-22,21,23,,0.00,,6.7
2018-01-23,15,21,,0.00,,6.3
2018-01-24,28,,11,0.03,,5.5
2018-01-25,36,39,33,0.00,,3.9
2018-01-26,33,37,31,0.00,,3.1
2018-01-27,33,36,28,0.00,,2.8
2018-01-28,36,,32,0.00,,2.4
2018-01-29,42,45,38,0.07,,1.2
2018-01-30,37,45,34,0.28,,
2018-01-31,35,37,33,0.06,,0.4
2018-02-01,36,38,33,0.07,,0.4
2018-02-02,33,37,31,0.40,,0.4
2018-02-03,32,34,,0.05,,0.4
2018-02-04,30,31,,0.00,,
2018-02-05,22,29,,0.00,,0.4
2018-02-06,22,29,,0.00,,0.4
2018-02-07,21,31,10,0.00,,0.4
2018-02-08,28,31,21,0.01,,0.4
2018-02-09,27,31,,0.00,,0.4
2018-02-10,25,27,,0.00,,0.4
2018-02-11,25,,21,0.00,,
2018-02-12,30,32,26,0.00,,
2018-02-13,31,,,0.00,,
2018-02-14,29,30,,0.03,,0.4
2018-02-15,23,28,21,0.00,,0.8
2018-02-16,29,,23,0.00,,0.8
2018-02-17,32,35,29,0.02,,1.2
2018-02-18,26,33,,0.03,,1.2
2018-02-19,28,36,14,0.00,,1.2
2018-02-20,30,36,,0.00,,
2018-02-21,22,30,,0.00,,
2018-02-22,18,22,13,0.00,,
2018-02-23,16,23,,0.00,,0.4
2018-02-24,15,19,9,0.02,,0.4
2018-02-25,11,16,5,0.00,,0.4
2018-02-26,9,18,,0.00,,0.4
2018-02-27,8,17,-1,0.00,,0.4
2018-02-28,10,16,6,0.00,,0.4
2018-03-01,7,11,1,0.02,,0.8
2018-03-02,9,21,-4,0.01,,1.2
2018-03-03,12,17,4,0.00,,1.2
2018-03-04,15,26,,0.01,,1.6
2018-03-05,22,36,0,0.00,,1.2
2018-03-06,31,39,26,0.00,,
2018-03-07,33,35,30,0.04,,0.8
2018-03-08,35,39,33,0.00,,
2018-03-09,36,44,30,0.12,,
2018-03-10,35,39,31,0.02,,0.4
2018-03-11,38,44,32,0.06,,
2018-03-12,44,55,33,0.04,,
2018-03-13,47,53,41,0.00,,
2018-03-14,41,48,,0.00,,
2018-03-15,31,38,,0.02,,
2018-03-16,27,31,,0.00,,
2018-03-17,21,25,18,0.00,,
2018-03-18,23,31,15,0.00,,
2018-03-19,24,38,11,0.00,,
2018-03-20,27,36,13,0.00,,
2018-03-21,27,34,,0.00,,0.4
2018-03-22,31,37,18,0.00,,
2018-03-23,34,39,29,0.01,,
2018-03-24,34,46,,0.00,,
2018-03-25,35,49,20,0.00,,
2018-03-26,40,49,27,0.00,,
2018-03-27,31,42,,0.00,,
2018-03-28,30,40,19,0.00,,
2018-03-29,31,,26,0.00,,
2018-03-30,39,51,,0.15,,0.8
2018-03-31,40,51,27,0.00,,
2018-04-01,41,44,,0.43,,
2018-04-02,34,40,,1.25,,1.6
2018-04-03,41,54,24,0.03,,0.8
2018-04-04,53,69,32,0.01,,
2018-04-05,56,66,42,0.00,,
2018-04-06,46,58,,0.00,,
2018-04-07,42,57,26,0.00,,
2018-04-08,57,70,36,0.00,,
2018-04-09,62,78,49,0.00,,
2018-04-10,60,73,42,0.00,,
2018-04-11,46,65,,0.00,,
2018-04-12,51,63,41,0.00,,
2018-04-13,57,70,43,0.00,,
2018-04-14,60,73,,0.00,,
2018-04-15,57,71,39,0.00,,
2018-04-16,62,74,50,0.00,,
2018-04-17,55,64,,0.00,,
2018-04-18,52,61,42,0.08,,
2018-04-19,56,66,,0.00,,
2018-04-20,53,67,39,0.00,,
2018-04-21,58,71,,0.00,,
2018-04-22,52,64,40,0.00,,
2018-04-23,53,66,33,0.00,,
2018-04-24,56,62,51,0.02,,
2018-04-25,53,66,46,0.00,,
2018-04-26,50,59,44,0.17,,
2018-04-27,47,57,,0.00,,
2018-04-28,53,69,34,0.00,,
2018-04-29,64,79,45,0.04,,
2018-04-30,67,82,51,0.00,,
2018-05-01,64,78,,0.00,,
2018-05-02,61,70,51,0.00,,
2018-05-03,67,83,54,0.00,,
2018-05-04,61,71,,0.00,,
2018-05-05,55,64,45,0.00,,
2018-05-06,57,68,44,0.00,,
2018-05-07,58,72,39,0.00,,
2018-05-08,62,76,43,0.00,,
2018-05-09,66,79,49,0.00,,
2018-05-10,68,80,51,0.00,,
2018-05-11,63,74,,0.00,,
2018-05-12,59,73,42,0.00,,
2018-05-13,62,79,43,0.00,,
2018-05-14,57,68,43,0.16,,
2018-05-15,57,68,48,0.02,,
2018-05-16,60,69,49,0.08,,
2018-05-17,56,61,,0.23,,
2018-05-18,59,67,53,0.12,,
2018-05-19,58,67,,0.00,,
2018-05-20,56,67,41,0.00,,
2018-05-21,57,68,41,0.00,,
2018-05-22,60,70,45,0.05,,
2018-05-23,61,71,49,0.57,,
2018-05-24,63,75,50,0.00,,
2018-05-25,64,76,49,0.00,,
2018-05-26,69,80,58,0.00,,
2018-05-27,66,80,51,0.00,,
2018-05-28,67,81,51,0.00,,
2018-05-29,68,83,50,0.00,,
2018-05-30,71,85,51,0.00,,
2018-05-31,72,84,56,0.00,,
2018-06-01,67,79,54,0.00,,
2018-06-02,61,71,,0.00,,
2018-06-03,68,82,49,0.06,,
2018-06-04,70,83,52,0.00,,
2018-06-05,61,76,,0.00,,
2018-06-06,51,63,,0.00,,
2018-06-07,57,72,36,0.00,,
2018-06-08,63,80,42,0.00,,
2018-06-09,70,83,48,0.00,,
2018-06-10,72,85,53,0.00,,
2018-06-11,67,76,61,0.04,,
2018-06-12,65,74,55,0.00,,
2018-06-13,63,71,52,0.00,,
2018-06-14,65,74,59,0.00,,
2018-06-15,67,79,,0.00,,
2018-06-16,68,80,51,0.00,,
2018-06-17,68,82,52,0.00,,
2018-06-18,72,81,57,0.00,,
2018-06-19,71,81,57,0.00,,
2018-06-20,68,80,,0.00,,
2018-06-21,72,87,52,0.00,,
2018-06-22,58,82,,0.15,,
2018-06-23,55,67,46,0.00,,
2018-06-24,54,61,49,0.42,,
2018-06-25,54,62,49,0.06,,
2018-06-26,60,69,51,0.13,,
2018-06-27,69,80,56,0.01,,
2018-06-28,71,80,,0.00,,
2018-06-29,71,85,54,0.00,,
2018-06-30,59,72,53,0.00,,
2018-07-01,54,61,52,0.00,,
2018-07-02,52,54,50,0.33,,
2018-07-03,55,59,51,0.86,,
2018-07-04,63,76,53,0.04,,
2018-07-05,71,84,57,0.00,,
2018-07-06,65,77,58,0.00,,
2018-07-07,66,76,57,0.00,,
2018-07-08,67,78,55,0.00,,
2018-07-09,65,76,54,0.00,,
2018-07-10,67,80,54,0.00,,
2018-07-11,70,82,54,0.00,,
2018-07-12,66,74,,0.00,,
2018-07-13,62,72,52,0.89,,
2018-07-14,63,66,58,0.01,,
2018-07-15,66,73,62,0.80,,
2018-07-16,66,71,61,0.97,,
2018-07-17,68,72,64,0.48,,
2018-07-18,74,85,65,0.68,,
2018-07-19,74,84,62,0.02,,
2018-07-20,69,81,65,0.00,,
2018-07-21,69,79,,0.13,,
2018-07-22,72,82,56,0.00,,
2018-07-23,72,83,63,0.00,,
2018-07-24,71,80,65,0.08,,
2018-07-25,71,81,61,0.00,,
2018-07-26,70,81,60,0.39,,
2018-07-27,72,80,63,0.01,,
2018-07-28,73,83,66,0.00,,
2018-07-29,75,86,67,0.00,,
2018-07-30,76,85,64,0.00,,
2018-07-31,74,88,,0.00,,
2018-08-01,74,86,62,0.01,,
2018-08-02,73,87,61,0.00,,
2018-08-03,74,87,62,0.00,,
2018-08-04,72,84,,0.00,,
2018-08-05,70,81,60,0.00,,
2018-08-06,66,76,58,0.00,,
2018-08-07,66,79,52,0.00,,
2018-08-08,71,85,55,0.00,,
2018-08-09,74,87,56,0.00,,
2018-08-10,75,87,64,0.00,,
2018-08-11,65,72,,0.19,,
2018-08-12,61,71,,0.05,,
2018-08-13,66,82,49,0.00,,
2018-08-14,69,88,55,0.08,,
2018-08-15,67,78,,0.01,,
2018-08-16,64,75,,0.00,,
2018-08-17,65,80,52,0.00,,
2018-08-18,69,83,53,0.00,,
2018-08-19,69,81,60,0.00,,
2018-08-20,73,86,57,0.00,,
2018-08-21,65,78,,0.00,,
2018-08-22,60,74,46,0.00,,
2018-08-23,67,81,45,0.00,,
2018-08-24,71,87,62,0.28,,
2018-08-25,62,69,,0.06,,
2018-08-26,55,62,51,0.32,,
2018-08-27,57,67,,0.04,,
2018-08-28,60,71,45,0.00,,
2018-08-29,60,71,,0.00,,
2018-08-30,60,74,45,0.00,,
2018-08-31,61,73,,0.00,,
2018-09-01,61,75,46,0.02,,
2018-09-02,66,78,52,0.00,,
2018-09-03,66,77,,0.00,,
2018-09-04,64,78,53,1.02,,
2018-09-05,62,72,54,0.01,,
2018-09-06,65,78,,0.02,,
2018-09-07,62,72,52,0.00,,
2018-09-08,63,74,54,0.00,,
2018-09-09,63,74,52,0.00,,
2018-09-10,63,75,50,0.00,,
2018-09-11,63,74,49,0.00,,
2018-09-12,69,80,60,0.00,,
2018-09-13,62,70,56,0.00,,
2018-09-14,57,65,,0.09,,
2018-09-15,58,66,49,0.00,,
2018-09-16,55,64,,0.00,,
2018-09-18,65,77,54,,,
2018-09-19,67,81,55,0.00,,
2018-09-20,67,83,51,0.00,,
2018-09-21,65,79,52,0.00,,
2018-09-22,55,66,,0.08,,
2018-09-23,49,55,42,0.00,,
2018-09-24,48,54,,1.05,,
2018-09-25,45,54,,0.05,,
2018-09-26,45,54,32,0.01,,
2018-09-27,56,62,44,0.28,,
2018-09-28,53,60,,0.00,,
2018-09-29,43,55,,0.00,,
2018-09-30,44,57,33,0.00,,
2018-10-01,46,60,32,0.00,,
2018-10-02,47,56,37,0.00,,
2018-10-03,47,53,42,0.08,,
2018-10-04,46,55,,0.03,,
2018-10-05,48,57,38,0.00,,
2018-10-06,49,65,37,0.00,,
2018-10-07,56,65,44,0.00,,
2018-10-08,46,59,,0.00,,
2018-10-09,43,58,33,0.00,,
2018-10-10,48,65,34,0.00,,
2018-10-11,50,67,37,0.00,,
2018-10-12,54,67,43,0.00,,
2018-10-13,51,69,40,0.00,,
2018-10-14,51,69,40,0.00,,
2018-10-15,48,67,36,0.00,,
2018-10-16,48,67,37,0.00,,
2018-10-17,48,70,33,0.00,,
2018-10-18,49,70,35,0.00,,
2018-10-19,49,54,40,0.00,,
2018-10-20,44,53,,0.00,,
2018-10-21,42,49,33,0.00,,
2018-10-22,45,53,38,0.02,,
2018-10-23,42,45,39,0.05,,
2018-10-24,42,45,40,0.70,,
2018-10-25,41,46,36,0.07,,
2018-10-26,44,49,41,0.17,,
2018-10-27,46,51,40,0.03,,
2018-10-28,40,46,,0.00,,
2018-10-29,41,,36,0.39,,
2018-10-30,56,65,44,0.06,,
2018-10-31,52,64,,0.00,,
2018-11-01,50,57,38,0.00,,
2018-11-02,54,62,,0.00,,
2018-11-03,51,55,,0.00,,
2018-11-04,48,,46,0.15,,
2018-11-05,49,52,44,0.01,,
2018-11-06,48,53,44,0.00,,
2018-11-07,47,53,,0.00,,
2018-11-08,38,47,,0.00,,
2018-11-09,41,46,31,0.00,,
2018-11-10,42,46,38,0.00,,
2018-11-11,41,,37,0.00,,
2018-11-12,42,45,40,0.00,,
2018-11-13,44,,41,0.00,,
2018-11-14,46,49,,0.42,,
2018-11-15,44,47,,0.19,,
2018-11-16,33,43,27,0.00,,
2018-11-17,28,39,20,0.00,,
2018-11-18,33,38,21,0.00,,
2018-11-19,37,38,,0.06,,
2018-11-20,35,37,,0.00,,
2018-11-21,31,35,,0.00,,
2018-11-22,27,31,23,0.00,,
2018-11-23,24,26,22,0.00,,
2018-11-24,29,,23,0.00,,
2018-11-25,33,35,31,0.00,,
2018-11-26,29,34,,0.00,,
2018-11-27,29,35,19,0.00,,
2018-11-28,26,31,23,0.00,,0.4
2018-11-29,22,26,,0.00,,
2018-11-30,19,27,,0.00,,
2018-12-01,13,21,5,0.00,,
2018-12-02,24,31,7,0.00,,
2018-12-03,35,,27,0.04,,0.4
2018-12-04,39,41,,0.19,,
2018-12-05,33,41,,0.17,,
2018-12-06,28,32,26,0.00,,
2018-12-07,32,,27,0.06,,0.8
2018-12-08,38,44,34,0.47,,
2018-12-09,36,,33,0.20,,
2018-12-10,38,41,,0.26,,
2018-12-11,34,36,32,0.06,,
2018-12-12,32,34,31,0.00,,
2018-12-13,31,33,31,0.02,,
2018-12-14,32,33,30,0.02,,0.4
2018-12-15,31,32,,0.00,,0.4
2018-12-16,28,31,27,0.06,,0.8
2018-12-17,28,29,27,0.14,,3.5
2018-12-18,27,30,,0.02,,3.5
2018-12-19,25,27,18,0.00,,2.8
2018-12-20,21,25,19,0.00,,2.8
2018-12-21,29,34,21,0.11,,3.9
2018-12-22,35,40,,0.19,,3.1
2018-12-23,32,37,,0.20,,2.8
2018-12-24,29,31,27,0.11,,3.9
2018-12-25,30,,28,0.07,,5.5
2018-12-26,37,38,30,0.01,,3.1
2018-12-27,38,,33,0.00,,1.2
2018-12-28,39,43,36,0.42,,
2018-12-29,36,38,35,0.07,,
2018-12-30,38,40,35,0.01,,
2018-12-31,33,39,,0.17,,
2019-01-01,36,41,31,0.01,,
2019-01-02,32,39,,0.29,,1.2
2019-01-03,25,30,23,0.03,,1.6
2019-01-04,26,,24,0.01,,1.6
2019-01-05,29,33,,0.18,,5.1
2019-01-06,22,27,,0.02,,3.1
2019-01-07,20,,17,0.00,,3.1
2019-01-08,22,,17,0.04,,3.9
2019-01-09,20,25,,0.05,,5.1
2019-01-10,11,17,8,0.01,,5.5
2019-01-11,13,,8,0.00,,5.9
2019-01-12,31,34,17,0.17,,7.5
2019-01-13,33,35,30,0.00,,5.9
2019-01-14,31,36,,0.28,,3.9
2019-01-15,29,33,26,0.12,,5.9
2019-01-16,31,,26,0.50,,12.2
2019-01-17,36,37,33,0.00,,9.1
2019-01-18,33,37,,0.02,,5.5
2019-01-19,27,30,23,0.02,,5.1
2019-01-20,27,29,26,0.00,,5.1
2019-01-21,24,28,20,0.00,,4.3
2019-01-22,21,31,,0.00,,4.7
2019-01-23,16,23,9,0.00,,4.7
2019-01-24,18,24,,0.00,,4.7
2019-01-25,19,20,15,0.00,,5.1
2019-01-26,17,23,,0.17,,7.5
2019-01-27,20,24,5,0.02,,7.9
2019-01-28,25,29,22,0.00,,7.5
2019-01-29,31,35,23,0.14,,9.8
2019-01-30,30,34,26,0.00,,7.9
2019-01-31,31,33,30,0.00,,7.9
2019-02-01,33,34,31,0.06,,7.9
2019-02-02,37,40,33,0.01,,7.5
2019-02-03,37,41,32,0.00,,5.9
2019-02-04,32,37,,0.09,,5.1
2019-02-05,31,32,29,0.07,,4.7
2019-02-06,33,36,30,0.01,,4.7
2019-02-07,34,40,29,0.00,,4.3
2019-02-08,33,39,,0.00,,4.3
2019-02-09,34,38,27,0.01,,3.9
2019-02-10,39,44,34,0.00,,3.5
2019-02-11,38,41,35,0.02,,3.1
2019-02-12,33,37,,0.13,,2.4
2019-02-13,33,,29,0.00,,2.4
2019-02-14,39,44,36,0.07,,2.0
2019-02-15,39,41,,0.00,,
2019-02-16,35,39,,0.00,,
2019-02-17,40,45,32,0.00,,
2019-02-18,37,44,,0.00,,
2019-02-19,41,52,31,0.00,,
2019-02-20,39,46,,0.02,,
2019-02-21,32,38,,0.02,,
2019-02-22,26,33,20,0.00,,
2019-02-23,26,31,15,0.00,,
2019-02-24,33,39,28,0.00,,
2019-02-25,36,46,31,0.00,,
2019-02-26,40,47,33,0.00,,
2019-02-27,40,48,32,0.00,,
2019-02-28,41,47,,0.00,,
2019-03-01,31,41,,0.00,,
2019-03-02,26,32,22,0.00,,
2019-03-03,35,,22,0.04,,
2019-03-04,49,56,42,0.15,,
2019-03-05,45,54,,0.05,,
2019-03-06,36,44,31,0.04,,
2019-03-07,44,50,31,0.00,,
2019-03-08,48,56,,0.04,,
2019-03-09,40,50,34,0.00,,
2019-03-10,38,42,33,0.45,,0.8
2019-03-11,34,40,,0.18,,0.8
2019-03-12,31,37,26,0.00,,
2019-03-13,32,42,26,0.00,,
2019-03-14,37,45,31,0.00,,0.4
2019-03-15,38,41,31,0.09,,
2019-03-16,38,43,,0.24,,
2019-03-17,40,50,30,0.19,,
2019-03-18,42,50,37,0.18,,
2019-03-19,38,44,,0.00,,
2019-03-20,38,46,26,0.00,,
2019-03-21,48,54,40,0.00,,
2019-03-22,47,54,,0.02,,
2019-03-23,42,55,25,0.00,,
2019-03-24,41,48,,0.03,,
2019-03-25,39,48,30,0.00,,
2019-03-26,35,41,31,0.08,,
2019-03-27,36,43,28,0.01,,0.8
2019-03-28,38,44,,0.03,,
2019-03-29,44,56,26,0.00,,
2019-03-30,49,60,,0.00,,
2019-03-31,47,63,,0.00,,
2019-04-01,38,48,,0.00,,
2019-04-02,40,53,24,0.00,,
2019-04-03,44,55,33,0.00,,
2019-04-04,47,58,35,0.00,,
2019-04-05,50,62,40,0.00,,
2019-04-06,49,61,,0.00,,
2019-04-07,44,56,,0.00,,
2019-04-08,49,64,29,0.00,,
2019-04-09,39,55,,0.00,,
2019-04-10,34,43,26,0.00,,
2019-04-11,38,47,27,0.00,,
2019-04-12,37,44,31,0.00,,
2019-04-13,39,49,30,0.00,,
2019-04-14,42,52,30,0.00,,
2019-04-15,41,52,24,0.00,,
2019-04-16,39,54,24,0.00,,
2019-04-17,50,65,32,0.00,,
2019-04-18,54,67,32,0.00,,
2019-04-19,52,67,33,0.00,,
2019-04-20,52,64,33,0.00,,
2019-04-21,47,55,,0.01,,
2019-04-22,51,64,,0.15,,
2019-04-23,54,67,33,0.00,,
2019-04-24,57,67,46,0.00,,
2019-04-25,62,76,50,0.00,,
2019-04-26,66,80,51,0.00,,
2019-04-27,62,77,49,0.00,,
2019-04-28,57,63,53,0.00,,
2019-04-29,58,68,,0.00,,
2019-04-30,52,66,,0.00,,
2019-05-01,50,65,34,0.04,,
2019-05-02,49,54,44,0.00,,
2019-05-03,45,55,,0.00,,
2019-05-04,46,56,33,0.01,,
2019-05-05,44,51,34,0.00,,
2019-05-06,48,57,36,0.00,,
2019-05-07,47,57,,0.00,,
2019-05-08,44,58,27,0.00,,
2019-05-09,50,64,29,0.00,,
2019-05-10,50,60,38,0.00,,
2019-05-11,53,66,,0.00,,
2019-05-12,58,70,38,0.00,,
2019-05-13,49,64,,0.00,,
2019-05-14,47,51,44,0.00,,
2019-05-15,53,58,48,0.09,,
2019-05-16,59,66,55,0.55,,
2019-05-17,61,69,,0.16,,
2019-05-18,64,74,54,0.19,,
2019-05-19,65,72,59,0.44,,
2019-05-20,69,80,,0.00,,
2019-05-21,64,74,,0.35,,
2019-05-22,60,68,53,0.46,,
2019-05-23,63,75,49,0.00,,
2019-05-24,59,69,,0.10,,
2019-05-25,60,71,47,0.00,,
2019-05-26,56,65,42,0.00,,
2019-05-27,66,77,54,0.00,,
2019-05-28,63,75,56,0.20,,
2019-05-29,55,65,,1.29,,
2019-05-30,54,67,42,0.06,,
2019-05-31,60,71,40,0.00,,
2019-06-01,61,71,,0.00,,
2019-06-02,66,78,,0.00,,
2019-06-03,63,77,46,0.00,,
2019-06-04,69,83,51,0.00,,
2019-06-05,72,82,57,0.02,,
2019-06-06,71,79,,0.00,,
2019-06-07,68,81,56,0.20,,
2019-06-08,71,82,62,0.00,,
2019-06-09,65,75,,0.39,,
2019-06-10,70,83,49,0.00,,
2019-06-11,76,88,63,0.00,,
2019-06-12,76,89,60,0.00,,
2019-06-13,77,90,61,0.00,,
2019-06-14,73,83,65,0.16,,
2019-06-15,76,85,64,0.00,,
2019-06-16,72,81,63,0.35,,
2019-06-17,65,75,,0.00,,
2019-06-18,67,78,55,0.00,,
2019-06-19,71,82,56,0.00,,
2019-06-20,72,85,61,0.00,,
2019-06-21,70,79,64,0.05,,
2019-06-22,67,75,,0.81,,
2019-06-23,68,78,55,0.00,,
2019-06-24,67,81,52,0.00,,
2019-06-25,69,83,52,0.00,,
2019-06-26,78,90,60,0.00,,
2019-06-27,68,81,,0.00,,
2019-06-28,61,71,51,0.00,,
2019-06-29,62,74,49,0.00,,
2019-06-30,72,88,53,0.00,,
2019-07-01,71,85,,0.04,,
2019-07-02,65,74,,0.00,,
2019-07-03,58,66,,0.00,,
2019-07-04,57,66,46,0.00,,
2019-07-05,56,65,,0.00,,
2019-07-06,59,69,43,0.22,,
2019-07-07,61,70,,0.03,,
2019-07-08,56,66,,0.00,,
2019-07-09,56,60,51,0.38,,
2019-07-10,57,62,54,0.81,,
2019-07-11,59,66,,0.03,,
2019-07-12,61,71,,0.00,,
2019-07-13,61,73,47,0.55,,
2019-07-14,61,70,52,0.02,,
2019-07-15,61,73,47,0.00,,
2019-07-16,59,70,46,0.01,,
2019-07-17,57,67,52,0.04,,
2019-07-18,62,72,,0.15,,
2019-07-19,63,77,48,0.00,,
2019-07-20,65,79,52,0.00,,
2019-07-21,70,83,53,0.00,,
2019-07-22,67,74,,0.43,,
2019-07-23,64,75,50,0.00,,
2019-07-24,68,79,53,0.00,,
2019-07-25,71,82,57,0.00,,
2019-07-26,66,76,61,0.00,,
2019-07-27,68,78,59,0.10,,
2019-07-28,75,85,64,0.02,,
2019-07-29,73,86,66,1.51,,
2019-07-30,70,78,,0.00,,
2019-07-31,61,73,,0.11,,
2019-08-01,60,69,47,0.00,,
2019-08-02,58,65,,0.00,,
2019-08-03,62,71,47,0.00,,
2019-08-04,61,70,53,0.00,,
2019-08-05,60,72,,0.00,,
2019-08-06,65,78,50,0.00,,
2019-08-07,65,75,57,0.56,,
2019-08-08,65,73,,0.05,,
2019-08-09,62,73,54,0.04,,
2019-08-10,63,69,49,0.00,,
2019-08-11,69,80,,0.00,,
2019-08-12,71,83,56,0.00,,
2019-08-13,66,74,,0.13,,
2019-08-14,58,64,,0.00,,
2019-08-15,58,70,46,0.20,,
2019-08-16,60,74,45,0.00,,
2019-08-17,62,77,47,0.00,,
2019-08-18,67,80,53,0.00,,
2019-08-19,73,85,61,0.00,,
2019-08-20,68,77,63,0.21,,
2019-08-21,59,70,,1.69,,
2019-08-22,59,70,48,0.00,,
2019-08-23,60,74,46,0.00,,
2019-08-24,62,78,47,0.00,,
2019-08-25,64,78,50,0.00,,
2019-08-26,66,81,52,0.00,,
2019-08-27,68,82,54,0.00,,
2019-08-28,71,83,54,0.00,,
2019-08-29,72,87,60,0.00,,
2019-08-30,71,82,61,0.00,,
2019-08-31,64,77,53,0.00,,
2019-09-01,66,82,51,0.00,,
2019-09-02,65,75,58,0.04,,
2019-09-03,57,66,,0.07,,
2019-09-04,58,71,46,0.00,,
2019-09-05,60,74,47,0.00,,
2019-09-06,58,69,,0.00,,
2019-09-07,60,73,42,0.00,,
2019-09-08,64,74,,0.00,,
2019-09-09,68,81,52,0.00,,
2019-09-10,60,70,,0.01,,
2019-09-11,58,73,45,0.00,,
2019-09-12,61,75,45,0.00,,
2019-09-13,60,71,50,0.12,,
2019-09-14,53,65,,0.00,,
2019-09-15,57,65,41,0.00,,
2019-09-16,57,65,,0.00,,
2019-09-17,49,58,44,0.00,,
2019-09-18,47,55,43,0.33,,
2019-09-19,47,55,42,0.10,,
2019-09-20,45,54,,0.12,,
2019-09-21,52,58,34,0.01,,
2019-09-22,55,62,,0.01,,
2019-09-23,45,55,,0.00,,
2019-09-24,43,58,30,0.00,,
2019-09-25,50,61,34,0.00,,
2019-09-26,51,60,,0.00,,
2019-09-27,51,63,38,0.00,,
2019-09-28,54,61,,0.18,,
2019-09-29,55,63,47,0.29,,
2019-09-30,56,61,53,0.37,,
2019-10-01,54,,49,0.52,,
2019-10-02,56,62,,0.02,,
2019-10-03,46,57,,0.13,,
2019-10-04,44,52,37,0.00,,
2019-10-05,44,50,40,0.00,,
2019-10-06,37,44,31,0.00,,
2019-10-07,37,45,,0.00,,
2019-10-08,41,47,31,0.02,,
2019-10-09,50,59,42,0.11,,
2019-10-10,49,54,45,0.45,,
2019-10-11,50,56,43,0.16,,
2019-10-12,58,65,52,0.00,,
2019-10-13,59,69,52,0.00,,
2019-10-14,59,71,,0.00,,
2019-10-15,60,72,47,0.00,,
2019-10-16,59,70,50,0.00,,
2019-10-17,54,62,49,0.00,,
2019-10-18,53,68,42,0.00,,
2019-10-19,53,66,44,0.00,,
2019-10-20,52,69,41,0.00,,
2019-10-21,53,70,41,0.00,,
2019-10-22,54,69,43,0.00,,
2019-10-23,50,60,,0.00,,
2019-10-24,52,61,40,0.00,,
2019-10-25,53,62,46,0.00,,
2019-10-26,55,62,49,0.00,,
2019-10-27,54,65,,0.02,,
2019-10-28,44,50,39,0.00,,
2019-10-29,39,46,,0.02,,
2019-10-30,36,44,,0.00,,
2019-10-31,33,39,24,0.00,,
2019-11-01,36,45,30,0.00,,
2019-11-02,41,47,30,0.00,,
2019-11-03,51,,43,0.03,,
2019-11-04,55,61,50,0.00,,
2019-11-05,49,56,,0.18,,
2019-11-06,47,49,41,0.01,,
2019-11-07,42,49,,0.00,,
2019-11-08,45,48,35,0.00,,
2019-11-09,48,52,44,0.06,,
2019-11-10,46,52,,0.04,,
2019-11-11,42,44,,0.28,,
2019-11-12,43,48,31,0.04,,
2019-11-13,52,56,46,0.06,,
2019-11-14,46,54,42,0.02,,
2019-11-15,44,46,42,0.02,,
2019-11-16,46,50,43,0.04,,
2019-11-17,45,48,39,0.00,,
2019-11-18,47,50,,0.00,,
2019-11-19,43,47,,0.00,,
2019-11-20,44,45,41,0.00,,
2019-11-21,39,45,,0.00,,
2019-11-22,31,38,,0.00,,
2019-11-23,27,29,25,0.00,,
2019-11-24,28,31,,0.00,,
2019-11-25,29,,25,0.00,,
2019-11-26,31,33,29,0.00,,
2019-11-27,34,,32,0.00,,
2019-11-28,39,,35,0.00,,
2019-11-29,43,48,,0.00,,
2019-11-30,34,41,,0.01,,
2019-12-01,30,32,27,0.00,,
2019-12-02,33,35,29,0.02,,
2019-12-03,30,36,,0.00,,0.4
2019-12-04,35,,26,0.00,,0.4
2019-12-05,33,39,30,0.03,,
2019-12-06,31,36,27,0.00,,
2019-12-07,36,,31,0.02,,
2019-12-08,42,44,40,0.01,,
2019-12-09,42,45,,0.00,,
2019-12-10,36,41,,0.00,,
2019-12-11,27,36,24,0.00,,
2019-12-12,33,,26,0.02,,0.4
2019-12-13,36,38,34,0.00,,
2019-12-14,37,,35,0.01,,
2019-12-15,39,,35,0.24,,
2019-12-16,39,43,36,0.00,,
2019-12-17,39,43,32,0.00,,
2019-12-18,43,51,36,0.00,,
2019-12-19,32,46,27,0.00,,
2019-12-20,39,45,30,0.00,,
2019-12-21,42,48,37,0.00,,
2019-12-22,42,46,38,0.13,,
2019-12-23,43,45,41,0.06,,
2019-12-24,42,44,,0.20,,
2019-12-25,39,41,,0.69,,
2019-12-26,37,38,36,0.00,,
2019-12-27,34,38,33,0.04,,
2019-12-28,31,34,,0.00,,
2019-12-29,28,30,22,0.00,,
2019-12-30,34,39,26,0.00,,0.4
2019-12-31,38,41,34,0.02,,
2020-01-01,34,40,33,0.13,,
2020-01-02,33,36,,0.00,,
2020-01-03,32,,26,0.00,,
2020-01-04,36,39,,0.08,,
2020-01-05,31,37,,0.11,,1.2
2020-01-06,30,,22,0.00,,0.8
2020-01-07,32,33,,0.02,,1.6
2020-01-08,34,,29,0.00,,1.2
2020-01-09,41,42,36,0.09,,
2020-01-10,43,,39,0.07,,
2020-01-11,40,47,,0.10,,
2020-01-12,37,40,,0.00,,
2020-01-13,38,41,34,0.01,,
2020-01-14,38,41,,0.13,,
2020-01-15,39,46,33,0.00,,
2020-01-16,37,44,,0.00,,
2020-01-17,29,37,26,0.00,,
2020-01-18,34,36,29,0.01,,
2020-01-19,35,37,32,0.00,,
2020-01-20,35,37,32,0.00,,
2020-01-21,35,39,31,0.00,,
2020-01-22,37,41,,0.01,,
2020-01-23,33,37,,0.04,,
2020-01-24,34,35,30,0.00,,
2020-01-25,36,37,34,0.02,,
2020-01-26,34,37,,0.00,,
2020-01-27,32,,30,0.00,,
2020-01-28,35,38,29,0.02,,
2020-01-29,35,39,,0.02,,
2020-01-30,36,39,33,0.05,,
2020-01-31,39,43,33,0.06,,
2020-02-01,45,49,40,0.41,,
2020-02-02,43,48,,0.65,,
2020-02-03,35,40,,0.00,,
2020-02-04,33,36,29,0.01,,0.4
2020-02-05,29,33,25,0.02,,
2020-02-06,34,40,25,0.00,,
2020-02-07,27,37,21,0.02,,
2020-02-08,31,38,24,0.00,,
2020-02-09,33,42,23,0.00,,
2020-02-10,39,44,34,0.11,,
2020-02-11,36,42,32,0.22,,
2020-02-12,36,38,33,0.13,,
2020-02-13,35,38,,0.09,,
2020-02-14,31,37,,0.00,,
2020-02-15,29,,20,0.00,,
2020-02-16,40,,30,0.00,,
2020-02-17,49,55,45,0.00,,
2020-02-18,42,48,,0.12,,
2020-02-19,38,45,,0.00,,
2020-02-20,37,41,,0.00,,
2020-02-21,33,37,28,0.00,,
2020-02-22,39,,30,0.07,,
2020-02-23,39,49,33,0.22,,0.4
2020-02-24,37,46,31,0.12,,
2020-02-25,39,46,30,0.00,,
2020-02-26,39,47,33,0.11,,
2020-02-27,34,38,30,0.05,,
2020-02-28,34,41,29,0.02,,0.4
2020-02-29,38,45,32,0.00,,
2020-03-01,43,51,38,0.01,,
2020-03-02,41,49,32,0.00,,
2020-03-03,46,56,35,0.18,,
2020-03-04,42,52,,0.02,,
2020-03-05,37,47,,0.21,,
2020-03-06,36,46,25,0.00,,
2020-03-07,43,51,38,0.05,,
2020-03-08,40,44,,0.11,,
2020-03-09,39,44,,0.00,,
2020-03-10,39,46,29,0.00,,
2020-03-11,43,50,,0.13,,
2020-03-12,43,55,31,0.15,,
2020-03-13,40,47,,0.00,,
2020-03-14,31,,,,,
2020-03-15,30,40,17,0.00,,
2020-03-16,39,51,27,,,
2020-03-17,38,48,,0.03,,
2020-03-18,47,59,29,0.00,,
2020-03-19,45,53,,0.02,,
2020-03-20,38,49,25,0.00,,
2020-03-21,34,42,,0.00,,
2020-03-22,30,37,24,0.00,,
2020-03-23,29,38,,0.00,,
2020-03-24,29,43,15,0.00,,
2020-03-25,32,47,17,0.00,,
2020-03-26,36,53,22,0.00,,
2020-03-27,42,59,26,0.00,,
2020-03-28,44,63,28,0.00,,
2020-03-29,40,58,29,0.00,,
2020-03-30,30,38,,0.01,,0.4
2020-03-31,31,41,20,0.00,,0.4
2020-04-01,36,43,26,0.01,,
2020-04-02,41,48,,0.00,,
2020-04-03,40,50,,0.00,,
2020-04-04,39,50,,0.00,,
2020-04-05,39,55,22,0.00,,
2020-04-06,45,62,25,0.00,,
2020-04-07,52,69,32,0.00,,
2020-04-08,47,63,32,0.00,,
2020-04-09,51,69,31,0.00,,
2020-04-10,43,54,32,0.00,,
2020-04-11,41,53,,0.00,,
2020-04-12,46,62,26,0.00,,
2020-04-13,45,63,,0.08,,
2020-04-14,37,46,27,0.00,,
2020-04-15,38,,30,0.00,,
2020-04-16,46,54,,0.02,,
2020-04-17,42,53,27,0.00,,
2020-04-18,40,50,26,0.00,,
2020-04-19,39,50,,0.00,,
2020-04-20,42,55,25,0.00,,
2020-04-21,45,58,31,0.00,,
2020-04-22,51,63,35,0.00,,
2020-04-23,49,63,34,0.00,,
2020-04-24,53,66,35,0.00,,
2020-04-25,49,56,,0.04,,
2020-04-26,44,54,35,0.00,,
2020-04-27,49,62,34,0.00,,
2020-04-28,59,73,39,0.00,,
2020-04-29,48,62,,0.02,,
2020-04-30,46,56,,0.06,,
2020-05-01,51,61,37,0.00,,
2020-05-02,54,66,,0.11,,
2020-05-03,52,63,39,0.00,,
2020-05-04,52,64,,0.00,,
2020-05-05,49,62,33,0.02,,
2020-05-06,47,,,0.37,,
2020-05-07,48,59,,0.00,,
2020-05-08,49,62,32,0.00,,
2020-05-09,54,67,37,0.00,,
2020-05-10,56,71,35,0.00,,
2020-05-11,61,78,,0.00,,
2020-05-12,39,53,32,0.36,,
2020-05-13,45,55,34,0.00,,
2020-05-14,46,56,,0.00,,
2020-05-15,47,59,29,0.00,,
2020-05-16,49,55,37,0.00,,
2020-05-17,50,60,39,0.04,,
2020-05-18,49,55,43,0.09,,
2020-05-19,52,58,,0.17,,
2020-05-20,49,58,,0.39,,
2020-05-21,47,57,35,0.00,,
2020-05-22,48,58,,0.00,,
2020-05-23,54,67,37,0.04,,
2020-05-24,51,58,,0.11,,
2020-05-25,51,61,,0.37,,
2020-05-26,56,69,41,0.03,,
2020-05-27,59,70,51,0.01,,
2020-05-28,57,69,44,0.00,,
2020-05-29,56,64,47,0.19,,
2020-05-30,53,60,47,0.07,,
2020-05-31,62,70,52,0.53,,
2020-06-01,56,67,49,0.00,,
2020-06-02,56,65,47,,,
2020-06-03,52,60,,0.03,,
2020-06-04,52,62,,0.12,,
2020-06-05,60,71,40,0.00,,
2020-06-06,64,73,,0.44,,
2020-06-07,70,81,55,0.00,,
2020-06-08,70,82,57,0.08,,
2020-06-09,63,69,57,0.43,,
2020-06-10,68,80,59,0.00,,
2020-06-11,71,83,61,0.68,,
2020-06-12,74,84,63,0.00,,
2020-06-13,67,78,,0.00,,
2020-06-14,58,65,,,,
2020-06-15,61,71,,0.00,,
2020-06-16,64,74,50,0.00,,
2020-06-17,69,83,58,0.39,,
2020-06-18,71,82,58,0.00,,
2020-06-19,69,81,60,0.07,,
2020-06-20,70,82,60,0.17,,
2020-06-21,70,80,62,0.01,,
2020-06-22,66,74,,0.00,,
2020-06-23,62,65,60,2.22,,
2020-06-24,70,80,,0.25,,
2020-06-25,70,81,57,0.00,,
2020-06-26,71,84,56,0.00,,
2020-06-27,69,79,60,0.28,,
2020-06-28,71,81,60,0.00,,
2020-06-29,70,78,,0.12,,
2020-06-30,65,73,,0.39,,
2020-07-01,67,77,55,0.00,,
2020-07-02,69,78,60,0.16,,
2020-07-03,67,77,,0.00,,
2020-07-04,66,76,54,0.00,,
2020-07-05,69,80,57,0.00,,
2020-07-06,68,79,,0.00,,
2020-07-07,58,66,,0.62,,
2020-07-08,56,64,45,0.00,,
2020-07-09,59,69,47,0.00,,
2020-07-10,68,80,56,0.00,,
2020-07-11,59,68,,0.49,,
2020-07-12,58,67,,0.14,,
2020-07-13,57,66,45,0.05,,
2020-07-14,58,68,,0.00,,
2020-07-15,62,75,45,0.00,,
2020-07-16,63,78,49,0.12,,
2020-07-17,64,77,,0.00,,
2020-07-18,68,81,53,0.00,,
2020-07-19,68,81,54,0.00,,
2020-07-20,70,82,53,0.00,,
2020-07-21,64,73,,0.10,,
2020-07-22,60,70,,0.00,,
2020-07-23,57,68,46,0.01,,
2020-07-24,60,73,43,0.01,,
2020-07-25,66,78,,0.00,,
2020-07-26,67,81,50,0.00,,
2020-07-27,68,83,53,0.00,,
2020-07-28,71,83,57,0.00,,
2020-07-29,67,75,,0.02,,
2020-07-30,62,72,,0.00,,
2020-07-31,59,66,48,0.00,,
2020-08-01,64,74,,0.00,,
2020-08-02,63,78,49,0.00,,
2020-08-03,68,81,50,0.00,,
2020-08-04,65,70,60,0.28,,
2020-08-05,66,74,59,0.00,,
2020-08-06,69,82,55,0.00,,
2020-08-07,72,86,58,0.00,,
2020-08-08,72,87,58,0.00,,
2020-08-09,72,86,60,0.00,,
2020-08-10,70,86,56,0.00,,
2020-08-11,69,79,,0.00,,
2020-08-12,64,75,48,0.00,,
2020-08-13,62,76,45,0.00,,
2020-08-14,64,80,48,0.00,,
2020-08-15,65,80,50,0.00,,
2020-08-16,67,84,49,0.00,,
2020-08-17,69,85,52,0.00,,
2020-08-18,67,79,,0.62,,
2020-08-19,66,76,58,0.18,,
2020-08-20,68,78,,0.00,,
2020-08-21,68,81,57,0.00,,
2020-08-22,72,88,56,0.00,,
2020-08-23,66,78,,0.60,,
2020-08-24,65,76,54,0.00,,
2020-08-25,60,71,,0.02,,
2020-08-26,59,74,47,0.20,,
2020-08-27,61,72,57,0.40,,
2020-08-28,59,65,,0.16,,
2020-08-29,61,67,52,0.02,,
2020-08-30,62,67,59,0.27,,
2020-08-31,61,70,,1.27,,
2020-09-01,56,59,49,0.00,,
2020-09-02,60,71,,0.06,,
2020-09-03,58,70,49,0.00,,
2020-09-04,60,72,48,0.08,,
2020-09-05,63,74,56,0.32,,
2020-09-06,59,67,,0.31,,
2020-09-07,54,64,46,0.00,,
2020-09-08,57,64,44,0.00,,
2020-09-09,62,70,56,0.00,,
2020-09-10,58,66,,0.00,,
2020-09-11,53,65,39,0.00,,
2020-09-12,57,70,42,0.00,,
2020-09-13,58,67,,0.00,,
2020-09-14,60,74,48,0.00,,
2020-09-15,61,79,47,0.00,,
2020-09-16,65,81,49,0.00,,
2020-09-17,57,67,,0.02,,
2020-09-18,51,62,,0.00,,
2020-09-19,49,65,35,0.00,,
2020-09-20,52,68,40,0.00,,
2020-09-21,54,72,40,0.00,,
2020-09-22,57,74,43,0.00,,
2020-09-23,59,76,46,0.00,,
2020-09-24,61,74,49,0.00,,
2020-09-25,64,76,52,0.00,,
2020-09-26,69,77,60,0.00,,
2020-09-27,59,72,,0.01,,
2020-09-28,50,62,41,0.13,,
2020-09-29,53,59,45,0.00,,
2020-09-30,55,60,50,0.00,,
2020-10-01,56,61,52,0.05,,
2020-10-02,56,58,54,0.01,,
2020-10-03,60,65,55,0.24,,
2020-10-04,63,73,,0.06,,
2020-10-05,58,68,47,0.00,,
2020-10-06,54,64,,0.26,,
2020-10-07,53,63,45,0.00,,
2020-10-08,49,58,,0.00,,
2020-10-09,52,62,40,0.01,,
2020-10-10,55,62,50,0.00,,
2020-10-11,52,57,,0.04,,
2020-10-12,47,51,39,0.29,,
2020-10-13,47,,44,1.13,,
2020-10-14,48,54,,0.90,,
2020-10-15,45,48,38,0.00,,
2020-10-16,45,48,41,0.02,,
2020-10-17,43,46,41,0.01,,
2020-10-18,42,47,,0.01,,
2020-10-19,40,46,36,0.07,,
2020-10-20,42,49,35,0.00,,
2020-10-21,47,51,43,0.01,,
2020-10-22,53,65,45,0.04,,
2020-10-23,52,57,45,0.00,,
2020-10-24,53,58,,0.19,,
2020-10-25,49,58,42,0.02,,
2020-10-26,53,56,49,0.00,,
2020-10-27,54,58,,0.00,,
2020-10-28,52,55,50,0.00,,
2020-10-29,49,55,43,0.00,,
2020-10-30,45,50,41,0.03,,
2020-10-31,45,49,,0.00,,
2020-11-01,43,48,36,0.00,,
2020-11-02,44,,38,0.00,,
2020-11-03,52,57,47,0.05,,
2020-11-04,47,52,,0.04,,
2020-11-05,41,47,36,0.10,,
2020-11-06,48,51,43,0.00,,
2020-11-07,48,51,,0.00,,
2020-11-08,42,47,35,0.00,,
2020-11-09,41,46,,0.00,,
2020-11-10,35,44,30,0.00,,
2020-11-11,40,43,30,0.00,,
2020-11-12,40,41,38,0.00,,
2020-11-13,40,,38,0.07,,
2020-11-14,43,45,40,0.02,,
2020-11-15,46,48,43,0.09,,
2020-11-16,46,,,0.01,,
2020-11-17,46,48,44,0.07,,
2020-11-18,47,,43,0.04,,
2020-11-19,46,50,41,0.02,,
2020-11-20,37,47,,0.08,,
2020-11-21,31,34,27,0.01,,
2020-11-22,38,,32,0.00,,
2020-11-23,41,43,39,0.03,,
2020-11-24,41,44,39,0.02,,
2020-11-25,37,45,,0.00,,
2020-11-26,31,,25,0.00,,
2020-11-27,39,43,35,0.00,,
2020-11-28,33,38,31,0.04,,
2020-11-29,32,,31,0.09,,
2020-11-30,31,33,30,0.02,,
2020-12-01,26,32,,0.00,,0.4
2020-12-02,23,,17,0.00,,
2020-12-03,30,32,25,0.00,,0.4
2020-12-04,36,,31,0.00,,
2020-12-05,42,45,39,0.00,,
2020-12-06,36,42,,0.00,,
2020-12-07,27,35,,0.00,,
2020-12-08,25,29,23,,,
2020-12-09,25,27,22,,,
2020-12-10,27,,25,0.01,,
2020-12-11,33,,27,0.09,,1.2
2020-12-12,30,36,,0.00,,
2020-12-13,29,29,27,0.06,,
2020-12-14,30,,29,0.01,,1.2
2020-12-15,31,,29,1.18,,
2020-12-16,35,,32,0.00,,0.8
2020-12-17,37,39,,,,
2020-12-18,38,39,36,0.01,,
2020-12-19,37,39,,0.01,,
2020-12-20,33,36,,0.00,,
2020-12-21,33,35,31,,,
2020-12-22,34,,,0.02,,
2020-12-23,40,44,34,0.56,,
2020-12-24,41,47,34,0.06,,
2020-12-25,35,42,,0.12,,
2020-12-26,32,35,,0.02,,
2020-12-27,29,33,26,0.03,,0.4
2020-12-28,37,,28,0.00,,0.4
2020-12-29,40,44,,0.04,,
2020-12-30,38,41,32,0.30,,
2020-12-31,34,38,,0.22,,
2021-01-01,32,34,,,,
2021-01-02,32,,29,,,
2021-01-03,34,35,32,0.11,,
2021-01-04,35,,33,0.00,,
2021-01-05,36,38,,0.12,,
2021-01-06,33,34,31,0.19,,
2021-01-07,35,36,32,0.05,,
2021-01-08,32,35,32,0.00,,
2021-01-09,30,33,,0.06,,
2021-01-10,28,,26,0.09,,2.8
2021-01-11,30,33,,0.00,,2.4
2021-01-12,28,,24,,,2.0
2021-01-13,30,31,,0.09,,
2021-01-14,24,30,,0.27,,
2021-01-15,14,22,8,0.01,,6.3
2021-01-16,9,15,1,0.00,,
2021-01-17,-4,12,,0.28,,13.0
2021-01-18,0,6,-14,,,
2021-01-19,6,,-8,,,9.8
2021-01-20,25,,11,0.05,,
2021-01-21,34,42,30,0.06,,7.5
2021-01-22,35,40,28,0.00,,7.1
2021-01-23,38,44,28,,,6.7
2021-01-24,35,43,,0.02,,
2021-01-25,32,36,30,0.21,,3.9
2021-01-26,32,32,,0.72,,0.4
2021-01-27,31,32,30,0.19,,
2021-01-28,29,32,,0.06,,16.5
2021-01-29,22,28,,0.08,,
2021-01-30,24,29,6,0.11,,18.1
2021-01-31,23,29,,0.02,,16.9
2021-02-01,15,26,5,,,
2021-02-02,26,,9,,,13.8
2021-02-03,33,34,32,0.04,,
2021-02-04,26,33,,0.33,,0.4
2021-02-05,15,26,4,0.06,,13.4
2021-02-06,9,16,,,,
2021-02-07,0,8,-10,,,
2021-02-08,11,,3,,,11.4
2021-02-09,16,20,,,,
2021-02-10,15,,14,,,
2021-02-13,28,30,10,,,
2021-02-14,30,33,28,0.02,,
2021-02-15,24,31,,0.02,,14.6
2021-02-16,23,28,20,0.00,,13.8
2021-02-17,18,30,,,,
2021-02-18,10,22,1,,,13.4
2021-02-19,10,,0,,,13.0
2021-02-20,34,37,31,,,
2021-02-21,33,40,,,,
2021-02-22,33,46,23,,,9.8
2021-02-23,35,47,22,,,9.4
2021-02-24,42,52,,,,
2021-02-25,43,56,30,,,6.7
2021-02-26,41,47,35,,,4.7
2021-02-27,39,45,,,,3.9
2021-02-28,35,39,32,,,3.1
2021-03-01,35,37,34,,,1.6
2021-03-02,37,41,34,,,
2021-03-03,34,40,31,,,
2021-03-04,33,37,30,,,
2021-03-05,29,36,22,,,
2021-03-06,30,36,25,,,
2021-03-07,33,36,,,,
2021-03-08,28,33,25,0.05,,
2021-03-09,24,33,13,0.08,,1.2
2021-03-10,24,35,12,0.00,,0.8
2021-03-11,27,35,15,,,
2021-03-12,37,44,30,0.11,,
2021-03-13,37,42,31,0.07,,
2021-03-14,42,48,37,0.06,,
2021-03-15,38,47,,0.03,,
2021-03-16,39,49,27,0.00,,
2021-03-17,35,43,,,,
2021-03-18,30,37,25,,,
2021-03-19,31,37,28,,,
2021-03-20,29,35,25,,,
2021-03-21,30,,26,,,
2021-03-22,34,41,23,,,0.4
2021-03-23,37,45,,,,
2021-03-24,36,47,22,,,
2021-03-25,38,46,,,,
2021-03-26,40,55,26,,,
2021-03-27,45,59,28,,,
2021-03-28,39,53,,0.07,,
2021-03-29,42,48,26,0.00,,
2021-03-30,49,53,45,0.06,,
2021-03-31,52,68,,0.00,,
2021-04-01,48,67,32,,,
2021-04-02,40,49,33,,,
2021-04-03,38,46,30,0.02,,
2021-04-04,38,47,31,0.04,,
2021-04-05,40,51,,0.00,,
2021-04-06,33,43,,0.05,,
2021-04-07,34,42,27,0.00,,
2021-04-08,36,46,29,,,
2021-04-09,41,50,29,,,
2021-04-10,48,58,35,,,
2021-04-11,57,68,42,,,
2021-04-12,53,64,,,,
2021-04-13,39,55,37,,,
2021-04-14,37,,35,0.39,,
2021-04-15,42,45,37,,,
2021-04-16,43,46,40,,,
2021-04-17,49,58,,,,
2021-04-18,50,66,35,0.00,,
2021-04-19,51,63,36,0.00,,
2021-04-20,49,62,36,,,
2021-04-21,52,63,40,,,
2021-04-22,43,54,,0.01,,
2021-04-23,38,48,,0.04,,
2021-04-24,38,,26,0.09,,
2021-04-25,37,46,26,0.00,,
2021-04-26,35,43,29,,,
2021-04-27,36,45,25,,,
2021-04-28,43,55,26,,,
2021-04-29,51,63,33,,,
2021-04-30,53,63,,0.00,,
2021-05-01,47,51,44,0.00,,
2021-05-02,48,53,,0.03,,
2021-05-03,41,49,35,0.63,,
2021-05-04,48,57,39,0.10,,
2021-05-05,50,60,,0.08,,
2021-05-06,47,56,41,0.60,,
2021-05-07,41,48,,0.04,,
2021-05-08,43,52,32,0.29,,
2021-05-09,49,63,29,0.00,,
2021-05-10,62,74,47,0.00,,
2021-05-11,65,77,50,,,
2021-05-12,63,75,46,,,
2021-05-13,53,63,40,,,
2021-05-14,58,68,49,,,
2021-05-15,55,63,,,,
2021-05-16,56,68,41,,,
2021-05-17,58,67,,,,
2021-05-18,59,67,47,,,
2021-05-19,54,62,49,,,
2021-05-20,55,65,,,,
2021-05-21,54,65,37,0.02,,
2021-05-22,54,65,,0.02,,
2021-05-23,52,63,,0.41,,
2021-05-24,55,65,41,0.09,,
2021-05-25,56,61,,0.02,,
2021-05-26,54,63,,0.45,,
2021-05-27,56,65,,0.00,,
2021-05-28,53,65,40,0.00,,
2021-05-29,52,61,42,,,
2021-05-30,55,63,,,,
2021-05-31,52,64,37,,,
2021-06-01,56,66,40,,,
2021-06-02,58,70,41,,,
2021-06-03,60,72,44,,,
2021-06-04,62,74,48,,,
2021-06-05,63,76,48,,,
2021-06-06,66,77,51,,,
2021-06-07,67,77,52,,,
2021-06-08,69,79,54,,,
2021-06-09,66,75,54,,,
2021-06-10,64,76,56,,,
2021-06-11,65,74,,,,
2021-06-12,62,75,49,,,
2021-06-13,56,62,50,0.27,,
2021-06-14,59,71,,0.34,,
2021-06-15,65,75,42,0.00,,
2021-06-16,63,74,,,,
2021-06-17,66,80,47,,,
2021-06-18,70,83,53,,,
2021-06-19,72,86,54,,,
2021-06-20,75,88,58,,,
2021-06-21,76,89,63,,,
2021-06-22,77,89,62,,,
2021-06-23,75,91,,,,
2021-06-24,72,83,62,,,
2021-06-25,71,81,63,0.47,,
2021-06-26,68,74,63,0.45,,
2021-06-27,66,76,,0.00,,
2021-06-28,67,78,54,,,
2021-06-29,68,81,54,,,
2021-06-30,72,84,55,,,
2021-07-01,69,80,60,0.11,,
2021-07-02,65,67,61,1.86,,
2021-07-03,69,78,,0.22,,
2021-07-04,66,75,61,0.02,,
2021-07-05,69,79,,0.39,,
2021-07-06,72,82,60,0.10,,
2021-07-07,74,85,61,0.00,,
2021-07-08,76,87,65,,,
2021-07-09,77,87,63,,,
2021-07-10,72,80,,,,
2021-07-11,72,81,60,,,
2021-07-12,76,88,,,,
2021-07-13,73,88,63,,,
2021-07-14,76,88,64,1.33,,
2021-07-15,75,89,,0.00,,
2021-07-16,77,89,64,0.43,,
2021-07-17,74,86,,0.00,,
2021-07-18,74,81,,0.00,,
2021-07-19,66,77,,0.00,,
2021-07-20,67,76,54,,,
2021-07-21,66,76,54,,,
2021-07-22,65,75,55,,,
2021-07-23,65,74,53,,,
2021-07-24,66,78,53,,,
2021-07-25,70,83,54,,,
2021-07-26,71,82,58,,,
2021-07-27,70,79,62,0.23,,
2021-07-28,74,85,62,0.00,,
2021-07-29,71,80,,0.04,,
2021-07-30,67,77,,0.01,,
2021-07-31,69,83,53,0.00,,
2021-08-01,67,79,60,,,
2021-08-02,62,69,,1.48,,
2021-08-03,61,72,,0.07,,
2021-08-04,59,72,50,0.00,,
2021-08-05,60,67,51,0.66,,
2021-08-06,60,63,,0.57,,
2021-08-07,62,73,,0.31,,
2021-08-08,63,72,54,0.00,,
2021-08-09,64,77,,0.00,,
2021-08-10,64,77,50,,,
2021-08-11,62,72,,0.08,,
2021-08-12,62,72,,,,
2021-08-13,63,77,49,,,
2021-08-14,67,82,53,,,
2021-08-15,66,80,53,,,
2021-08-16,68,82,53,,,
2021-08-17,60,71,,0.19,,
2021-08-18,58,66,52,0.07,,
2021-08-19,60,70,53,0.00,,
2021-08-20,63,72,,0.02,,
2021-08-21,61,69,,0.73,,
2021-08-22,59,69,47,0.00,,
2021-08-23,61,67,53,,,
2021-08-24,57,62,,,,
2021-08-25,53,61,45,,,
2021-08-26,54,,49,0.05,,
2021-08-27,58,65,55,0.14,,
2021-08-28,58,63,54,0.84,,
2021-08-29,58,65,51,0.13,,
2021-08-30,59,60,57,0.04,,
2021-08-31,59,66,,0.07,,
2021-09-01,58,63,,0.03,,
2021-09-02,54,62,,0.00,,
2021-09-03,55,70,,0.00,,
2021-09-04,50,60,,,,
2021-09-05,47,59,36,,,
2021-09-06,48,62,33,,,
2021-09-07,51,66,39,,,
2021-09-08,54,71,38,,,
2021-09-09,60,76,45,,,
2021-09-10,60,77,45,,,
2021-09-11,60,77,45,,,
2021-09-12,62,76,50,,,
2021-09-13,61,70,,,,
2021-09-14,59,64,53,,,
2021-09-15,60,71,54,,,
2021-09-16,59,65,53,,,
2021-09-17,59,63,,0.17,,
2021-09-18,45,57,43,1.24,,
2021-09-19,44,45,,0.43,,
2021-09-20,42,44,40,0.06,,
2021-09-21,45,48,42,,,
2021-09-22,45,48,41,,,
2021-09-23,50,56,40,,,
2021-09-24,53,58,47,0.39,,
2021-09-25,56,62,47,0.00,,
2021-09-26,52,64,,0.00,,
2021-09-27,49,60,39,,,
2021-09-28,49,58,37,,,
2021-09-29,51,59,44,,,
2021-09-30,48,51,42,,,
2021-10-01,49,57,,0.67,,
2021-10-02,51,54,42,0.09,,
2021-10-03,53,63,45,0.00,,
2021-10-04,53,61,44,,,
2021-10-05,56,65,47,,,
2021-10-06,53,62,,,,
2021-10-07,46,56,,,,
2021-10-08,41,57,29,,,
2021-10-09,40,56,28,,,
2021-10-10,39,55,28,,,
2021-10-11,40,55,28,,,
2021-10-12,38,52,30,,,
2021-10-13,42,50,30,0.01,,
2021-10-14,42,52,32,0.01,,
2021-10-15,50,55,44,0.01,,
2021-10-16,47,54,,0.01,,
2021-10-17,45,52,40,0.00,,
2021-10-18,42,52,,,,
2021-10-19,40,49,26,,,
2021-10-20,54,61,45,0.02,,
2021-10-21,55,61,,0.00,,
2021-10-22,46,57,,0.09,,
2021-10-23,41,47,,0.02,,
2021-10-24,38,47,,0.09,,
2021-10-25,38,52,26,0.00,,
2021-10-26,42,51,33,,,
2021-10-27,51,55,42,0.04,,
2021-10-28,53,56,,0.00,,
2021-10-29,49,62,40,,,
2021-10-30,49,61,38,,,
2021-10-31,47,61,,,,
2021-11-01,43,53,34,,,
2021-11-02,40,46,35,,,
2021-11-03,41,47,,0.01,,
2021-11-04,45,52,32,0.13,,
2021-11-05,46,52,,0.00,,
2021-11-06,46,47,44,0.02,,
2021-11-07,45,47,41,0.00,,
2021-11-08,42,47,,0.02,,
2021-11-09,32,40,29,0.04,,
2021-11-10,36,,29,0.00,,
2021-11-11,36,40,29,,,
2021-11-12,41,47,35,,,
2021-11-13,39,44,35,,,
2021-11-14,39,42,37,,,
2021-11-15,38,39,,,,
2021-11-16,39,41,36,,,
2021-11-17,34,41,32,,,
2021-11-18,42,45,33,,,
2021-11-19,50,,42,0.22,,
2021-11-20,49,55,45,0.01,,
2021-11-21,45,50,,0.04,,
2021-11-22,34,44,29,0.07,,
2021-11-23,34,38,29,0.02,,
2021-11-24,40,42,32,0.10,,
2021-11-25,38,41,31,0.02,,
2021-11-26,36,38,31,0.00,,
2021-11-27,33,35,33,0.29,,
2021-11-28,34,38,31,0.07,,
2021-11-29,35,37,32,0.31,,
2021-11-30,32,34,31,0.09,,
2021-12-01,30,,26,0.09,,
2021-12-02,39,43,31,0.11,,
2021-12-03,33,38,30,0.00,,
2021-12-04,29,34,28,0.00,,
2021-12-05,30,35,28,0.07,,1.2
2021-12-06,27,30,,0.07,,
2021-12-07,20,27,,2.36,,
2021-12-08,17,20,14,,,
2021-12-09,22,,18,1.97,,
2021-12-10,32,34,25,1.18,,
2021-12-11,33,36,32,0.10,,
2021-12-12,28,34,,0.00,,0.4
2021-12-13,27,28,,0.00,,
2021-12-14,26,,23,0.39,,
2021-12-15,35,,27,0.02,,
2021-12-16,42,44,36,0.01,,
2021-12-17,38,41,,0.01,,
2021-12-18,36,,35,0.00,,
2021-12-19,36,41,33,0.15,,
2021-12-20,28,34,,0.12,,
2021-12-21,20,25,,0.39,,
2021-12-22,14,25,,0.39,,
2021-12-23,23,,6,0.39,,
2021-12-24,27,,23,0.03,,
2021-12-25,21,31,,0.02,,1.6
2021-12-26,19,26,15,1.57,,
2021-12-27,15,20,9,1.57,,
2021-12-28,17,22,10,0.00,,1.6
2021-12-29,19,,14,,,1.2
2021-12-30,30,,20,0.00,,
2021-12-31,43,,35,0.03,,
2022-01-01,40,49,,0.43,,
2022-01-02,37,,30,,,
2022-01-03,44,48,,0.28,,
2022-01-04,41,43,39,0.09,,
2022-01-05,36,41,32,0.37,,
2022-01-06,33,36,,0.19,,
2022-01-07,26,31,22,0.06,,0.4
2022-01-08,25,28,19,0.39,,
2022-01-09,26,31,19,0.00,,0.4
2022-01-10,26,32,20,,,0.4
2022-01-11,24,29,,0.39,,
2022-01-12,17,,5,0.00,,0.4
2022-01-13,34,,24,0.01,,
2022-01-14,38,43,,0.03,,
2022-01-15,33,37,,0.15,,
2022-01-16,29,32,27,0.00,,
2022-01-17,34,38,30,0.01,,
2022-01-18,32,35,,0.07,,
2022-01-19,31,34,27,0.00,,
2022-01-20,30,34,26,0.01,,
2022-01-21,30,32,26,0.07,,
2022-01-22,28,30,26,0.07,,3.5
2022-01-23,22,30,,,,
2022-01-24,22,,7,0.00,,3.1
2022-01-25,34,,27,0.01,,
2022-01-26,34,36,32,0.03,,
2022-01-27,34,,32,0.07,,
2022-01-28,35,37,,0.17,,
2022-01-29,32,,27,0.04,,
2022-01-30,35,41,,0.21,,
2022-01-31,31,33,,0.16,,
2022-02-01,30,31,28,0.01,,
2022-02-02,31,34,,0.02,,
2022-02-03,29,32,24,0.07,,2.4
2022-02-04,33,,29,2.36,,
2022-02-05,36,38,33,0.01,,
2022-02-06,35,37,33,0.03,,
2022-02-07,36,38,34,0.19,,
2022-02-08,36,,32,0.02,,
2022-02-09,42,,36,0.12,,
2022-02-10,42,45,36,0.11,,
2022-02-11,37,42,,0.22,,
2022-02-12,32,38,,0.00,,
2022-02-13,31,41,24,,,
2022-02-14,34,45,26,,,
2022-02-15,36,44,28,,,
2022-02-16,42,49,33,0.00,,
2022-02-17,42,47,,0.18,,
2022-02-18,38,41,,0.19,,
2022-02-19,40,45,34,0.17,,
2022-02-20,37,40,33,0.08,,
2022-02-21,41,48,,0.06,,
2022-02-22,35,38,,0.09,,
2022-02-23,33,39,27,0.00,,
2022-02-24,36,44,28,0.16,,
2022-02-25,40,45,34,0.00,,
2022-02-26,35,44,,,,
2022-02-27,32,39,,,,
2022-02-28,28,39,19,,,
2022-03-01,28,41,16,,,
2022-03-02,31,43,20,,,
2022-03-03,31,36,26,,,
2022-03-04,33,37,25,,,
2022-03-05,31,34,,,,
2022-03-06,28,37,16,,,
2022-03-07,34,40,28,,,
2022-03-08,32,37,27,,,
2022-03-09,29,34,,0.06,,
2022-03-10,23,31,,0.01,,
2022-03-11,24,38,10,0.00,,
2022-03-12,31,40,16,,,
2022-03-13,33,42,,,,
2022-03-14,31,46,18,,,
2022-03-15,38,53,22,,,
2022-03-16,39,53,28,,,
2022-03-17,33,46,,,,
2022-03-18,31,45,18,,,
2022-03-19,32,48,17,,,
2022-03-20,36,53,19,,,
2022-03-21,39,57,22,,,
2022-03-22,42,61,24,,,
2022-03-23,46,64,26,,,
2022-03-24,42,54,31,,,
2022-03-25,45,60,27,,,
2022-03-26,44,55,,,,
2022-03-27,37,43,29,,,
2022-03-28,51,63,37,,,
2022-03-29,44,56,38,,,
2022-03-30,37,45,,,,
2022-03-31,35,43,29,,,
2022-04-01,33,37,,,,
2022-04-02,34,40,29,0.33,,0.4
2022-04-03,32,40,26,0.12,,4.7
2022-04-04,35,42,24,0.00,,3.1
2022-04-05,35,43,,0.04,,
2022-04-06,38,,30,0.24,,
2022-04-07,52,62,43,0.02,,
2022-04-08,44,56,,0.04,,
2022-04-09,40,50,,0.07,,
2022-04-10,39,47,,0.01,,
2022-04-11,37,50,26,0.00,,
2022-04-12,38,52,26,,,
2022-04-13,43,57,25,,,
2022-04-14,52,64,29,,,
2022-04-15,47,53,,,,
2022-04-16,40,46,34,0.06,,
2022-04-17,42,51,30,0.00,,
2022-04-18,40,52,26,0.00,,
2022-04-19,39,45,35,0.00,,
2022-04-20,45,47,39,0.80,,
2022-04-21,48,51,,0.02,,
2022-04-22,45,53,41,0.00,,
2022-04-23,45,52,,0.10,,
2022-04-24,45,52,38,0.05,,
2022-04-25,47,50,40,0.28,,
2022-04-26,47,52,,0.04,,
2022-04-27,49,59,35,0.00,,
2022-04-28,41,52,,0.02,,
2022-04-29,47,59,29,0.00,,
2022-04-30,50,58,42,0.00,,
2022-05-01,53,65,43,0.00,,
2022-05-02,51,62,,0.00,,
2022-05-03,50,59,35,0.00,,
2022-05-04,45,54,,0.00,,
2022-05-05,50,65,31,0.00,,
2022-05-06,52,60,42,0.00,,
2022-05-07,55,67,42,0.15,,
2022-05-08,56,65,,0.04,,
2022-05-09,48,59,,0.00,,
2022-05-10,51,66,32,0.00,,
2022-05-11,61,76,37,0.00,,
2022-05-12,60,74,,0.02,,
2022-05-13,55,66,41,0.00,,
2022-05-14,52,61,44,0.00,,
2022-05-15,54,64,,0.17,,
2022-05-16,53,64,39,0.00,,
2022-05-17,49,58,40,0.00,,
2022-05-18,49,62,36,0.00,,
2022-05-19,57,73,32,0.00,,
2022-05-20,63,80,45,0.00,,
2022-05-21,54,68,49,0.04,,
2022-05-22,49,53,47,0.28,,
2022-05-23,55,66,,0.14,,
2022-05-24,58,71,39,0.00,,
2022-05-25,59,74,49,0.00,,
2022-05-26,57,67,48,0.49,,
2022-05-27,53,61,,0.07,,
2022-05-28,48,56,43,0.02,,
2022-05-29,52,60,,0.13,,
2022-05-30,49,54,45,0.06,,
2022-05-31,54,66,43,0.55,,
2022-06-01,55,65,45,0.05,,
2022-06-02,54,64,45,0.48,,
2022-06-03,56,69,39,0.22,,
2022-06-04,63,75,44,0.00,,
2022-06-05,62,74,,0.00,,
2022-06-06,64,76,47,0.00,,
2022-06-07,67,80,53,0.00,,
2022-06-08,67,77,56,0.03,,
2022-06-09,71,83,57,0.01,,
2022-06-10,71,82,60,0.00,,
2022-06-11,63,72,,0.00,,
2022-06-12,64,77,48,0.00,,
2022-06-13,60,71,53,0.02,,
2022-06-14,54,61,,0.24,,
2022-06-15,57,69,,0.32,,
2022-06-16,60,72,44,0.19,,
2022-06-17,60,71,51,0.09,,
2022-06-18,64,74,47,0.00,,
2022-06-19,74,87,57,0.00,,
2022-06-20,65,80,62,0.00,,
2022-06-21,55,63,52,0.59,,
2022-06-22,62,72,,0.22,,
2022-06-23,64,75,50,0.00,,
2022-06-24,68,80,50,0.00,,
2022-06-25,71,82,54,0.00,,
2022-06-26,73,84,58,0.00,,
2022-06-27,74,85,59,0.00,,
2022-06-28,77,89,62,0.00,,
2022-06-29,76,85,66,0.00,,
2022-06-30,79,88,66,0.00,,
2022-07-01,79,88,69,0.00,,
2022-07-02,69,81,,0.16,,
2022-07-03,66,74,,0.01,,
2022-07-04,69,80,57,0.00,,
2022-07-05,69,78,58,0.00,,
2022-07-06,60,71,,1.50,,
2022-07-07,61,68,52,0.17,,
2022-07-08,63,72,55,0.00,,
2022-07-09,62,70,,0.12,,
2022-07-10,60,67,49,0.00,,
2022-07-11,59,68,53,0.00,,
2022-07-12,58,62,54,0.03,,
2022-07-13,62,70,58,1.88,,
2022-07-14,65,73,,0.20,,
2022-07-15,59,68,51,0.00,,
2022-07-16,57,69,,,,
2022-07-17,56,66,48,0.17,,
2022-07-18,61,69,49,0.17,,
2022-07-19,66,76,59,0.11,,
2022-07-20,67,78,,0.00,,
2022-07-21,69,82,53,0.00,,
2022-07-22,74,87,58,,,
2022-07-23,74,85,62,0.00,,
2022-07-24,65,77,,0.06,,
2022-07-25,65,76,56,0.02,,
2022-07-26,69,82,55,0.00,,
2022-07-27,62,71,,0.23,,
2022-07-28,61,71,49,0.00,,
2022-07-29,62,72,50,0.00,,
2022-07-30,66,74,51,,,
2022-07-31,62,70,,0.11,,
2022-08-01,61,73,,0.18,,
2022-08-02,64,76,50,0.00,,
2022-08-03,66,80,53,0.00,,
2022-08-04,67,80,51,0.00,,
2022-08-05,72,85,55,0.00,,
2022-08-06,65,80,,0.16,,
2022-08-07,59,70,49,0.00,,
2022-08-08,63,73,49,0.00,,
2022-08-09,64,,57,,,
2022-08-10,62,,52,,,
2022-08-11,65,77,49,0.00,,
2022-08-12,71,81,58,0.00,,
2022-08-13,73,82,64,0.00,,
2022-08-14,74,85,65,0.00,,
2022-08-15,74,85,64,0.00,,
2022-08-16,72,81,,0.01,,
2022-08-17,70,78,62,0.00,,
2022-08-18,73,86,60,0.00,,
2022-08-19,74,86,62,0.00,,
2022-08-20,70,82,62,0.00,,
2022-08-21,67,77,60,0.00,,
2022-08-22,69,78,58,0.00,,
2022-08-23,72,85,,0.00,,
2022-08-24,73,87,60,0.00,,
2022-08-25,74,89,60,0.00,,
2022-08-26,72,85,,0.00,,
2022-08-27,70,85,,0.00,,
2022-08-28,69,87,54,0.00,,
2022-08-29,65,,57,,,
2022-08-30,62,71,56,0.06,,
2022-08-31,59,69,49,0.03,,
2022-09-01,54,66,,0.00,,
2022-09-02,51,66,36,0.00,,
2022-09-03,56,69,40,0.00,,
2022-09-04,57,67,,0.00,,
2022-09-05,50,64,,0.00,,
2022-09-06,48,65,33,0.00,,
2022-09-07,50,67,33,0.00,,
2022-09-08,54,68,35,0.00,,
2022-09-09,51,59,48,0.28,,
2022-09-10,51,54,,0.00,,
2022-09-11,48,51,47,1.21,,
2022-09-12,51,56,48,0.56,,
2022-09-13,53,61,49,0.04,,
2022-09-14,56,67,,0.02,,
2022-09-15,56,65,48,0.00,,
2022-09-16,53,62,,0.00,,
2022-09-17,49,58,,,,
2022-09-18,50,60,41,,,
2022-09-19,50,51,48,0.28,,
2022-09-20,52,60,47,0.04,,
2022-09-21,51,58,47,0.09,,
2022-09-22,49,55,,0.01,,
2022-09-23,47,55,,0.18,,
2022-09-24,45,59,35,0.00,,
2022-09-25,47,60,34,,,
2022-09-26,52,,,,,
2022-09-27,50,56,41,,,
2022-09-28,49,55,,0.04,,
2022-09-29,46,53,,0.61,,
2022-09-30,45,55,33,0.00,,
2022-10-01,50,58,47,0.36,,
2022-10-02,50,56,,0.03,,
2022-10-03,50,52,45,0.04,,
2022-10-04,52,60,,0.06,,
2022-10-05,52,60,44,0.00,,
2022-10-06,53,66,,0.00,,
2022-10-07,48,62,36,0.00,,
2022-10-08,56,64,42,,,
2022-10-09,49,60,,0.19,,
2022-10-10,44,58,33,0.00,,
2022-10-11,46,58,,,,
2022-10-12,45,54,34,,,
2022-10-13,44,58,33,,,
2022-10-14,47,59,34,,,
2022-10-15,53,62,43,,,
2022-10-16,57,63,51,0.00,,
2022-10-17,57,67,49,0.00,,
2022-10-18,56,63,51,0.00,,
2022-10-19,46,54,,0.54,,
2022-10-20,41,48,32,0.05,,
2022-10-21,42,50,30,0.00,,
2022-10-22,47,,42,0.00,,
2022-10-23,54,57,49,0.17,,
2022-10-24,52,55,49,0.01,,
2022-10-25,54,57,51,0.24,,
2022-10-26,51,55,,0.06,,
2022-10-27,46,55,42,0.00,,
2022-10-28,51,54,42,0.00,,
2022-10-29,55,61,49,0.00,,
2022-10-30,49,55,,0.00,,
2022-10-31,43,55,35,0.00,,
2022-11-01,44,47,36,,,
2022-11-02,49,55,,0.01,,
2022-11-03,43,50,,0.07,,
2022-11-04,40,50,30,0.00,,
2022-11-05,42,44,,,,
2022-11-06,40,46,,0.53,,
2022-11-07,42,48,31,0.00,,
2022-11-08,46,52,,,,
2022-11-09,44,51,39,,,
2022-11-10,45,49,38,,,
2022-11-11,46,49,40,0.17,,
2022-11-12,49,49,48,0.00,,
2022-11-13,49,53,,0.01,,
2022-11-14,43,51,36,0.00,,
2022-11-15,41,42,40,,,
2022-11-16,37,41,,0.01,,
2022-11-17,30,36,26,0.00,,
2022-11-18,26,29,,0.01,,
2022-11-19,20,26,,0.79,,
2022-11-20,25,30,13,0.00,,0.8
2022-11-21,29,32,23,,,0.8
2022-11-22,26,29,19,,,0.8
2022-11-23,26,27,24,0.79,,
2022-11-24,27,28,25,0.79,,
2022-11-25,28,29,25,0.03,,
2022-11-26,29,30,27,1.57,,
2022-11-27,31,32,29,1.18,,
2022-11-28,33,35,32,0.79,,
2022-11-29,32,33,31,0.00,,
2022-11-30,33,34,,,,
2022-12-01,29,33,,,,
2022-12-02,23,27,,,,
2022-12-03,27,30,20,,,
2022-12-04,31,32,,,,
2022-12-05,29,30,27,,,
2022-12-06,30,31,29,,,
2022-12-07,32,33,30,0.05,,
2022-12-08,31,33,26,0.19,,
2022-12-09,28,36,24,0.00,,2.4
2022-12-10,30,,26,2.36,,
2022-12-11,26,29,,,,
2022-12-12,26,,20,0.31,,
2022-12-13,27,32,,0.01,,7.1
2022-12-14,16,25,9,,,
2022-12-15,22,24,12,0.01,,
2022-12-16,24,25,21,,,
2022-12-17,20,24,,0.04,,
2022-12-18,15,18,10,,,
2022-12-19,16,,13,,,6.7
2022-12-20,32,,15,0.12,,
2022-12-21,35,36,34,0.05,,
2022-12-22,36,37,34,0.04,,
2022-12-23,38,40,,0.08,,
2022-12-24,35,37,,0.14,,
2022-12-25,33,34,32,0.00,,
2022-12-26,38,,33,0.01,,
2022-12-27,39,45,,0.47,,
2022-12-28,36,,32,0.00,,
2022-12-29,40,44,36,0.09,,
2022-12-30,40,46,,0.00,,
2022-12-31,44,,30,,,
2023-01-01,56,61,,,,
2023-01-02,48,58,45,0.00,,
2023-01-03,44,51,,0.00,,
2023-01-04,37,,34,0.05,,
2023-01-05,42,46,,0.34,,
2023-01-06,23,42,22,0.20,,
2023-01-07,26,,22,0.02,,
2023-01-08,31,35,28,0.00,,1.2
2023-01-09,34,,31,0.00,,0.8
2023-01-10,37,39,,0.08,,
2023-01-11,34,,33,0.25,,
2023-01-12,39,42,35,0.00,,
2023-01-13,39,,35,,,
2023-01-14,40,44,,0.10,,
2023-01-15,38,41,35,0.00,,
2023-01-16,36,40,34,0.41,,
2023-01-17,37,40,33,0.15,,
2023-01-18,35,41,33,0.02,,
2023-01-19,34,37,,0.41,,
2023-01-20,33,33,32,0.26,,0.4
2023-01-21,33,35,32,0.14,,
2023-01-22,33,34,,0.05,,
2023-01-23,33,34,31,0.00,,
2023-01-24,33,36,,0.00,,
2023-01-25,29,34,29,0.00,,
2023-01-26,31,33,29,,,
2023-01-27,31,32,29,0.00,,0.4
2023-01-28,31,31,,0.01,,0.4
2023-01-29,29,,27,0.39,,
2023-01-30,32,,31,0.01,,0.4
2023-01-31,35,37,,0.07,,
2023-02-01,35,37,31,0.11,,
2023-02-02,34,38,,0.06,,
2023-02-03,30,34,29,0.08,,
2023-02-04,28,29,26,0.00,,
2023-02-05,25,30,,,,
2023-02-06,26,32,16,,,
2023-02-07,32,33,,,,
2023-02-08,30,34,,,,
2023-02-09,27,33,20,,,
2023-02-10,31,,27,,,
2023-02-11,35,40,31,,,
2023-02-12,31,40,26,0.04,,
2023-02-13,39,43,30,0.00,,
2023-02-14,38,45,33,,,
2023-02-15,34,36,31,,,
2023-02-16,33,,30,,,
2023-02-17,39,,35,0.02,,
2023-02-18,42,46,,0.52,,
2023-02-19,36,42,,0.00,,
2023-02-20,36,,31,,,
2023-02-21,39,43,,0.65,,
2023-02-22,31,38,,0.06,,
2023-02-23,31,35,27,0.00,,
2023-02-24,37,42,,,,
2023-02-25,34,40,31,0.09,,
2023-02-26,29,35,,0.12,,
2023-02-27,27,,19,0.39,,
2023-02-28,28,36,16,0.00,,
2023-03-01,33,38,30,,,
2023-03-02,35,43,,,,
2023-03-03,33,36,30,,,
2023-03-04,31,38,25,,,
2023-03-05,29,35,24,0.00,,
2023-03-06,29,36,21,0.39,,
2023-03-07,32,,24,0.02,,
2023-03-08,33,39,,0.03,,
2023-03-09,32,35,28,0.00,,
2023-03-10,32,,27,0.02,,
2023-03-11,36,46,,0.44,,
2023-03-12,30,35,,0.02,,
2023-03-13,36,,20,0.03,,0.4
2023-03-14,50,60,43,0.13,,
2023-03-15,39,50,,0.02,,
2023-03-16,33,44,,0.00,,
2023-03-17,35,47,21,,,
2023-03-18,41,50,30,,,
2023-03-19,44,57,34,,,
2023-03-20,47,60,31,,,
2023-03-21,44,53,,0.22,,
2023-03-22,44,55,27,0.00,,
2023-03-23,53,64,45,,,
2023-03-24,51,58,38,0.06,,
2023-03-25,49,57,39,0.44,,
2023-03-26,42,48,,0.14,,
2023-03-27,38,44,,0.09,,
2023-03-28,31,40,26,0.00,,
2023-03-29,33,43,26,,,
2023-03-30,42,52,29,,,
2023-03-31,48,57,,0.08,,
2023-04-01,46,51,,0.23,,
2023-04-02,38,45,,0.15,,
2023-04-03,34,41,28,0.00,,
2023-04-04,30,36,25,,,
2023-04-05,33,37,28,0.06,,
2023-04-06,37,,32,0.01,,
2023-04-07,47,57,,0.00,,
2023-04-08,44,56,28,,,
2023-04-09,50,62,38,,,
2023-04-10,50,64,37,0.14,,
2023-04-11,49,,36,0.00,,
2023-04-12,52,61,39,0.00,,
2023-04-13,50,54,47,0.02,,
2023-04-14,51,55,49,0.04,,
2023-04-15,46,51,,0.00,,
2023-04-16,45,54,38,0.26,,
2023-04-17,48,54,39,0.00,,
2023-04-18,52,60,46,,,
2023-04-19,51,61,44,,,
2023-04-20,56,66,,,,
2023-04-21,53,65,37,0.00,,
2023-04-22,51,64,37,0.00,,
2023-04-23,55,69,38,0.00,,
2023-04-24,59,71,44,0.00,,
2023-04-25,53,65,,0.04,,
2023-04-26,42,51,35,0.56,,
